transaction_id,customer_id,amount,failure_reason,attempts,customer_type,recovery_score,recovery_risk,priority_score,priority,recommended_action
TXN10000,CUST1099,873.17,TEMPORARY_BANK_ERROR,3,RETURNING,35,LOW,30,LOW,STOP_AND_ESCALATE
TXN10001,CUST1048,7206.46,AUTHENTICATION_FAILURE,2,NEW,40,MEDIUM,45,MEDIUM,CUSTOMER_PROMPT
TXN10002,CUST1130,11866.63,AUTHENTICATION_FAILURE,4,RETURNING,35,LOW,60,MEDIUM,STOP_AND_ESCALATE
TXN10003,CUST1091,7441.78,CARD_EXPIRED,1,LOYAL,60,MEDIUM,60,MEDIUM,CUSTOMER_PROMPT
TXN10004,CUST1053,29807.08,INSUFFICIENT_FUNDS,4,NEW,25,LOW,60,MEDIUM,STOP_AND_ESCALATE
TXN10005,CUST1214,3478.65,CARD_EXPIRED,2,RETURNING,35,LOW,35,LOW,CUSTOMER_PROMPT
TXN10006,CUST1040,1136.5,AUTHENTICATION_FAILURE,1,RETURNING,45,MEDIUM,40,MEDIUM,CUSTOMER_PROMPT
TXN10007,CUST1162,732.29,INSUFFICIENT_FUNDS,3,RETURNING,20,LOW,30,LOW,STOP_AND_ESCALATE
TXN10008,CUST1061,6847.07,CARD_EXPIRED,4,NEW,20,LOW,50,MEDIUM,STOP_AND_ESCALATE
TXN10009,CUST1217,35502.3,TEMPORARY_BANK_ERROR,2,RETURNING,85,HIGH,90,HIGH,RETRY
TXN10010,CUST1240,11617.34,INSUFFICIENT_FUNDS,3,RETURNING,20,LOW,55,MEDIUM,STOP_AND_ESCALATE
TXN10011,CUST1186,46302.66,NETWORK_ERROR,4,RETURNING,45,MEDIUM,70,HIGH,STOP_AND_ESCALATE
TXN10012,CUST1127,9042.86,INSUFFICIENT_FUNDS,4,RETURNING,20,LOW,45,MEDIUM,STOP_AND_ESCALATE
TXN10013,CUST1197,1652.39,INSUFFICIENT_FUNDS,4,RETURNING,15,LOW,30,LOW,STOP_AND_ESCALATE
TXN10014,CUST1112,18884.31,UNKNOWN,2,RETURNING,70,HIGH,70,HIGH,REMINDER
TXN10015,CUST1001,19875.04,TEMPORARY_BANK_ERROR,4,RETURNING,60,MEDIUM,75,HIGH,STOP_AND_ESCALATE
TXN10016,CUST1246,1103.82,TEMPORARY_BANK_ERROR,4,RETURNING,40,MEDIUM,40,MEDIUM,STOP_AND_ESCALATE
TXN10017,CUST1239,19505.5,NETWORK_ERROR,2,LOYAL,100,HIGH,80,HIGH,RETRY
TXN10018,CUST1198,1636.02,TEMPORARY_BANK_ERROR,3,LOYAL,55,MEDIUM,50,MEDIUM,STOP_AND_ESCALATE
TXN10019,CUST1297,7526.81,INSUFFICIENT_FUNDS,1,LOYAL,85,HIGH,80,HIGH,PAYMENT_LINK
TXN10020,CUST1036,663.29,TEMPORARY_BANK_ERROR,4,RETURNING,35,LOW,30,LOW,STOP_AND_ESCALATE
TXN10021,CUST1115,21154.85,CARD_EXPIRED,2,RETURNING,55,MEDIUM,65,MEDIUM,CUSTOMER_PROMPT
TXN10022,CUST1193,3292.87,UNKNOWN,1,NEW,40,MEDIUM,30,LOW,REMINDER
TXN10023,CUST1134,1444.41,INSUFFICIENT_FUNDS,4,NEW,20,LOW,30,LOW,STOP_AND_ESCALATE
TXN10024,CUST1050,31701.61,INSUFFICIENT_FUNDS,2,RETURNING,65,MEDIUM,75,HIGH,PAYMENT_LINK
TXN10025,CUST1146,7048.48,AUTHENTICATION_FAILURE,1,RETURNING,45,MEDIUM,50,MEDIUM,CUSTOMER_PROMPT
TXN10026,CUST1180,8147.66,CARD_EXPIRED,4,LOYAL,30,LOW,55,MEDIUM,STOP_AND_ESCALATE
TXN10027,CUST1222,1229.13,INSUFFICIENT_FUNDS,3,RETURNING,40,MEDIUM,55,MEDIUM,STOP_AND_ESCALATE
TXN10028,CUST1272,9439.2,INSUFFICIENT_FUNDS,3,RETURNING,20,LOW,45,MEDIUM,STOP_AND_ESCALATE
TXN10029,CUST1035,38356.44,INSUFFICIENT_FUNDS,2,RETURNING,50,MEDIUM,70,HIGH,PAYMENT_LINK
TXN10030,CUST1050,7199.06,INSUFFICIENT_FUNDS,2,LOYAL,75,HIGH,70,HIGH,PAYMENT_LINK
TXN10031,CUST1100,6340.61,TEMPORARY_BANK_ERROR,2,LOYAL,80,HIGH,65,MEDIUM,RETRY
TXN10032,CUST1143,1139.04,TEMPORARY_BANK_ERROR,4,RETURNING,40,MEDIUM,40,MEDIUM,STOP_AND_ESCALATE
TXN10033,CUST1116,1955.53,INSUFFICIENT_FUNDS,3,RETURNING,15,LOW,30,LOW,STOP_AND_ESCALATE
TXN10034,CUST1088,344.57,INSUFFICIENT_FUNDS,4,NEW,5,LOW,15,LOW,STOP_AND_ESCALATE
TXN10035,CUST1143,48194.61,AUTHENTICATION_FAILURE,3,RETURNING,40,MEDIUM,85,HIGH,STOP_AND_ESCALATE
TXN10036,CUST1217,484.56,CARD_EXPIRED,4,NEW,15,LOW,20,LOW,STOP_AND_ESCALATE
TXN10037,CUST1179,8454.5,TEMPORARY_BANK_ERROR,2,RETURNING,80,HIGH,60,MEDIUM,RETRY
TXN10038,CUST1159,873.3,TEMPORARY_BANK_ERROR,4,RETURNING,55,MEDIUM,40,MEDIUM,STOP_AND_ESCALATE
TXN10039,CUST1167,1891.41,CARD_EXPIRED,4,RETURNING,30,LOW,50,MEDIUM,STOP_AND_ESCALATE
TXN10040,CUST1263,12774.45,TEMPORARY_BANK_ERROR,3,RETURNING,60,MEDIUM,65,MEDIUM,STOP_AND_ESCALATE
TXN10041,CUST1216,23624.98,NETWORK_ERROR,2,RETURNING,70,HIGH,65,MEDIUM,RETRY
TXN10042,CUST1095,1645.27,UNKNOWN,4,RETURNING,35,LOW,40,MEDIUM,STOP_AND_ESCALATE
TXN10043,CUST1061,812.45,NETWORK_ERROR,1,RETURNING,70,HIGH,40,MEDIUM,RETRY
TXN10044,CUST1283,21905.41,UNKNOWN,3,RETURNING,30,LOW,55,MEDIUM,STOP_AND_ESCALATE
TXN10045,CUST1052,32937.52,INSUFFICIENT_FUNDS,1,NEW,55,MEDIUM,65,MEDIUM,PAYMENT_LINK
TXN10046,CUST1234,8316.16,AUTHENTICATION_FAILURE,1,LOYAL,80,HIGH,80,HIGH,CUSTOMER_PROMPT
TXN10047,CUST1282,9748.25,CARD_EXPIRED,2,RETURNING,40,MEDIUM,50,MEDIUM,CUSTOMER_PROMPT
TXN10048,CUST1216,13393.51,INSUFFICIENT_FUNDS,4,RETURNING,45,MEDIUM,75,HIGH,STOP_AND_ESCALATE
TXN10049,CUST1125,38327.25,NETWORK_ERROR,2,RETURNING,70,HIGH,75,HIGH,RETRY
TXN10050,CUST1189,2090.82,TEMPORARY_BANK_ERROR,1,RETURNING,85,HIGH,50,MEDIUM,RETRY
TXN10051,CUST1148,919.4,CARD_EXPIRED,1,NEW,30,LOW,20,LOW,CUSTOMER_PROMPT
TXN10052,CUST1000,46764.63,AUTHENTICATION_FAILURE,1,RETURNING,65,MEDIUM,85,HIGH,CUSTOMER_PROMPT
TXN10053,CUST1155,1328.6,UNKNOWN,4,LOYAL,55,MEDIUM,55,MEDIUM,STOP_AND_ESCALATE
TXN10054,CUST1144,3357.27,UNKNOWN,4,NEW,10,LOW,20,LOW,STOP_AND_ESCALATE
TXN10055,CUST1009,702.57,CARD_EXPIRED,2,NEW,45,MEDIUM,40,MEDIUM,CUSTOMER_PROMPT
TXN10056,CUST1281,11808.75,CARD_EXPIRED,4,RETURNING,20,LOW,55,MEDIUM,STOP_AND_ESCALATE
TXN10057,CUST1005,884.6,INSUFFICIENT_FUNDS,1,NEW,50,MEDIUM,30,LOW,PAYMENT_LINK
TXN10058,CUST1084,39996.43,NETWORK_ERROR,2,RETURNING,70,HIGH,75,HIGH,RETRY
TXN10059,CUST1071,1009.98,NETWORK_ERROR,4,NEW,45,MEDIUM,45,MEDIUM,STOP_AND_ESCALATE
TXN10060,CUST1250,29048.43,CARD_EXPIRED,4,RETURNING,35,LOW,70,HIGH,STOP_AND_ESCALATE
TXN10061,CUST1251,11151.31,NETWORK_ERROR,3,RETURNING,60,MEDIUM,65,MEDIUM,STOP_AND_ESCALATE
TXN10062,CUST1029,35465.77,NETWORK_ERROR,1,RETURNING,90,HIGH,80,HIGH,RETRY
TXN10063,CUST1261,8898.05,NETWORK_ERROR,4,LOYAL,70,HIGH,70,HIGH,STOP_AND_ESCALATE
TXN10064,CUST1007,35336.03,INSUFFICIENT_FUNDS,4,NEW,10,LOW,50,MEDIUM,STOP_AND_ESCALATE
TXN10065,CUST1004,26466.45,TEMPORARY_BANK_ERROR,2,RETURNING,90,HIGH,90,HIGH,RETRY
TXN10066,CUST1217,4780.61,INSUFFICIENT_FUNDS,2,NEW,50,MEDIUM,45,MEDIUM,PAYMENT_LINK
TXN10067,CUST1291,1441.71,CARD_EXPIRED,3,RETURNING,15,LOW,30,LOW,STOP_AND_ESCALATE
TXN10068,CUST1215,17380.84,AUTHENTICATION_FAILURE,2,RETURNING,45,MEDIUM,60,MEDIUM,CUSTOMER_PROMPT
TXN10069,CUST1273,15909.56,CARD_EXPIRED,3,RETURNING,20,LOW,55,MEDIUM,STOP_AND_ESCALATE
TXN10070,CUST1125,1004.34,TEMPORARY_BANK_ERROR,1,RETURNING,90,HIGH,60,MEDIUM,RETRY
TXN10071,CUST1110,9123.33,AUTHENTICATION_FAILURE,4,RETURNING,15,LOW,40,MEDIUM,STOP_AND_ESCALATE
TXN10072,CUST1228,1540.79,NETWORK_ERROR,2,RETURNING,65,MEDIUM,40,MEDIUM,RETRY
TXN10073,CUST1136,2060.27,TEMPORARY_BANK_ERROR,2,NEW,50,MEDIUM,30,LOW,RETRY
TXN10074,CUST1093,26415.87,UNKNOWN,4,LOYAL,45,MEDIUM,80,HIGH,STOP_AND_ESCALATE
TXN10075,CUST1117,47175.04,INSUFFICIENT_FUNDS,4,RETURNING,35,LOW,70,HIGH,STOP_AND_ESCALATE
TXN10076,CUST1258,39449.89,INSUFFICIENT_FUNDS,1,RETURNING,55,MEDIUM,70,HIGH,PAYMENT_LINK
TXN10077,CUST1100,15376.59,INSUFFICIENT_FUNDS,2,RETURNING,60,MEDIUM,65,MEDIUM,PAYMENT_LINK
TXN10078,CUST1136,2933.45,TEMPORARY_BANK_ERROR,1,RETURNING,70,HIGH,45,MEDIUM,RETRY
TXN10079,CUST1285,5033.45,TEMPORARY_BANK_ERROR,1,NEW,70,HIGH,50,MEDIUM,RETRY
TXN10080,CUST1294,3491.05,INSUFFICIENT_FUNDS,2,RETURNING,45,MEDIUM,40,MEDIUM,PAYMENT_LINK
TXN10081,CUST1103,1483.81,AUTHENTICATION_FAILURE,1,RETURNING,65,MEDIUM,55,MEDIUM,CUSTOMER_PROMPT
TXN10082,CUST1288,27261.13,NETWORK_ERROR,4,RETURNING,45,MEDIUM,70,HIGH,STOP_AND_ESCALATE
TXN10083,CUST1085,9150.25,TEMPORARY_BANK_ERROR,3,RETURNING,60,MEDIUM,65,MEDIUM,STOP_AND_ESCALATE
TXN10084,CUST1156,5951.36,CARD_EXPIRED,4,LOYAL,45,MEDIUM,65,MEDIUM,STOP_AND_ESCALATE
TXN10085,CUST1282,1170.75,AUTHENTICATION_FAILURE,4,RETURNING,30,LOW,40,MEDIUM,STOP_AND_ESCALATE
TXN10086,CUST1140,3452.6,INSUFFICIENT_FUNDS,2,NEW,30,LOW,25,LOW,PAYMENT_LINK
TXN10087,CUST1126,20240.62,UNKNOWN,1,LOYAL,90,HIGH,80,HIGH,REMINDER
TXN10088,CUST1100,6609.73,UNKNOWN,2,NEW,35,LOW,35,LOW,REMINDER
TXN10089,CUST1136,1971.71,AUTHENTICATION_FAILURE,4,RETURNING,15,LOW,30,LOW,STOP_AND_ESCALATE
TXN10090,CUST1016,34148.86,CARD_EXPIRED,2,RETURNING,60,MEDIUM,85,HIGH,CUSTOMER_PROMPT
TXN10091,CUST1284,2262.74,TEMPORARY_BANK_ERROR,1,NEW,70,HIGH,40,MEDIUM,RETRY
TXN10092,CUST1062,1244.06,UNKNOWN,1,RETURNING,65,MEDIUM,45,MEDIUM,REMINDER
TXN10093,CUST1284,1993.37,TEMPORARY_BANK_ERROR,3,RETURNING,35,LOW,35,LOW,STOP_AND_ESCALATE
TXN10094,CUST1112,43462.59,NETWORK_ERROR,2,NEW,75,HIGH,80,HIGH,RETRY
TXN10095,CUST1161,920.37,UNKNOWN,4,RETURNING,25,LOW,30,LOW,STOP_AND_ESCALATE
TXN10096,CUST1254,2203.07,TEMPORARY_BANK_ERROR,3,LOYAL,75,HIGH,70,HIGH,STOP_AND_ESCALATE
TXN10097,CUST1119,41996.64,NETWORK_ERROR,3,LOYAL,75,HIGH,90,HIGH,STOP_AND_ESCALATE
TXN10098,CUST1160,9700.23,INSUFFICIENT_FUNDS,2,NEW,45,MEDIUM,45,MEDIUM,PAYMENT_LINK
TXN10099,CUST1194,573.2,UNKNOWN,1,RETURNING,65,MEDIUM,40,MEDIUM,REMINDER
TXN10100,CUST1279,4144.24,INSUFFICIENT_FUNDS,4,RETURNING,35,LOW,50,MEDIUM,STOP_AND_ESCALATE
TXN10101,CUST1236,49414.69,AUTHENTICATION_FAILURE,1,RETURNING,45,MEDIUM,70,HIGH,CUSTOMER_PROMPT
TXN10102,CUST1127,3743.97,NETWORK_ERROR,1,LOYAL,85,HIGH,55,MEDIUM,RETRY
TXN10103,CUST1026,410.95,CARD_EXPIRED,3,RETURNING,30,LOW,35,LOW,STOP_AND_ESCALATE
TXN10104,CUST1189,1819.03,AUTHENTICATION_FAILURE,1,RETURNING,45,MEDIUM,40,MEDIUM,CUSTOMER_PROMPT
TXN10105,CUST1295,16651.33,AUTHENTICATION_FAILURE,2,NEW,30,LOW,45,MEDIUM,CUSTOMER_PROMPT
TXN10106,CUST1249,38861.31,UNKNOWN,2,LOYAL,85,HIGH,90,HIGH,REMINDER
TXN10107,CUST1072,33803.12,TEMPORARY_BANK_ERROR,1,LOYAL,90,HIGH,85,HIGH,RETRY
TXN10108,CUST1171,29819.65,TEMPORARY_BANK_ERROR,3,RETURNING,60,MEDIUM,85,HIGH,STOP_AND_ESCALATE
TXN10109,CUST1011,1940.86,UNKNOWN,1,NEW,40,MEDIUM,30,LOW,REMINDER
TXN10110,CUST1088,1174.42,NETWORK_ERROR,2,RETURNING,80,HIGH,50,MEDIUM,RETRY
TXN10111,CUST1085,7544.71,AUTHENTICATION_FAILURE,1,NEW,45,MEDIUM,45,MEDIUM,CUSTOMER_PROMPT
TXN10112,CUST1102,1846.88,INSUFFICIENT_FUNDS,1,NEW,55,MEDIUM,45,MEDIUM,PAYMENT_LINK
TXN10113,CUST1038,265.61,AUTHENTICATION_FAILURE,2,NEW,40,MEDIUM,30,LOW,CUSTOMER_PROMPT
TXN10114,CUST1226,766.52,CARD_EXPIRED,2,RETURNING,35,LOW,30,LOW,CUSTOMER_PROMPT
TXN10115,CUST1244,1765.18,NETWORK_ERROR,3,RETURNING,40,MEDIUM,40,MEDIUM,STOP_AND_ESCALATE
TXN10116,CUST1176,1062.61,INSUFFICIENT_FUNDS,4,RETURNING,30,LOW,40,MEDIUM,STOP_AND_ESCALATE
TXN10117,CUST1139,4836.62,INSUFFICIENT_FUNDS,1,NEW,35,LOW,25,LOW,PAYMENT_LINK
TXN10118,CUST1198,8383.12,AUTHENTICATION_FAILURE,2,LOYAL,55,MEDIUM,60,MEDIUM,CUSTOMER_PROMPT
TXN10119,CUST1217,47709.27,AUTHENTICATION_FAILURE,2,NEW,30,LOW,55,MEDIUM,CUSTOMER_PROMPT
TXN10120,CUST1240,265.12,TEMPORARY_BANK_ERROR,1,NEW,75,HIGH,45,MEDIUM,RETRY
TXN10121,CUST1088,5169.54,CARD_EXPIRED,2,LOYAL,55,MEDIUM,60,MEDIUM,CUSTOMER_PROMPT
TXN10122,CUST1169,1266.29,TEMPORARY_BANK_ERROR,1,RETURNING,85,HIGH,60,MEDIUM,RETRY
TXN10123,CUST1089,32034.29,INSUFFICIENT_FUNDS,4,RETURNING,25,LOW,65,MEDIUM,STOP_AND_ESCALATE
TXN10124,CUST1185,1157.68,AUTHENTICATION_FAILURE,4,LOYAL,30,LOW,45,MEDIUM,STOP_AND_ESCALATE
TXN10125,CUST1058,1227.37,AUTHENTICATION_FAILURE,4,RETURNING,30,LOW,40,MEDIUM,STOP_AND_ESCALATE
TXN10126,CUST1234,1760.13,AUTHENTICATION_FAILURE,2,LOYAL,55,MEDIUM,50,MEDIUM,CUSTOMER_PROMPT
TXN10127,CUST1257,5723.29,TEMPORARY_BANK_ERROR,3,NEW,25,LOW,35,LOW,STOP_AND_ESCALATE
TXN10128,CUST1162,1696.84,AUTHENTICATION_FAILURE,4,RETURNING,10,LOW,30,LOW,STOP_AND_ESCALATE
TXN10129,CUST1241,430.21,UNKNOWN,1,LOYAL,85,HIGH,55,MEDIUM,REMINDER
TXN10130,CUST1269,1904.14,TEMPORARY_BANK_ERROR,4,RETURNING,35,LOW,35,LOW,STOP_AND_ESCALATE
TXN10131,CUST1078,39986.07,TEMPORARY_BANK_ERROR,3,RETURNING,65,MEDIUM,85,HIGH,STOP_AND_ESCALATE
TXN10132,CUST1270,4019.82,UNKNOWN,3,RETURNING,25,LOW,35,LOW,STOP_AND_ESCALATE
TXN10133,CUST1235,7548.76,NETWORK_ERROR,3,RETURNING,60,MEDIUM,65,MEDIUM,STOP_AND_ESCALATE
TXN10134,CUST1057,255.34,NETWORK_ERROR,1,RETURNING,90,HIGH,55,MEDIUM,RETRY
TXN10135,CUST1144,1808.38,AUTHENTICATION_FAILURE,4,RETURNING,15,LOW,30,LOW,STOP_AND_ESCALATE
TXN10136,CUST1045,3229.11,NETWORK_ERROR,4,RETURNING,50,MEDIUM,45,MEDIUM,STOP_AND_ESCALATE
TXN10137,CUST1213,2009.85,AUTHENTICATION_FAILURE,4,RETURNING,15,LOW,30,LOW,STOP_AND_ESCALATE
TXN10138,CUST1094,41902.36,TEMPORARY_BANK_ERROR,2,LOYAL,85,HIGH,85,HIGH,RETRY
TXN10139,CUST1045,7255.21,AUTHENTICATION_FAILURE,4,LOYAL,30,LOW,55,MEDIUM,STOP_AND_ESCALATE
TXN10140,CUST1232,455.49,UNKNOWN,1,RETURNING,75,HIGH,55,MEDIUM,REMINDER
TXN10141,CUST1105,2265.59,AUTHENTICATION_FAILURE,2,RETURNING,40,MEDIUM,40,MEDIUM,CUSTOMER_PROMPT
TXN10142,CUST1203,35457.21,UNKNOWN,3,LOYAL,45,MEDIUM,80,HIGH,STOP_AND_ESCALATE
TXN10143,CUST1021,7711.98,TEMPORARY_BANK_ERROR,4,RETURNING,55,MEDIUM,55,MEDIUM,STOP_AND_ESCALATE
TXN10144,CUST1242,7147.98,TEMPORARY_BANK_ERROR,3,RETURNING,35,LOW,45,MEDIUM,STOP_AND_ESCALATE
TXN10145,CUST1210,593.59,TEMPORARY_BANK_ERROR,4,RETURNING,60,MEDIUM,50,MEDIUM,STOP_AND_ESCALATE
TXN10146,CUST1212,48991.73,NETWORK_ERROR,1,NEW,75,HIGH,70,HIGH,RETRY
TXN10147,CUST1116,7940.91,CARD_EXPIRED,4,LOYAL,30,LOW,55,MEDIUM,STOP_AND_ESCALATE
TXN10148,CUST1236,6848.9,AUTHENTICATION_FAILURE,2,RETURNING,35,LOW,45,MEDIUM,CUSTOMER_PROMPT
TXN10149,CUST1001,8687.15,AUTHENTICATION_FAILURE,2,RETURNING,40,MEDIUM,50,MEDIUM,CUSTOMER_PROMPT
TXN10150,CUST1129,8834.23,INSUFFICIENT_FUNDS,4,NEW,20,LOW,40,MEDIUM,STOP_AND_ESCALATE
TXN10151,CUST1286,7216.33,INSUFFICIENT_FUNDS,4,LOYAL,35,LOW,55,MEDIUM,STOP_AND_ESCALATE
TXN10152,CUST1170,2587.9,CARD_EXPIRED,1,RETURNING,60,MEDIUM,45,MEDIUM,CUSTOMER_PROMPT
TXN10153,CUST1043,1906.45,NETWORK_ERROR,1,RETURNING,90,HIGH,60,MEDIUM,RETRY
TXN10154,CUST1281,32325.61,UNKNOWN,1,NEW,45,MEDIUM,60,MEDIUM,REMINDER
TXN10155,CUST1180,269.82,AUTHENTICATION_FAILURE,2,NEW,25,LOW,20,LOW,MANUAL_REVIEW
TXN10156,CUST1293,1062.81,AUTHENTICATION_FAILURE,4,RETURNING,10,LOW,30,LOW,STOP_AND_ESCALATE
TXN10157,CUST1156,2239.76,TEMPORARY_BANK_ERROR,1,NEW,75,HIGH,50,MEDIUM,RETRY
TXN10158,CUST1144,8944.27,UNKNOWN,2,RETURNING,50,MEDIUM,50,MEDIUM,REMINDER
TXN10159,CUST1141,40740.77,UNKNOWN,1,LOYAL,95,HIGH,100,HIGH,REMINDER
TXN10160,CUST1268,7209.21,INSUFFICIENT_FUNDS,1,LOYAL,65,MEDIUM,60,MEDIUM,PAYMENT_LINK
TXN10161,CUST1278,6535.56,UNKNOWN,3,RETURNING,40,MEDIUM,55,MEDIUM,STOP_AND_ESCALATE
TXN10162,CUST1092,8541.86,INSUFFICIENT_FUNDS,4,RETURNING,20,LOW,45,MEDIUM,STOP_AND_ESCALATE
TXN10163,CUST1264,3900.12,TEMPORARY_BANK_ERROR,2,NEW,50,MEDIUM,30,LOW,RETRY
TXN10164,CUST1227,8905.81,TEMPORARY_BANK_ERROR,4,LOYAL,70,HIGH,70,HIGH,STOP_AND_ESCALATE
TXN10165,CUST1116,8118.3,TEMPORARY_BANK_ERROR,3,RETURNING,35,LOW,45,MEDIUM,STOP_AND_ESCALATE
TXN10166,CUST1051,47081.38,INSUFFICIENT_FUNDS,2,NEW,35,LOW,55,MEDIUM,PAYMENT_LINK
TXN10167,CUST1262,9435.92,INSUFFICIENT_FUNDS,1,RETURNING,60,MEDIUM,55,MEDIUM,PAYMENT_LINK
TXN10168,CUST1262,31006.54,AUTHENTICATION_FAILURE,2,RETURNING,55,MEDIUM,75,HIGH,CUSTOMER_PROMPT
TXN10169,CUST1008,31059.97,CARD_EXPIRED,2,LOYAL,60,MEDIUM,80,HIGH,CUSTOMER_PROMPT
TXN10170,CUST1151,3398.01,AUTHENTICATION_FAILURE,3,LOYAL,45,MEDIUM,55,MEDIUM,STOP_AND_ESCALATE
TXN10171,CUST1107,5389.48,INSUFFICIENT_FUNDS,2,RETURNING,55,MEDIUM,55,MEDIUM,PAYMENT_LINK
TXN10172,CUST1076,1752.03,TEMPORARY_BANK_ERROR,3,RETURNING,40,MEDIUM,40,MEDIUM,STOP_AND_ESCALATE
TXN10173,CUST1240,49511.42,INSUFFICIENT_FUNDS,2,RETURNING,45,MEDIUM,70,HIGH,PAYMENT_LINK
TXN10174,CUST1163,4728.38,INSUFFICIENT_FUNDS,2,RETURNING,60,MEDIUM,45,MEDIUM,PAYMENT_LINK
TXN10175,CUST1026,544.36,AUTHENTICATION_FAILURE,2,RETURNING,40,MEDIUM,35,LOW,CUSTOMER_PROMPT
TXN10176,CUST1171,33712.48,INSUFFICIENT_FUNDS,2,RETURNING,65,MEDIUM,75,HIGH,PAYMENT_LINK
TXN10177,CUST1286,6461.71,AUTHENTICATION_FAILURE,4,RETURNING,30,LOW,50,MEDIUM,STOP_AND_ESCALATE
TXN10178,CUST1002,3363.65,TEMPORARY_BANK_ERROR,4,RETURNING,40,MEDIUM,40,MEDIUM,STOP_AND_ESCALATE
TXN10179,CUST1083,3876.9,NETWORK_ERROR,1,LOYAL,85,HIGH,55,MEDIUM,RETRY
TXN10180,CUST1150,1321.45,NETWORK_ERROR,2,RETURNING,65,MEDIUM,40,MEDIUM,RETRY
TXN10181,CUST1195,13505.71,INSUFFICIENT_FUNDS,4,NEW,10,LOW,40,MEDIUM,STOP_AND_ESCALATE
TXN10182,CUST1165,41451.04,INSUFFICIENT_FUNDS,4,LOYAL,40,MEDIUM,80,HIGH,STOP_AND_ESCALATE
TXN10183,CUST1162,5044.61,NETWORK_ERROR,4,RETURNING,35,LOW,45,MEDIUM,STOP_AND_ESCALATE
TXN10184,CUST1094,7558.91,AUTHENTICATION_FAILURE,1,RETURNING,55,MEDIUM,55,MEDIUM,CUSTOMER_PROMPT
TXN10185,CUST1024,1075.71,INSUFFICIENT_FUNDS,1,RETURNING,45,MEDIUM,40,MEDIUM,PAYMENT_LINK
TXN10186,CUST1042,617.59,INSUFFICIENT_FUNDS,4,LOYAL,35,LOW,40,MEDIUM,STOP_AND_ESCALATE
TXN10187,CUST1252,16080.99,INSUFFICIENT_FUNDS,2,RETURNING,45,MEDIUM,60,MEDIUM,PAYMENT_LINK
TXN10188,CUST1251,1314.1,NETWORK_ERROR,2,NEW,70,HIGH,50,MEDIUM,RETRY
TXN10189,CUST1177,1311.49,TEMPORARY_BANK_ERROR,4,RETURNING,40,MEDIUM,40,MEDIUM,STOP_AND_ESCALATE
TXN10190,CUST1085,434.28,INSUFFICIENT_FUNDS,2,RETURNING,55,MEDIUM,40,MEDIUM,PAYMENT_LINK
TXN10191,CUST1064,1933.88,AUTHENTICATION_FAILURE,3,NEW,0,LOW,20,LOW,STOP_AND_ESCALATE
TXN10192,CUST1190,781.3,TEMPORARY_BANK_ERROR,1,LOYAL,100,HIGH,65,MEDIUM,RETRY
TXN10193,CUST1041,4127.89,AUTHENTICATION_FAILURE,1,NEW,30,LOW,25,LOW,CUSTOMER_PROMPT
TXN10194,CUST1241,1612.03,NETWORK_ERROR,4,RETURNING,35,LOW,35,LOW,STOP_AND_ESCALATE
TXN10195,CUST1172,28459.1,CARD_EXPIRED,4,RETURNING,40,MEDIUM,85,HIGH,STOP_AND_ESCALATE
TXN10196,CUST1151,469.3,NETWORK_ERROR,1,NEW,55,MEDIUM,25,LOW,RETRY
TXN10197,CUST1050,25503.81,UNKNOWN,3,RETURNING,40,MEDIUM,75,HIGH,STOP_AND_ESCALATE
TXN10198,CUST1048,2787.07,INSUFFICIENT_FUNDS,4,NEW,20,LOW,30,LOW,STOP_AND_ESCALATE
TXN10199,CUST1257,658.74,CARD_EXPIRED,2,RETURNING,55,MEDIUM,40,MEDIUM,CUSTOMER_PROMPT
TXN10200,CUST1123,6658.8,TEMPORARY_BANK_ERROR,2,NEW,65,MEDIUM,45,MEDIUM,RETRY
TXN10201,CUST1031,898.58,CARD_EXPIRED,4,RETURNING,25,LOW,35,LOW,STOP_AND_ESCALATE
TXN10202,CUST1237,20337.26,TEMPORARY_BANK_ERROR,2,RETURNING,85,HIGH,70,HIGH,RETRY
TXN10203,CUST1028,7248.64,UNKNOWN,1,RETURNING,50,MEDIUM,50,MEDIUM,REMINDER
TXN10204,CUST1183,48605.19,INSUFFICIENT_FUNDS,2,RETURNING,50,MEDIUM,70,HIGH,PAYMENT_LINK
TXN10205,CUST1185,2847.34,CARD_EXPIRED,1,LOYAL,60,MEDIUM,50,MEDIUM,CUSTOMER_PROMPT
TXN10206,CUST1009,215.8,INSUFFICIENT_FUNDS,2,RETURNING,60,MEDIUM,50,MEDIUM,PAYMENT_LINK
TXN10207,CUST1053,8520.13,AUTHENTICATION_FAILURE,4,RETURNING,30,LOW,50,MEDIUM,STOP_AND_ESCALATE
TXN10208,CUST1210,1697.82,NETWORK_ERROR,3,RETURNING,50,MEDIUM,45,MEDIUM,STOP_AND_ESCALATE
TXN10209,CUST1201,4946.11,TEMPORARY_BANK_ERROR,2,LOYAL,95,HIGH,60,MEDIUM,RETRY
TXN10210,CUST1185,1314.26,AUTHENTICATION_FAILURE,3,RETURNING,30,LOW,40,MEDIUM,STOP_AND_ESCALATE
TXN10211,CUST1210,6484.72,INSUFFICIENT_FUNDS,4,RETURNING,35,LOW,60,MEDIUM,STOP_AND_ESCALATE
TXN10212,CUST1182,4673.57,INSUFFICIENT_FUNDS,4,NEW,5,LOW,20,LOW,STOP_AND_ESCALATE
TXN10213,CUST1259,12501.69,UNKNOWN,1,RETURNING,75,HIGH,80,HIGH,REMINDER
TXN10214,CUST1060,37436.45,NETWORK_ERROR,2,LOYAL,100,HIGH,90,HIGH,RETRY
TXN10215,CUST1034,3322.19,NETWORK_ERROR,3,LOYAL,55,MEDIUM,50,MEDIUM,STOP_AND_ESCALATE
TXN10216,CUST1259,972.38,INSUFFICIENT_FUNDS,1,RETURNING,65,MEDIUM,40,MEDIUM,PAYMENT_LINK
TXN10217,CUST1030,288.72,TEMPORARY_BANK_ERROR,4,NEW,25,LOW,20,LOW,STOP_AND_ESCALATE
TXN10218,CUST1181,5776.01,INSUFFICIENT_FUNDS,3,RETURNING,20,LOW,45,MEDIUM,STOP_AND_ESCALATE
TXN10219,CUST1020,971.0,TEMPORARY_BANK_ERROR,2,RETURNING,65,MEDIUM,35,LOW,RETRY
TXN10220,CUST1153,23893.73,UNKNOWN,3,NEW,30,LOW,50,MEDIUM,STOP_AND_ESCALATE
TXN10221,CUST1160,4081.0,NETWORK_ERROR,2,LOYAL,95,HIGH,60,MEDIUM,RETRY
TXN10222,CUST1042,20038.67,AUTHENTICATION_FAILURE,1,RETURNING,45,MEDIUM,60,MEDIUM,CUSTOMER_PROMPT
TXN10223,CUST1111,7661.97,AUTHENTICATION_FAILURE,1,NEW,45,MEDIUM,45,MEDIUM,CUSTOMER_PROMPT
TXN10224,CUST1058,44479.48,INSUFFICIENT_FUNDS,3,RETURNING,40,MEDIUM,75,HIGH,STOP_AND_ESCALATE
TXN10225,CUST1212,41451.13,NETWORK_ERROR,2,LOYAL,85,HIGH,85,HIGH,RETRY
TXN10226,CUST1247,1386.33,NETWORK_ERROR,1,RETURNING,65,MEDIUM,40,MEDIUM,RETRY
TXN10227,CUST1266,31548.07,CARD_EXPIRED,2,NEW,30,LOW,55,MEDIUM,CUSTOMER_PROMPT
TXN10228,CUST1237,565.78,INSUFFICIENT_FUNDS,1,RETURNING,50,MEDIUM,35,LOW,PAYMENT_LINK
TXN10229,CUST1219,3263.48,INSUFFICIENT_FUNDS,3,RETURNING,35,LOW,50,MEDIUM,STOP_AND_ESCALATE
TXN10230,CUST1011,45759.59,AUTHENTICATION_FAILURE,2,RETURNING,65,MEDIUM,85,HIGH,CUSTOMER_PROMPT
TXN10231,CUST1222,1530.51,NETWORK_ERROR,2,LOYAL,95,HIGH,60,MEDIUM,RETRY
TXN10232,CUST1226,37474.44,CARD_EXPIRED,2,RETURNING,40,MEDIUM,70,HIGH,CUSTOMER_PROMPT
TXN10233,CUST1212,8864.56,AUTHENTICATION_FAILURE,3,NEW,0,LOW,30,LOW,STOP_AND_ESCALATE
TXN10234,CUST1162,8553.22,TEMPORARY_BANK_ERROR,2,NEW,50,MEDIUM,40,MEDIUM,RETRY
TXN10235,CUST1138,4783.18,AUTHENTICATION_FAILURE,2,RETURNING,60,MEDIUM,55,MEDIUM,CUSTOMER_PROMPT
TXN10236,CUST1200,1717.73,INSUFFICIENT_FUNDS,4,RETURNING,15,LOW,30,LOW,STOP_AND_ESCALATE
TXN10237,CUST1226,12906.83,AUTHENTICATION_FAILURE,2,RETURNING,40,MEDIUM,60,MEDIUM,CUSTOMER_PROMPT
TXN10238,CUST1133,1572.68,TEMPORARY_BANK_ERROR,3,RETURNING,55,MEDIUM,55,MEDIUM,STOP_AND_ESCALATE
TXN10239,CUST1083,6482.96,INSUFFICIENT_FUNDS,2,RETURNING,65,MEDIUM,65,MEDIUM,PAYMENT_LINK
TXN10240,CUST1274,5371.13,NETWORK_ERROR,2,RETURNING,85,HIGH,70,HIGH,RETRY
TXN10241,CUST1119,48512.41,CARD_EXPIRED,4,RETURNING,40,MEDIUM,85,HIGH,STOP_AND_ESCALATE
TXN10242,CUST1226,6325.05,INSUFFICIENT_FUNDS,1,NEW,35,LOW,35,LOW,PAYMENT_LINK
TXN10243,CUST1119,33952.33,CARD_EXPIRED,1,LOYAL,65,MEDIUM,80,HIGH,CUSTOMER_PROMPT
TXN10244,CUST1254,532.59,AUTHENTICATION_FAILURE,4,RETURNING,15,LOW,25,LOW,STOP_AND_ESCALATE
TXN10245,CUST1215,1384.89,UNKNOWN,4,RETURNING,40,MEDIUM,55,MEDIUM,STOP_AND_ESCALATE
TXN10246,CUST1231,2201.11,TEMPORARY_BANK_ERROR,3,RETURNING,40,MEDIUM,40,MEDIUM,STOP_AND_ESCALATE
TXN10247,CUST1066,41552.09,TEMPORARY_BANK_ERROR,4,NEW,45,MEDIUM,65,MEDIUM,STOP_AND_ESCALATE
TXN10248,CUST1060,34026.04,NETWORK_ERROR,2,LOYAL,100,HIGH,90,HIGH,RETRY
TXN10249,CUST1236,2365.14,AUTHENTICATION_FAILURE,4,LOYAL,30,LOW,45,MEDIUM,STOP_AND_ESCALATE
TXN10250,CUST1294,1052.72,CARD_EXPIRED,4,NEW,0,LOW,20,LOW,STOP_AND_ESCALATE
TXN10251,CUST1276,30506.71,INSUFFICIENT_FUNDS,1,NEW,60,MEDIUM,75,HIGH,PAYMENT_LINK
TXN10252,CUST1000,820.4,UNKNOWN,1,RETURNING,55,MEDIUM,35,LOW,REMINDER
TXN10253,CUST1249,900.77,NETWORK_ERROR,1,RETURNING,70,HIGH,40,MEDIUM,RETRY
TXN10254,CUST1160,8902.18,TEMPORARY_BANK_ERROR,4,RETURNING,60,MEDIUM,65,MEDIUM,STOP_AND_ESCALATE
TXN10255,CUST1284,1020.23,INSUFFICIENT_FUNDS,1,NEW,50,MEDIUM,35,LOW,PAYMENT_LINK
TXN10256,CUST1083,4895.0,UNKNOWN,1,RETURNING,65,MEDIUM,45,MEDIUM,REMINDER
TXN10257,CUST1234,31199.66,CARD_EXPIRED,1,RETURNING,50,MEDIUM,70,HIGH,CUSTOMER_PROMPT
TXN10258,CUST1098,1073.8,CARD_EXPIRED,2,LOYAL,55,MEDIUM,50,MEDIUM,CUSTOMER_PROMPT
TXN10259,CUST1040,6339.73,INSUFFICIENT_FUNDS,3,RETURNING,15,LOW,40,MEDIUM,STOP_AND_ESCALATE
TXN10260,CUST1155,4550.62,NETWORK_ERROR,1,RETURNING,85,HIGH,50,MEDIUM,RETRY
TXN10261,CUST1125,973.95,TEMPORARY_BANK_ERROR,4,LOYAL,75,HIGH,65,MEDIUM,STOP_AND_ESCALATE
TXN10262,CUST1066,2809.98,AUTHENTICATION_FAILURE,3,LOYAL,45,MEDIUM,55,MEDIUM,STOP_AND_ESCALATE
TXN10263,CUST1244,5073.27,INSUFFICIENT_FUNDS,2,LOYAL,60,MEDIUM,60,MEDIUM,PAYMENT_LINK
TXN10264,CUST1284,9199.77,CARD_EXPIRED,4,RETURNING,30,LOW,60,MEDIUM,STOP_AND_ESCALATE
TXN10265,CUST1161,718.13,AUTHENTICATION_FAILURE,1,LOYAL,60,MEDIUM,45,MEDIUM,CUSTOMER_PROMPT
TXN10266,CUST1020,43541.97,NETWORK_ERROR,2,RETURNING,90,HIGH,90,HIGH,RETRY
TXN10267,CUST1272,23891.08,TEMPORARY_BANK_ERROR,2,NEW,55,MEDIUM,50,MEDIUM,RETRY
TXN10268,CUST1163,4403.61,INSUFFICIENT_FUNDS,4,RETURNING,35,LOW,40,MEDIUM,STOP_AND_ESCALATE
TXN10269,CUST1004,3058.85,INSUFFICIENT_FUNDS,2,RETURNING,60,MEDIUM,45,MEDIUM,PAYMENT_LINK
TXN10270,CUST1069,4205.86,AUTHENTICATION_FAILURE,4,NEW,0,LOW,20,LOW,STOP_AND_ESCALATE
TXN10271,CUST1178,1258.72,INSUFFICIENT_FUNDS,3,RETURNING,20,LOW,35,LOW,STOP_AND_ESCALATE
TXN10272,CUST1115,27738.23,CARD_EXPIRED,3,RETURNING,20,LOW,65,MEDIUM,STOP_AND_ESCALATE
TXN10273,CUST1286,21937.4,INSUFFICIENT_FUNDS,1,RETURNING,50,MEDIUM,60,MEDIUM,PAYMENT_LINK
TXN10274,CUST1203,8100.01,AUTHENTICATION_FAILURE,4,RETURNING,15,LOW,40,MEDIUM,STOP_AND_ESCALATE
TXN10275,CUST1029,1646.99,UNKNOWN,4,RETURNING,20,LOW,35,LOW,STOP_AND_ESCALATE
TXN10276,CUST1126,224.77,NETWORK_ERROR,1,NEW,55,MEDIUM,25,LOW,RETRY
TXN10277,CUST1074,14176.17,INSUFFICIENT_FUNDS,4,RETURNING,25,LOW,55,MEDIUM,STOP_AND_ESCALATE
TXN10278,CUST1144,826.88,UNKNOWN,3,RETURNING,40,MEDIUM,40,MEDIUM,STOP_AND_ESCALATE
TXN10279,CUST1214,8355.33,NETWORK_ERROR,3,NEW,25,LOW,35,LOW,STOP_AND_ESCALATE
TXN10280,CUST1020,1871.61,TEMPORARY_BANK_ERROR,1,RETURNING,70,HIGH,45,MEDIUM,RETRY
TXN10281,CUST1159,40384.46,AUTHENTICATION_FAILURE,4,LOYAL,50,MEDIUM,85,HIGH,STOP_AND_ESCALATE
TXN10282,CUST1263,1146.3,AUTHENTICATION_FAILURE,4,LOYAL,30,LOW,45,MEDIUM,STOP_AND_ESCALATE
TXN10283,CUST1240,5973.07,INSUFFICIENT_FUNDS,1,LOYAL,65,MEDIUM,60,MEDIUM,PAYMENT_LINK
TXN10284,CUST1156,2374.77,INSUFFICIENT_FUNDS,2,LOYAL,75,HIGH,60,MEDIUM,PAYMENT_LINK
TXN10285,CUST1082,1874.6,AUTHENTICATION_FAILURE,2,LOYAL,55,MEDIUM,50,MEDIUM,CUSTOMER_PROMPT
TXN10286,CUST1119,1836.9,AUTHENTICATION_FAILURE,1,NEW,30,LOW,25,LOW,CUSTOMER_PROMPT
TXN10287,CUST1280,20169.26,INSUFFICIENT_FUNDS,3,RETURNING,40,MEDIUM,75,HIGH,STOP_AND_ESCALATE
TXN10288,CUST1145,735.49,AUTHENTICATION_FAILURE,3,NEW,0,LOW,15,LOW,STOP_AND_ESCALATE
TXN10289,CUST1136,10115.25,AUTHENTICATION_FAILURE,4,RETURNING,15,LOW,50,MEDIUM,STOP_AND_ESCALATE
TXN10290,CUST1262,1382.24,AUTHENTICATION_FAILURE,2,RETURNING,40,MEDIUM,40,MEDIUM,CUSTOMER_PROMPT
TXN10291,CUST1226,425.3,TEMPORARY_BANK_ERROR,4,RETURNING,55,MEDIUM,40,MEDIUM,STOP_AND_ESCALATE
TXN10292,CUST1257,1399.36,NETWORK_ERROR,1,RETURNING,85,HIGH,50,MEDIUM,RETRY
TXN10293,CUST1170,233.79,AUTHENTICATION_FAILURE,2,RETURNING,55,MEDIUM,40,MEDIUM,CUSTOMER_PROMPT
TXN10294,CUST1282,1778.76,INSUFFICIENT_FUNDS,1,RETURNING,65,MEDIUM,45,MEDIUM,PAYMENT_LINK
TXN10295,CUST1054,1234.64,INSUFFICIENT_FUNDS,4,NEW,20,LOW,30,LOW,STOP_AND_ESCALATE
TXN10296,CUST1263,24869.57,UNKNOWN,3,RETURNING,50,MEDIUM,75,HIGH,STOP_AND_ESCALATE
TXN10297,CUST1204,8242.23,NETWORK_ERROR,1,NEW,75,HIGH,60,MEDIUM,RETRY
TXN10298,CUST1287,5790.0,AUTHENTICATION_FAILURE,4,LOYAL,50,MEDIUM,75,HIGH,STOP_AND_ESCALATE
TXN10299,CUST1180,19015.25,CARD_EXPIRED,3,NEW,5,LOW,40,MEDIUM,STOP_AND_ESCALATE
TXN10300,CUST1056,16555.24,UNKNOWN,2,RETURNING,65,MEDIUM,65,MEDIUM,REMINDER
TXN10301,CUST1225,1801.25,NETWORK_ERROR,3,LOYAL,70,HIGH,60,MEDIUM,STOP_AND_ESCALATE
TXN10302,CUST1222,634.41,CARD_EXPIRED,2,RETURNING,40,MEDIUM,35,LOW,CUSTOMER_PROMPT
TXN10303,CUST1155,278.02,TEMPORARY_BANK_ERROR,3,NEW,25,LOW,20,LOW,STOP_AND_ESCALATE
TXN10304,CUST1153,35461.55,INSUFFICIENT_FUNDS,1,LOYAL,90,HIGH,100,HIGH,PAYMENT_LINK
TXN10305,CUST1007,224.54,INSUFFICIENT_FUNDS,4,LOYAL,55,MEDIUM,60,MEDIUM,STOP_AND_ESCALATE
TXN10306,CUST1092,38733.25,NETWORK_ERROR,3,NEW,45,MEDIUM,65,MEDIUM,STOP_AND_ESCALATE
TXN10307,CUST1251,1097.01,TEMPORARY_BANK_ERROR,3,RETURNING,55,MEDIUM,45,MEDIUM,STOP_AND_ESCALATE
TXN10308,CUST1227,6116.95,INSUFFICIENT_FUNDS,4,RETURNING,15,LOW,40,MEDIUM,STOP_AND_ESCALATE
TXN10309,CUST1116,46781.24,NETWORK_ERROR,1,RETURNING,90,HIGH,90,HIGH,RETRY
TXN10310,CUST1081,2461.57,UNKNOWN,1,RETURNING,65,MEDIUM,45,MEDIUM,REMINDER
TXN10311,CUST1192,1380.94,CARD_EXPIRED,1,LOYAL,60,MEDIUM,50,MEDIUM,CUSTOMER_PROMPT
TXN10312,CUST1281,514.4,INSUFFICIENT_FUNDS,3,RETURNING,35,LOW,35,LOW,STOP_AND_ESCALATE
TXN10313,CUST1083,27204.12,INSUFFICIENT_FUNDS,2,LOYAL,80,HIGH,90,HIGH,PAYMENT_LINK
TXN10314,CUST1270,1094.57,CARD_EXPIRED,4,RETURNING,15,LOW,30,LOW,STOP_AND_ESCALATE
TXN10315,CUST1289,13802.12,NETWORK_ERROR,4,LOYAL,75,HIGH,80,HIGH,STOP_AND_ESCALATE
TXN10316,CUST1053,21298.9,NETWORK_ERROR,1,LOYAL,90,HIGH,75,HIGH,RETRY
TXN10317,CUST1037,18022.41,INSUFFICIENT_FUNDS,4,RETURNING,45,MEDIUM,75,HIGH,STOP_AND_ESCALATE
TXN10318,CUST1205,1516.1,CARD_EXPIRED,1,RETURNING,40,MEDIUM,40,MEDIUM,CUSTOMER_PROMPT
TXN10319,CUST1058,49981.76,INSUFFICIENT_FUNDS,1,NEW,55,MEDIUM,65,MEDIUM,PAYMENT_LINK
TXN10320,CUST1272,8029.88,INSUFFICIENT_FUNDS,4,RETURNING,15,LOW,40,MEDIUM,STOP_AND_ESCALATE
TXN10321,CUST1087,1281.8,AUTHENTICATION_FAILURE,1,RETURNING,60,MEDIUM,55,MEDIUM,CUSTOMER_PROMPT
TXN10322,CUST1168,3441.39,CARD_EXPIRED,1,LOYAL,80,HIGH,70,HIGH,CUSTOMER_PROMPT
TXN10323,CUST1064,550.43,NETWORK_ERROR,3,LOYAL,55,MEDIUM,45,MEDIUM,STOP_AND_ESCALATE
TXN10324,CUST1269,5859.52,CARD_EXPIRED,4,NEW,0,LOW,30,LOW,STOP_AND_ESCALATE
TXN10325,CUST1282,1716.9,UNKNOWN,3,LOYAL,50,MEDIUM,55,MEDIUM,STOP_AND_ESCALATE
TXN10326,CUST1094,2947.82,TEMPORARY_BANK_ERROR,3,RETURNING,40,MEDIUM,40,MEDIUM,STOP_AND_ESCALATE
TXN10327,CUST1271,44856.56,INSUFFICIENT_FUNDS,4,RETURNING,40,MEDIUM,75,HIGH,STOP_AND_ESCALATE
TXN10328,CUST1096,1966.43,INSUFFICIENT_FUNDS,1,RETURNING,50,MEDIUM,40,MEDIUM,PAYMENT_LINK
TXN10329,CUST1046,34220.19,INSUFFICIENT_FUNDS,3,RETURNING,35,LOW,70,HIGH,STOP_AND_ESCALATE
TXN10330,CUST1028,41394.47,NETWORK_ERROR,4,RETURNING,60,MEDIUM,75,HIGH,STOP_AND_ESCALATE
TXN10331,CUST1168,9529.24,TEMPORARY_BANK_ERROR,2,RETURNING,60,MEDIUM,50,MEDIUM,RETRY
TXN10332,CUST1207,26909.15,INSUFFICIENT_FUNDS,2,RETURNING,70,HIGH,90,HIGH,PAYMENT_LINK
TXN10333,CUST1040,6396.3,TEMPORARY_BANK_ERROR,3,RETURNING,55,MEDIUM,55,MEDIUM,STOP_AND_ESCALATE
TXN10334,CUST1265,34945.95,TEMPORARY_BANK_ERROR,3,RETURNING,60,MEDIUM,75,HIGH,STOP_AND_ESCALATE
TXN10335,CUST1265,33342.28,TEMPORARY_BANK_ERROR,4,RETURNING,65,MEDIUM,85,HIGH,STOP_AND_ESCALATE
TXN10336,CUST1067,1301.06,AUTHENTICATION_FAILURE,2,NEW,25,LOW,25,LOW,MANUAL_REVIEW
TXN10337,CUST1144,6335.38,AUTHENTICATION_FAILURE,4,RETURNING,30,LOW,50,MEDIUM,STOP_AND_ESCALATE
TXN10338,CUST1072,23081.79,INSUFFICIENT_FUNDS,3,NEW,25,LOW,50,MEDIUM,STOP_AND_ESCALATE
TXN10339,CUST1244,19166.88,NETWORK_ERROR,1,RETURNING,85,HIGH,70,HIGH,RETRY
TXN10340,CUST1060,10549.82,INSUFFICIENT_FUNDS,4,RETURNING,45,MEDIUM,75,HIGH,STOP_AND_ESCALATE
TXN10341,CUST1076,3722.54,CARD_EXPIRED,2,RETURNING,40,MEDIUM,40,MEDIUM,CUSTOMER_PROMPT
TXN10342,CUST1106,30544.44,INSUFFICIENT_FUNDS,2,RETURNING,50,MEDIUM,70,HIGH,PAYMENT_LINK
TXN10343,CUST1122,4150.56,NETWORK_ERROR,1,LOYAL,100,HIGH,70,HIGH,RETRY
TXN10344,CUST1204,27701.82,CARD_EXPIRED,2,LOYAL,60,MEDIUM,80,HIGH,CUSTOMER_PROMPT
TXN10345,CUST1120,6020.55,INSUFFICIENT_FUNDS,3,NEW,5,LOW,30,LOW,STOP_AND_ESCALATE
TXN10346,CUST1083,667.43,NETWORK_ERROR,3,RETURNING,60,MEDIUM,50,MEDIUM,STOP_AND_ESCALATE
TXN10347,CUST1152,10318.58,INSUFFICIENT_FUNDS,1,RETURNING,55,MEDIUM,60,MEDIUM,PAYMENT_LINK
TXN10348,CUST1212,1689.61,INSUFFICIENT_FUNDS,2,RETURNING,55,MEDIUM,45,MEDIUM,PAYMENT_LINK
TXN10349,CUST1213,43154.85,NETWORK_ERROR,3,NEW,50,MEDIUM,75,HIGH,STOP_AND_ESCALATE
TXN10350,CUST1133,5673.05,TEMPORARY_BANK_ERROR,1,RETURNING,85,HIGH,60,MEDIUM,RETRY
TXN10351,CUST1114,4374.0,NETWORK_ERROR,3,NEW,25,LOW,25,LOW,STOP_AND_ESCALATE
TXN10352,CUST1151,6153.28,INSUFFICIENT_FUNDS,3,NEW,20,LOW,40,MEDIUM,STOP_AND_ESCALATE
TXN10353,CUST1140,6454.47,NETWORK_ERROR,3,LOYAL,55,MEDIUM,60,MEDIUM,STOP_AND_ESCALATE
TXN10354,CUST1281,1765.95,TEMPORARY_BANK_ERROR,1,RETURNING,85,HIGH,50,MEDIUM,RETRY
TXN10355,CUST1170,40592.04,UNKNOWN,1,NEW,65,MEDIUM,75,HIGH,REMINDER
TXN10356,CUST1119,323.28,INSUFFICIENT_FUNDS,1,NEW,50,MEDIUM,30,LOW,PAYMENT_LINK
TXN10357,CUST1146,1553.75,INSUFFICIENT_FUNDS,3,RETURNING,15,LOW,30,LOW,STOP_AND_ESCALATE
TXN10358,CUST1021,1737.95,CARD_EXPIRED,3,RETURNING,30,LOW,50,MEDIUM,STOP_AND_ESCALATE
TXN10359,CUST1019,39723.26,UNKNOWN,2,NEW,60,MEDIUM,75,HIGH,REMINDER
TXN10360,CUST1059,22846.49,INSUFFICIENT_FUNDS,3,NEW,25,LOW,50,MEDIUM,STOP_AND_ESCALATE
TXN10361,CUST1123,38350.63,NETWORK_ERROR,1,RETURNING,70,HIGH,75,HIGH,RETRY
TXN10362,CUST1208,370.67,AUTHENTICATION_FAILURE,2,RETURNING,55,MEDIUM,40,MEDIUM,CUSTOMER_PROMPT
TXN10363,CUST1214,38529.43,INSUFFICIENT_FUNDS,2,NEW,35,LOW,55,MEDIUM,PAYMENT_LINK
TXN10364,CUST1266,5464.87,NETWORK_ERROR,4,RETURNING,40,MEDIUM,50,MEDIUM,STOP_AND_ESCALATE
TXN10365,CUST1080,686.7,CARD_EXPIRED,2,NEW,25,LOW,20,LOW,MANUAL_REVIEW
TXN10366,CUST1194,27754.37,INSUFFICIENT_FUNDS,2,RETURNING,65,MEDIUM,75,HIGH,PAYMENT_LINK
TXN10367,CUST1277,1889.32,NETWORK_ERROR,1,LOYAL,85,HIGH,55,MEDIUM,RETRY
TXN10368,CUST1256,42865.92,NETWORK_ERROR,4,LOYAL,60,MEDIUM,80,HIGH,STOP_AND_ESCALATE
TXN10369,CUST1186,26609.64,NETWORK_ERROR,2,LOYAL,85,HIGH,85,HIGH,RETRY
TXN10370,CUST1037,1124.56,NETWORK_ERROR,1,LOYAL,95,HIGH,60,MEDIUM,RETRY
TXN10371,CUST1252,23065.57,TEMPORARY_BANK_ERROR,3,LOYAL,80,HIGH,90,HIGH,STOP_AND_ESCALATE
TXN10372,CUST1165,771.59,TEMPORARY_BANK_ERROR,4,RETURNING,50,MEDIUM,40,MEDIUM,STOP_AND_ESCALATE
TXN10373,CUST1137,38246.34,TEMPORARY_BANK_ERROR,3,LOYAL,75,HIGH,90,HIGH,STOP_AND_ESCALATE
TXN10374,CUST1138,35532.89,TEMPORARY_BANK_ERROR,1,RETURNING,85,HIGH,80,HIGH,RETRY
TXN10375,CUST1165,31107.1,UNKNOWN,4,RETURNING,45,MEDIUM,75,HIGH,STOP_AND_ESCALATE
TXN10376,CUST1132,2426.73,INSUFFICIENT_FUNDS,3,RETURNING,20,LOW,35,LOW,STOP_AND_ESCALATE
TXN10377,CUST1103,7153.41,NETWORK_ERROR,3,RETURNING,50,MEDIUM,55,MEDIUM,STOP_AND_ESCALATE
TXN10378,CUST1042,1468.25,TEMPORARY_BANK_ERROR,4,LOYAL,75,HIGH,70,HIGH,STOP_AND_ESCALATE
TXN10379,CUST1229,5638.52,UNKNOWN,1,RETURNING,55,MEDIUM,50,MEDIUM,REMINDER
TXN10380,CUST1115,39622.59,INSUFFICIENT_FUNDS,2,NEW,55,MEDIUM,75,HIGH,PAYMENT_LINK
TXN10381,CUST1072,642.31,INSUFFICIENT_FUNDS,3,LOYAL,50,MEDIUM,50,MEDIUM,STOP_AND_ESCALATE
TXN10382,CUST1275,45894.63,INSUFFICIENT_FUNDS,3,RETURNING,35,LOW,70,HIGH,STOP_AND_ESCALATE
TXN10383,CUST1057,824.51,AUTHENTICATION_FAILURE,2,LOYAL,75,HIGH,65,MEDIUM,CUSTOMER_PROMPT
TXN10384,CUST1295,5752.39,TEMPORARY_BANK_ERROR,3,NEW,40,MEDIUM,45,MEDIUM,STOP_AND_ESCALATE
TXN10385,CUST1027,16222.86,TEMPORARY_BANK_ERROR,4,RETURNING,45,MEDIUM,60,MEDIUM,STOP_AND_ESCALATE
TXN10386,CUST1277,838.58,NETWORK_ERROR,2,NEW,50,MEDIUM,25,LOW,RETRY
TXN10387,CUST1111,4419.05,NETWORK_ERROR,4,NEW,25,LOW,25,LOW,STOP_AND_ESCALATE
TXN10388,CUST1277,27669.86,NETWORK_ERROR,1,RETURNING,85,HIGH,80,HIGH,RETRY
TXN10389,CUST1031,1504.01,TEMPORARY_BANK_ERROR,3,LOYAL,70,HIGH,60,MEDIUM,STOP_AND_ESCALATE
TXN10390,CUST1248,4971.37,AUTHENTICATION_FAILURE,4,RETURNING,25,LOW,40,MEDIUM,STOP_AND_ESCALATE
TXN10391,CUST1076,23129.32,UNKNOWN,1,RETURNING,80,HIGH,80,HIGH,REMINDER
TXN10392,CUST1219,35789.81,NETWORK_ERROR,2,LOYAL,85,HIGH,85,HIGH,RETRY
TXN10393,CUST1184,8833.23,AUTHENTICATION_FAILURE,2,LOYAL,70,HIGH,70,HIGH,CUSTOMER_PROMPT
TXN10394,CUST1126,47555.8,CARD_EXPIRED,3,RETURNING,30,LOW,70,HIGH,STOP_AND_ESCALATE
TXN10395,CUST1275,44962.87,TEMPORARY_BANK_ERROR,3,RETURNING,45,MEDIUM,70,HIGH,STOP_AND_ESCALATE
TXN10396,CUST1278,876.75,INSUFFICIENT_FUNDS,4,RETURNING,35,LOW,45,MEDIUM,STOP_AND_ESCALATE
TXN10397,CUST1001,19525.87,INSUFFICIENT_FUNDS,1,RETURNING,55,MEDIUM,60,MEDIUM,PAYMENT_LINK
TXN10398,CUST1093,1567.76,NETWORK_ERROR,2,RETURNING,65,MEDIUM,40,MEDIUM,RETRY
TXN10399,CUST1136,30423.23,NETWORK_ERROR,1,LOYAL,100,HIGH,90,HIGH,RETRY
TXN10400,CUST1071,3285.28,INSUFFICIENT_FUNDS,1,NEW,35,LOW,25,LOW,PAYMENT_LINK
TXN10401,CUST1220,7564.3,AUTHENTICATION_FAILURE,3,RETURNING,30,LOW,60,MEDIUM,STOP_AND_ESCALATE
TXN10402,CUST1226,8679.69,NETWORK_ERROR,3,NEW,40,MEDIUM,45,MEDIUM,STOP_AND_ESCALATE
TXN10403,CUST1183,4339.84,NETWORK_ERROR,3,RETURNING,55,MEDIUM,55,MEDIUM,STOP_AND_ESCALATE
TXN10404,CUST1057,47886.46,INSUFFICIENT_FUNDS,3,RETURNING,40,MEDIUM,75,HIGH,STOP_AND_ESCALATE
TXN10405,CUST1209,7649.26,INSUFFICIENT_FUNDS,4,RETURNING,35,LOW,50,MEDIUM,STOP_AND_ESCALATE
TXN10406,CUST1141,6327.48,TEMPORARY_BANK_ERROR,3,LOYAL,70,HIGH,70,HIGH,STOP_AND_ESCALATE
TXN10407,CUST1151,9304.95,NETWORK_ERROR,4,NEW,40,MEDIUM,45,MEDIUM,STOP_AND_ESCALATE
TXN10408,CUST1139,12224.22,NETWORK_ERROR,2,RETURNING,65,MEDIUM,60,MEDIUM,RETRY
TXN10409,CUST1115,1835.52,TEMPORARY_BANK_ERROR,2,RETURNING,75,HIGH,50,MEDIUM,RETRY
TXN10410,CUST1276,7878.67,INSUFFICIENT_FUNDS,4,RETURNING,15,LOW,40,MEDIUM,STOP_AND_ESCALATE
TXN10411,CUST1226,24205.27,TEMPORARY_BANK_ERROR,3,RETURNING,65,MEDIUM,75,HIGH,STOP_AND_ESCALATE
TXN10412,CUST1004,7255.59,TEMPORARY_BANK_ERROR,3,RETURNING,40,MEDIUM,50,MEDIUM,STOP_AND_ESCALATE
TXN10413,CUST1187,24461.66,TEMPORARY_BANK_ERROR,4,LOYAL,80,HIGH,90,HIGH,STOP_AND_ESCALATE
TXN10414,CUST1219,18922.48,NETWORK_ERROR,4,NEW,30,LOW,45,MEDIUM,STOP_AND_ESCALATE
TXN10415,CUST1277,1969.42,TEMPORARY_BANK_ERROR,4,NEW,25,LOW,25,LOW,STOP_AND_ESCALATE
TXN10416,CUST1207,20114.32,CARD_EXPIRED,1,RETURNING,60,MEDIUM,65,MEDIUM,CUSTOMER_PROMPT
TXN10417,CUST1013,8444.91,INSUFFICIENT_FUNDS,2,NEW,30,LOW,35,LOW,PAYMENT_LINK
TXN10418,CUST1057,42944.94,INSUFFICIENT_FUNDS,3,RETURNING,25,LOW,65,MEDIUM,STOP_AND_ESCALATE
TXN10419,CUST1272,1429.96,TEMPORARY_BANK_ERROR,4,RETURNING,60,MEDIUM,55,MEDIUM,STOP_AND_ESCALATE
TXN10420,CUST1099,18959.3,UNKNOWN,4,RETURNING,50,MEDIUM,75,HIGH,STOP_AND_ESCALATE
TXN10421,CUST1140,1425.44,INSUFFICIENT_FUNDS,1,RETURNING,70,HIGH,60,MEDIUM,PAYMENT_LINK
TXN10422,CUST1283,21123.98,AUTHENTICATION_FAILURE,4,RETURNING,20,LOW,55,MEDIUM,STOP_AND_ESCALATE
TXN10423,CUST1102,13829.16,INSUFFICIENT_FUNDS,2,RETURNING,60,MEDIUM,65,MEDIUM,PAYMENT_LINK
TXN10424,CUST1170,7037.94,NETWORK_ERROR,1,RETURNING,80,HIGH,60,MEDIUM,RETRY
TXN10425,CUST1095,7263.78,UNKNOWN,4,NEW,10,LOW,30,LOW,STOP_AND_ESCALATE
TXN10426,CUST1296,18608.18,TEMPORARY_BANK_ERROR,1,RETURNING,85,HIGH,70,HIGH,RETRY
TXN10427,CUST1002,42817.07,INSUFFICIENT_FUNDS,3,LOYAL,40,MEDIUM,80,HIGH,STOP_AND_ESCALATE
TXN10428,CUST1068,3528.87,TEMPORARY_BANK_ERROR,2,NEW,70,HIGH,50,MEDIUM,RETRY
TXN10429,CUST1093,6371.12,NETWORK_ERROR,2,NEW,50,MEDIUM,40,MEDIUM,RETRY
TXN10430,CUST1208,2132.72,TEMPORARY_BANK_ERROR,1,NEW,70,HIGH,40,MEDIUM,RETRY
TXN10431,CUST1186,8946.41,INSUFFICIENT_FUNDS,3,LOYAL,55,MEDIUM,75,HIGH,STOP_AND_ESCALATE
TXN10432,CUST1129,41494.88,AUTHENTICATION_FAILURE,1,NEW,50,MEDIUM,65,MEDIUM,CUSTOMER_PROMPT
TXN10433,CUST1253,32642.87,AUTHENTICATION_FAILURE,4,NEW,5,LOW,50,MEDIUM,STOP_AND_ESCALATE
TXN10434,CUST1075,493.01,TEMPORARY_BANK_ERROR,4,NEW,40,MEDIUM,30,LOW,STOP_AND_ESCALATE
TXN10435,CUST1274,23279.93,INSUFFICIENT_FUNDS,3,NEW,10,LOW,40,MEDIUM,STOP_AND_ESCALATE
TXN10436,CUST1271,21855.68,INSUFFICIENT_FUNDS,4,NEW,30,LOW,60,MEDIUM,STOP_AND_ESCALATE
TXN10437,CUST1179,33393.55,TEMPORARY_BANK_ERROR,2,RETURNING,70,HIGH,75,HIGH,RETRY
TXN10438,CUST1049,19199.75,NETWORK_ERROR,1,RETURNING,90,HIGH,70,HIGH,RETRY
TXN10439,CUST1094,913.59,UNKNOWN,1,NEW,40,MEDIUM,25,LOW,REMINDER
TXN10440,CUST1186,41752.72,NETWORK_ERROR,3,RETURNING,60,MEDIUM,75,HIGH,STOP_AND_ESCALATE
TXN10441,CUST1128,939.14,TEMPORARY_BANK_ERROR,1,RETURNING,70,HIGH,40,MEDIUM,RETRY
TXN10442,CUST1180,34127.69,CARD_EXPIRED,4,LOYAL,55,MEDIUM,95,HIGH,STOP_AND_ESCALATE
TXN10443,CUST1282,44622.5,NETWORK_ERROR,1,NEW,80,HIGH,80,HIGH,RETRY
TXN10444,CUST1297,6824.6,TEMPORARY_BANK_ERROR,4,RETURNING,40,MEDIUM,50,MEDIUM,STOP_AND_ESCALATE
TXN10445,CUST1282,7002.02,TEMPORARY_BANK_ERROR,2,RETURNING,65,MEDIUM,50,MEDIUM,RETRY
TXN10446,CUST1225,4730.21,INSUFFICIENT_FUNDS,1,RETURNING,45,MEDIUM,40,MEDIUM,PAYMENT_LINK
TXN10447,CUST1193,41098.22,AUTHENTICATION_FAILURE,2,RETURNING,45,MEDIUM,70,HIGH,CUSTOMER_PROMPT
TXN10448,CUST1161,289.75,TEMPORARY_BANK_ERROR,2,NEW,65,MEDIUM,30,LOW,RETRY
TXN10449,CUST1095,1850.08,NETWORK_ERROR,1,RETURNING,85,HIGH,50,MEDIUM,RETRY
TXN10450,CUST1103,47836.99,INSUFFICIENT_FUNDS,3,RETURNING,40,MEDIUM,75,HIGH,STOP_AND_ESCALATE
TXN10451,CUST1168,428.99,TEMPORARY_BANK_ERROR,2,RETURNING,65,MEDIUM,35,LOW,RETRY
TXN10452,CUST1244,22730.48,INSUFFICIENT_FUNDS,2,RETURNING,50,MEDIUM,60,MEDIUM,PAYMENT_LINK
TXN10453,CUST1094,4852.41,UNKNOWN,3,NEW,25,LOW,30,LOW,STOP_AND_ESCALATE
TXN10454,CUST1053,882.96,INSUFFICIENT_FUNDS,3,RETURNING,15,LOW,25,LOW,STOP_AND_ESCALATE
TXN10455,CUST1193,44944.74,CARD_EXPIRED,2,LOYAL,75,HIGH,90,HIGH,CUSTOMER_PROMPT
TXN10456,CUST1108,22609.58,TEMPORARY_BANK_ERROR,3,RETURNING,45,MEDIUM,60,MEDIUM,STOP_AND_ESCALATE
TXN10457,CUST1051,27037.51,NETWORK_ERROR,1,RETURNING,75,HIGH,75,HIGH,RETRY
TXN10458,CUST1019,8371.27,AUTHENTICATION_FAILURE,3,RETURNING,10,LOW,40,MEDIUM,STOP_AND_ESCALATE
TXN10459,CUST1097,49018.92,TEMPORARY_BANK_ERROR,2,RETURNING,70,HIGH,75,HIGH,RETRY
TXN10460,CUST1262,7513.79,CARD_EXPIRED,4,RETURNING,30,LOW,50,MEDIUM,STOP_AND_ESCALATE
TXN10461,CUST1087,5728.99,INSUFFICIENT_FUNDS,1,RETURNING,65,MEDIUM,55,MEDIUM,PAYMENT_LINK
TXN10462,CUST1121,9800.46,AUTHENTICATION_FAILURE,4,RETURNING,35,LOW,60,MEDIUM,STOP_AND_ESCALATE
TXN10463,CUST1163,20035.16,UNKNOWN,2,RETURNING,50,MEDIUM,60,MEDIUM,REMINDER
TXN10464,CUST1216,29972.12,UNKNOWN,1,RETURNING,60,MEDIUM,70,HIGH,REMINDER
TXN10465,CUST1209,5097.81,INSUFFICIENT_FUNDS,1,RETURNING,50,MEDIUM,50,MEDIUM,PAYMENT_LINK
TXN10466,CUST1003,554.75,INSUFFICIENT_FUNDS,1,NEW,35,LOW,20,LOW,PAYMENT_LINK
TXN10467,CUST1291,1520.86,CARD_EXPIRED,3,NEW,15,LOW,25,LOW,STOP_AND_ESCALATE
TXN10468,CUST1259,2634.16,TEMPORARY_BANK_ERROR,3,NEW,25,LOW,25,LOW,STOP_AND_ESCALATE
TXN10469,CUST1221,22764.94,TEMPORARY_BANK_ERROR,3,RETURNING,65,MEDIUM,75,HIGH,STOP_AND_ESCALATE
TXN10470,CUST1043,846.63,UNKNOWN,2,NEW,35,LOW,20,LOW,REMINDER
TXN10471,CUST1154,30651.33,AUTHENTICATION_FAILURE,1,LOYAL,65,MEDIUM,80,HIGH,CUSTOMER_PROMPT
TXN10472,CUST1171,814.33,INSUFFICIENT_FUNDS,2,RETURNING,60,MEDIUM,40,MEDIUM,PAYMENT_LINK
TXN10473,CUST1209,6795.09,CARD_EXPIRED,3,NEW,0,LOW,30,LOW,STOP_AND_ESCALATE
TXN10474,CUST1250,6027.87,INSUFFICIENT_FUNDS,3,LOYAL,35,LOW,55,MEDIUM,STOP_AND_ESCALATE
TXN10475,CUST1041,34203.58,TEMPORARY_BANK_ERROR,2,RETURNING,80,HIGH,80,HIGH,RETRY
TXN10476,CUST1028,8697.06,TEMPORARY_BANK_ERROR,3,NEW,45,MEDIUM,55,MEDIUM,STOP_AND_ESCALATE
TXN10477,CUST1178,895.07,INSUFFICIENT_FUNDS,3,LOYAL,35,LOW,40,MEDIUM,STOP_AND_ESCALATE
TXN10478,CUST1014,310.67,AUTHENTICATION_FAILURE,1,LOYAL,75,HIGH,55,MEDIUM,CUSTOMER_PROMPT
TXN10479,CUST1011,1599.06,INSUFFICIENT_FUNDS,4,RETURNING,15,LOW,30,LOW,STOP_AND_ESCALATE
TXN10480,CUST1024,8371.08,TEMPORARY_BANK_ERROR,2,NEW,50,MEDIUM,40,MEDIUM,RETRY
TXN10481,CUST1110,5056.73,NETWORK_ERROR,3,RETURNING,55,MEDIUM,55,MEDIUM,STOP_AND_ESCALATE
TXN10482,CUST1093,7223.13,UNKNOWN,4,LOYAL,55,MEDIUM,65,MEDIUM,STOP_AND_ESCALATE
TXN10483,CUST1075,3355.86,AUTHENTICATION_FAILURE,1,RETURNING,60,MEDIUM,55,MEDIUM,CUSTOMER_PROMPT
TXN10484,CUST1215,23997.51,TEMPORARY_BANK_ERROR,2,LOYAL,85,HIGH,75,HIGH,RETRY
TXN10485,CUST1186,49128.83,INSUFFICIENT_FUNDS,3,NEW,10,LOW,50,MEDIUM,STOP_AND_ESCALATE
TXN10486,CUST1293,6174.55,CARD_EXPIRED,3,NEW,20,LOW,50,MEDIUM,STOP_AND_ESCALATE
TXN10487,CUST1281,49861.05,TEMPORARY_BANK_ERROR,3,RETURNING,60,MEDIUM,75,HIGH,STOP_AND_ESCALATE
TXN10488,CUST1145,18332.62,AUTHENTICATION_FAILURE,3,RETURNING,20,LOW,55,MEDIUM,STOP_AND_ESCALATE
TXN10489,CUST1169,28869.59,TEMPORARY_BANK_ERROR,3,RETURNING,45,MEDIUM,70,HIGH,STOP_AND_ESCALATE
TXN10490,CUST1076,37973.58,INSUFFICIENT_FUNDS,1,RETURNING,55,MEDIUM,70,HIGH,PAYMENT_LINK
TXN10491,CUST1248,991.97,INSUFFICIENT_FUNDS,2,RETURNING,40,MEDIUM,35,LOW,PAYMENT_LINK
TXN10492,CUST1240,2730.38,AUTHENTICATION_FAILURE,4,LOYAL,50,MEDIUM,65,MEDIUM,STOP_AND_ESCALATE
TXN10493,CUST1225,849.96,AUTHENTICATION_FAILURE,2,NEW,25,LOW,20,LOW,MANUAL_REVIEW
TXN10494,CUST1033,8466.35,INSUFFICIENT_FUNDS,1,LOYAL,80,HIGH,80,HIGH,PAYMENT_LINK
TXN10495,CUST1243,6751.8,TEMPORARY_BANK_ERROR,3,RETURNING,40,MEDIUM,50,MEDIUM,STOP_AND_ESCALATE
TXN10496,CUST1208,24415.02,CARD_EXPIRED,1,NEW,35,LOW,45,MEDIUM,CUSTOMER_PROMPT
TXN10497,CUST1108,45446.85,NETWORK_ERROR,2,RETURNING,70,HIGH,75,HIGH,RETRY
TXN10498,CUST1297,45190.1,TEMPORARY_BANK_ERROR,3,NEW,50,MEDIUM,75,HIGH,STOP_AND_ESCALATE
TXN10499,CUST1278,5999.97,NETWORK_ERROR,2,LOYAL,95,HIGH,70,HIGH,RETRY
TXN10500,CUST1275,1315.67,CARD_EXPIRED,3,RETURNING,10,LOW,30,LOW,STOP_AND_ESCALATE
TXN10501,CUST1081,907.4,TEMPORARY_BANK_ERROR,2,RETURNING,85,HIGH,55,MEDIUM,RETRY
TXN10502,CUST1014,4505.82,AUTHENTICATION_FAILURE,2,RETURNING,50,MEDIUM,45,MEDIUM,CUSTOMER_PROMPT
TXN10503,CUST1110,1551.3,INSUFFICIENT_FUNDS,3,RETURNING,40,MEDIUM,55,MEDIUM,STOP_AND_ESCALATE
TXN10504,CUST1005,13296.24,CARD_EXPIRED,3,LOYAL,35,LOW,65,MEDIUM,STOP_AND_ESCALATE
TXN10505,CUST1283,1441.58,NETWORK_ERROR,2,NEW,50,MEDIUM,30,LOW,RETRY
TXN10506,CUST1275,8890.48,NETWORK_ERROR,2,NEW,50,MEDIUM,40,MEDIUM,RETRY
TXN10507,CUST1245,719.99,TEMPORARY_BANK_ERROR,2,RETURNING,80,HIGH,45,MEDIUM,RETRY
TXN10508,CUST1177,8876.58,TEMPORARY_BANK_ERROR,3,NEW,25,LOW,35,LOW,STOP_AND_ESCALATE
TXN10509,CUST1098,922.23,UNKNOWN,3,RETURNING,40,MEDIUM,40,MEDIUM,STOP_AND_ESCALATE
TXN10510,CUST1078,37880.97,AUTHENTICATION_FAILURE,2,NEW,30,LOW,55,MEDIUM,CUSTOMER_PROMPT
TXN10511,CUST1188,35255.04,CARD_EXPIRED,2,NEW,45,MEDIUM,65,MEDIUM,CUSTOMER_PROMPT
TXN10512,CUST1191,449.66,INSUFFICIENT_FUNDS,1,NEW,35,LOW,20,LOW,PAYMENT_LINK
TXN10513,CUST1084,3106.83,NETWORK_ERROR,4,RETURNING,40,MEDIUM,40,MEDIUM,STOP_AND_ESCALATE
TXN10514,CUST1131,8540.17,TEMPORARY_BANK_ERROR,4,RETURNING,35,LOW,45,MEDIUM,STOP_AND_ESCALATE
TXN10515,CUST1200,33842.0,UNKNOWN,4,LOYAL,65,MEDIUM,95,HIGH,STOP_AND_ESCALATE
TXN10516,CUST1096,3756.86,CARD_EXPIRED,1,LOYAL,75,HIGH,60,MEDIUM,CUSTOMER_PROMPT
TXN10517,CUST1227,1502.25,NETWORK_ERROR,1,RETURNING,65,MEDIUM,40,MEDIUM,RETRY
TXN10518,CUST1228,2864.12,INSUFFICIENT_FUNDS,2,NEW,45,MEDIUM,35,LOW,PAYMENT_LINK
TXN10519,CUST1070,8519.76,TEMPORARY_BANK_ERROR,2,LOYAL,80,HIGH,65,MEDIUM,RETRY
TXN10520,CUST1008,9894.18,UNKNOWN,4,RETURNING,45,MEDIUM,65,MEDIUM,STOP_AND_ESCALATE
TXN10521,CUST1023,19390.18,TEMPORARY_BANK_ERROR,1,NEW,75,HIGH,60,MEDIUM,RETRY
TXN10522,CUST1125,1166.65,INSUFFICIENT_FUNDS,1,RETURNING,60,MEDIUM,45,MEDIUM,PAYMENT_LINK
TXN10523,CUST1206,14272.03,INSUFFICIENT_FUNDS,1,RETURNING,65,MEDIUM,65,MEDIUM,PAYMENT_LINK
TXN10524,CUST1197,35396.27,UNKNOWN,1,RETURNING,75,HIGH,90,HIGH,REMINDER
TXN10525,CUST1064,339.14,CARD_EXPIRED,4,NEW,0,LOW,15,LOW,STOP_AND_ESCALATE
TXN10526,CUST1205,10575.25,AUTHENTICATION_FAILURE,4,LOYAL,35,LOW,65,MEDIUM,STOP_AND_ESCALATE
TXN10527,CUST1128,3278.88,AUTHENTICATION_FAILURE,2,NEW,40,MEDIUM,35,LOW,CUSTOMER_PROMPT
TXN10528,CUST1043,6375.82,TEMPORARY_BANK_ERROR,2,NEW,50,MEDIUM,40,MEDIUM,RETRY
TXN10529,CUST1086,37983.86,NETWORK_ERROR,2,RETURNING,80,HIGH,80,HIGH,RETRY
TXN10530,CUST1070,29126.36,NETWORK_ERROR,1,RETURNING,75,HIGH,75,HIGH,RETRY
TXN10531,CUST1089,42330.73,NETWORK_ERROR,2,LOYAL,100,HIGH,90,HIGH,RETRY
TXN10532,CUST1055,1272.64,TEMPORARY_BANK_ERROR,2,RETURNING,80,HIGH,60,MEDIUM,RETRY
TXN10533,CUST1198,1254.72,CARD_EXPIRED,2,NEW,25,LOW,25,LOW,MANUAL_REVIEW
TXN10534,CUST1040,26494.66,TEMPORARY_BANK_ERROR,1,RETURNING,70,HIGH,75,HIGH,RETRY
TXN10535,CUST1136,344.05,TEMPORARY_BANK_ERROR,1,NEW,55,MEDIUM,25,LOW,RETRY
TXN10536,CUST1073,2891.79,TEMPORARY_BANK_ERROR,2,NEW,65,MEDIUM,35,LOW,RETRY
TXN10537,CUST1046,1161.21,INSUFFICIENT_FUNDS,1,RETURNING,45,MEDIUM,40,MEDIUM,PAYMENT_LINK
TXN10538,CUST1153,20282.51,NETWORK_ERROR,4,NEW,30,LOW,45,MEDIUM,STOP_AND_ESCALATE
TXN10539,CUST1183,43175.41,AUTHENTICATION_FAILURE,4,RETURNING,35,LOW,80,HIGH,STOP_AND_ESCALATE
TXN10540,CUST1188,43938.87,UNKNOWN,3,LOYAL,45,MEDIUM,80,HIGH,STOP_AND_ESCALATE
TXN10541,CUST1147,5567.2,AUTHENTICATION_FAILURE,3,RETURNING,10,LOW,40,MEDIUM,STOP_AND_ESCALATE
TXN10542,CUST1067,7994.21,NETWORK_ERROR,1,RETURNING,80,HIGH,60,MEDIUM,RETRY
TXN10543,CUST1097,9656.12,AUTHENTICATION_FAILURE,1,RETURNING,40,MEDIUM,50,MEDIUM,CUSTOMER_PROMPT
TXN10544,CUST1129,6087.25,TEMPORARY_BANK_ERROR,3,NEW,45,MEDIUM,55,MEDIUM,STOP_AND_ESCALATE
TXN10545,CUST1133,7824.2,AUTHENTICATION_FAILURE,2,LOYAL,55,MEDIUM,60,MEDIUM,CUSTOMER_PROMPT
TXN10546,CUST1154,14326.2,INSUFFICIENT_FUNDS,3,RETURNING,45,MEDIUM,75,HIGH,STOP_AND_ESCALATE
TXN10547,CUST1270,1731.53,TEMPORARY_BANK_ERROR,3,NEW,40,MEDIUM,35,LOW,STOP_AND_ESCALATE
TXN10548,CUST1013,451.98,CARD_EXPIRED,4,LOYAL,30,LOW,40,MEDIUM,STOP_AND_ESCALATE
TXN10549,CUST1222,17714.82,CARD_EXPIRED,1,RETURNING,65,MEDIUM,75,HIGH,CUSTOMER_PROMPT
TXN10550,CUST1129,1157.45,AUTHENTICATION_FAILURE,4,RETURNING,35,LOW,50,MEDIUM,STOP_AND_ESCALATE
TXN10551,CUST1249,417.55,TEMPORARY_BANK_ERROR,4,RETURNING,40,MEDIUM,35,LOW,STOP_AND_ESCALATE
TXN10552,CUST1148,801.0,NETWORK_ERROR,2,RETURNING,85,HIGH,55,MEDIUM,RETRY
TXN10553,CUST1085,45736.19,NETWORK_ERROR,2,RETURNING,80,HIGH,80,HIGH,RETRY
TXN10554,CUST1247,804.38,AUTHENTICATION_FAILURE,2,RETURNING,55,MEDIUM,40,MEDIUM,CUSTOMER_PROMPT
TXN10555,CUST1282,522.28,NETWORK_ERROR,4,RETURNING,40,MEDIUM,35,LOW,STOP_AND_ESCALATE
TXN10556,CUST1286,8622.98,NETWORK_ERROR,1,RETURNING,80,HIGH,60,MEDIUM,RETRY
TXN10557,CUST1245,5502.76,TEMPORARY_BANK_ERROR,3,NEW,45,MEDIUM,55,MEDIUM,STOP_AND_ESCALATE
TXN10558,CUST1217,4801.24,INSUFFICIENT_FUNDS,1,RETURNING,45,MEDIUM,40,MEDIUM,PAYMENT_LINK
TXN10559,CUST1207,6805.74,INSUFFICIENT_FUNDS,2,RETURNING,60,MEDIUM,55,MEDIUM,PAYMENT_LINK
TXN10560,CUST1258,9396.21,TEMPORARY_BANK_ERROR,2,LOYAL,80,HIGH,65,MEDIUM,RETRY
TXN10561,CUST1281,6473.19,INSUFFICIENT_FUNDS,2,NEW,30,LOW,35,LOW,PAYMENT_LINK
TXN10562,CUST1168,4766.53,TEMPORARY_BANK_ERROR,1,RETURNING,85,HIGH,50,MEDIUM,RETRY
TXN10563,CUST1197,18071.8,NETWORK_ERROR,3,RETURNING,45,MEDIUM,60,MEDIUM,STOP_AND_ESCALATE
TXN10564,CUST1150,1052.48,INSUFFICIENT_FUNDS,1,LOYAL,85,HIGH,70,HIGH,PAYMENT_LINK
TXN10565,CUST1219,49432.15,TEMPORARY_BANK_ERROR,2,NEW,70,HIGH,70,HIGH,RETRY
TXN10566,CUST1057,35382.26,TEMPORARY_BANK_ERROR,3,NEW,30,LOW,55,MEDIUM,STOP_AND_ESCALATE
TXN10567,CUST1142,853.13,NETWORK_ERROR,4,NEW,45,MEDIUM,40,MEDIUM,STOP_AND_ESCALATE
TXN10568,CUST1214,25488.93,UNKNOWN,2,NEW,55,MEDIUM,65,MEDIUM,REMINDER
TXN10569,CUST1104,877.96,UNKNOWN,3,LOYAL,40,MEDIUM,45,MEDIUM,STOP_AND_ESCALATE
TXN10570,CUST1000,5913.33,UNKNOWN,4,RETURNING,35,LOW,50,MEDIUM,STOP_AND_ESCALATE
TXN10571,CUST1293,25999.32,CARD_EXPIRED,3,LOYAL,35,LOW,75,HIGH,STOP_AND_ESCALATE
TXN10572,CUST1167,21292.55,NETWORK_ERROR,3,RETURNING,40,MEDIUM,60,MEDIUM,STOP_AND_ESCALATE
TXN10573,CUST1194,758.29,AUTHENTICATION_FAILURE,1,RETURNING,45,MEDIUM,35,LOW,CUSTOMER_PROMPT
TXN10574,CUST1185,44518.38,AUTHENTICATION_FAILURE,4,RETURNING,35,LOW,70,HIGH,STOP_AND_ESCALATE
TXN10575,CUST1205,1686.64,INSUFFICIENT_FUNDS,1,RETURNING,65,MEDIUM,55,MEDIUM,PAYMENT_LINK
TXN10576,CUST1054,431.33,TEMPORARY_BANK_ERROR,4,NEW,25,LOW,20,LOW,STOP_AND_ESCALATE
TXN10577,CUST1192,1977.62,NETWORK_ERROR,4,RETURNING,55,MEDIUM,55,MEDIUM,STOP_AND_ESCALATE
TXN10578,CUST1295,1495.82,NETWORK_ERROR,1,NEW,55,MEDIUM,30,LOW,RETRY
TXN10579,CUST1107,970.03,AUTHENTICATION_FAILURE,3,NEW,20,LOW,35,LOW,STOP_AND_ESCALATE
TXN10580,CUST1181,9098.51,UNKNOWN,4,RETURNING,25,LOW,45,MEDIUM,STOP_AND_ESCALATE
TXN10581,CUST1276,28889.94,CARD_EXPIRED,1,RETURNING,70,HIGH,90,HIGH,CUSTOMER_PROMPT
TXN10582,CUST1183,905.08,TEMPORARY_BANK_ERROR,4,RETURNING,40,MEDIUM,35,LOW,STOP_AND_ESCALATE
TXN10583,CUST1117,1938.81,TEMPORARY_BANK_ERROR,2,RETURNING,80,HIGH,60,MEDIUM,RETRY
TXN10584,CUST1245,489.61,INSUFFICIENT_FUNDS,4,NEW,25,LOW,35,LOW,STOP_AND_ESCALATE
TXN10585,CUST1195,1167.8,CARD_EXPIRED,4,NEW,15,LOW,25,LOW,STOP_AND_ESCALATE
TXN10586,CUST1208,1177.82,INSUFFICIENT_FUNDS,4,RETURNING,15,LOW,30,LOW,STOP_AND_ESCALATE
TXN10587,CUST1108,1811.31,INSUFFICIENT_FUNDS,4,RETURNING,30,LOW,40,MEDIUM,STOP_AND_ESCALATE
TXN10588,CUST1166,4086.53,INSUFFICIENT_FUNDS,2,NEW,30,LOW,25,LOW,PAYMENT_LINK
TXN10589,CUST1200,28004.39,INSUFFICIENT_FUNDS,4,RETURNING,40,MEDIUM,75,HIGH,STOP_AND_ESCALATE
TXN10590,CUST1193,638.19,CARD_EXPIRED,4,RETURNING,15,LOW,25,LOW,STOP_AND_ESCALATE
TXN10591,CUST1139,1145.97,INSUFFICIENT_FUNDS,1,NEW,50,MEDIUM,35,LOW,PAYMENT_LINK
TXN10592,CUST1296,10271.86,AUTHENTICATION_FAILURE,4,RETURNING,15,LOW,50,MEDIUM,STOP_AND_ESCALATE
TXN10593,CUST1043,13543.13,AUTHENTICATION_FAILURE,2,NEW,50,MEDIUM,65,MEDIUM,CUSTOMER_PROMPT
TXN10594,CUST1175,26695.66,UNKNOWN,3,LOYAL,45,MEDIUM,80,HIGH,STOP_AND_ESCALATE
TXN10595,CUST1218,4031.62,INSUFFICIENT_FUNDS,3,RETURNING,30,LOW,40,MEDIUM,STOP_AND_ESCALATE
TXN10596,CUST1055,44649.08,TEMPORARY_BANK_ERROR,4,RETURNING,60,MEDIUM,75,HIGH,STOP_AND_ESCALATE
TXN10597,CUST1257,8221.05,NETWORK_ERROR,4,NEW,45,MEDIUM,55,MEDIUM,STOP_AND_ESCALATE
TXN10598,CUST1215,23175.17,INSUFFICIENT_FUNDS,3,LOYAL,60,MEDIUM,85,HIGH,STOP_AND_ESCALATE
TXN10599,CUST1127,1836.54,AUTHENTICATION_FAILURE,2,RETURNING,60,MEDIUM,55,MEDIUM,CUSTOMER_PROMPT
TXN10600,CUST1199,23351.06,AUTHENTICATION_FAILURE,2,RETURNING,60,MEDIUM,65,MEDIUM,CUSTOMER_PROMPT
TXN10601,CUST1038,5593.7,TEMPORARY_BANK_ERROR,4,NEW,25,LOW,35,LOW,STOP_AND_ESCALATE
TXN10602,CUST1251,38304.82,CARD_EXPIRED,2,RETURNING,60,MEDIUM,75,HIGH,CUSTOMER_PROMPT
TXN10603,CUST1292,268.76,INSUFFICIENT_FUNDS,2,RETURNING,60,MEDIUM,40,MEDIUM,PAYMENT_LINK
TXN10604,CUST1097,4340.95,NETWORK_ERROR,1,RETURNING,85,HIGH,50,MEDIUM,RETRY
TXN10605,CUST1127,28690.44,TEMPORARY_BANK_ERROR,4,LOYAL,75,HIGH,90,HIGH,STOP_AND_ESCALATE
TXN10606,CUST1146,999.71,UNKNOWN,4,LOYAL,35,LOW,40,MEDIUM,STOP_AND_ESCALATE
TXN10607,CUST1096,35564.31,INSUFFICIENT_FUNDS,4,RETURNING,25,LOW,65,MEDIUM,STOP_AND_ESCALATE
TXN10608,CUST1122,18920.39,TEMPORARY_BANK_ERROR,4,LOYAL,60,MEDIUM,70,HIGH,STOP_AND_ESCALATE
TXN10609,CUST1209,36007.49,INSUFFICIENT_FUNDS,3,RETURNING,20,LOW,65,MEDIUM,STOP_AND_ESCALATE
TXN10610,CUST1163,314.63,NETWORK_ERROR,3,RETURNING,40,MEDIUM,35,LOW,STOP_AND_ESCALATE
TXN10611,CUST1229,1144.57,INSUFFICIENT_FUNDS,1,LOYAL,80,HIGH,60,MEDIUM,PAYMENT_LINK
TXN10612,CUST1012,23722.07,TEMPORARY_BANK_ERROR,3,RETURNING,55,MEDIUM,65,MEDIUM,STOP_AND_ESCALATE
TXN10613,CUST1263,5673.97,TEMPORARY_BANK_ERROR,3,RETURNING,50,MEDIUM,55,MEDIUM,STOP_AND_ESCALATE
TXN10614,CUST1030,23356.1,NETWORK_ERROR,4,RETURNING,60,MEDIUM,65,MEDIUM,STOP_AND_ESCALATE
TXN10615,CUST1036,6215.87,NETWORK_ERROR,4,RETURNING,55,MEDIUM,55,MEDIUM,STOP_AND_ESCALATE
TXN10616,CUST1248,6701.8,TEMPORARY_BANK_ERROR,1,NEW,75,HIGH,60,MEDIUM,RETRY
TXN10617,CUST1134,11064.33,AUTHENTICATION_FAILURE,3,RETURNING,20,LOW,55,MEDIUM,STOP_AND_ESCALATE
TXN10618,CUST1152,4270.1,AUTHENTICATION_FAILURE,3,RETURNING,15,LOW,30,LOW,STOP_AND_ESCALATE
TXN10619,CUST1292,8501.99,NETWORK_ERROR,3,RETURNING,55,MEDIUM,65,MEDIUM,STOP_AND_ESCALATE
TXN10620,CUST1258,1094.01,TEMPORARY_BANK_ERROR,1,RETURNING,65,MEDIUM,40,MEDIUM,RETRY
TXN10621,CUST1015,1481.0,TEMPORARY_BANK_ERROR,2,LOYAL,95,HIGH,70,HIGH,RETRY
TXN10622,CUST1074,45803.06,CARD_EXPIRED,2,RETURNING,60,MEDIUM,85,HIGH,CUSTOMER_PROMPT
TXN10623,CUST1175,24181.93,UNKNOWN,3,LOYAL,65,MEDIUM,85,HIGH,STOP_AND_ESCALATE
TXN10624,CUST1111,9254.98,NETWORK_ERROR,1,RETURNING,70,HIGH,55,MEDIUM,RETRY
TXN10625,CUST1180,4685.12,TEMPORARY_BANK_ERROR,2,RETURNING,80,HIGH,50,MEDIUM,RETRY
TXN10626,CUST1299,2694.18,INSUFFICIENT_FUNDS,2,RETURNING,55,MEDIUM,45,MEDIUM,PAYMENT_LINK
TXN10627,CUST1100,1330.72,AUTHENTICATION_FAILURE,1,RETURNING,45,MEDIUM,40,MEDIUM,CUSTOMER_PROMPT
TXN10628,CUST1296,529.16,TEMPORARY_BANK_ERROR,3,LOYAL,70,HIGH,55,MEDIUM,STOP_AND_ESCALATE
TXN10629,CUST1031,1604.26,TEMPORARY_BANK_ERROR,1,RETURNING,90,HIGH,60,MEDIUM,RETRY
TXN10630,CUST1113,1892.35,TEMPORARY_BANK_ERROR,1,RETURNING,70,HIGH,45,MEDIUM,RETRY
TXN10631,CUST1207,1496.9,AUTHENTICATION_FAILURE,1,RETURNING,65,MEDIUM,55,MEDIUM,CUSTOMER_PROMPT
TXN10632,CUST1111,9837.45,AUTHENTICATION_FAILURE,2,NEW,25,LOW,35,LOW,MANUAL_REVIEW
TXN10633,CUST1068,3691.24,UNKNOWN,4,RETURNING,45,MEDIUM,55,MEDIUM,STOP_AND_ESCALATE
TXN10634,CUST1285,9713.86,INSUFFICIENT_FUNDS,3,RETURNING,15,LOW,40,MEDIUM,STOP_AND_ESCALATE
TXN10635,CUST1245,365.55,UNKNOWN,3,RETURNING,40,MEDIUM,40,MEDIUM,STOP_AND_ESCALATE
TXN10636,CUST1255,2962.9,CARD_EXPIRED,2,NEW,25,LOW,25,LOW,MANUAL_REVIEW
TXN10637,CUST1125,4886.09,AUTHENTICATION_FAILURE,3,NEW,0,LOW,20,LOW,STOP_AND_ESCALATE
TXN10638,CUST1145,1745.08,NETWORK_ERROR,3,LOYAL,70,HIGH,60,MEDIUM,STOP_AND_ESCALATE
TXN10639,CUST1263,2748.38,TEMPORARY_BANK_ERROR,3,RETURNING,40,MEDIUM,40,MEDIUM,STOP_AND_ESCALATE
TXN10640,CUST1039,1786.56,NETWORK_ERROR,4,RETURNING,55,MEDIUM,55,MEDIUM,STOP_AND_ESCALATE
TXN10641,CUST1096,5481.91,NETWORK_ERROR,1,NEW,75,HIGH,60,MEDIUM,RETRY
TXN10642,CUST1268,618.43,CARD_EXPIRED,2,RETURNING,55,MEDIUM,40,MEDIUM,CUSTOMER_PROMPT
TXN10643,CUST1175,6329.36,UNKNOWN,1,NEW,55,MEDIUM,45,MEDIUM,REMINDER
TXN10644,CUST1272,6526.25,NETWORK_ERROR,3,LOYAL,55,MEDIUM,60,MEDIUM,STOP_AND_ESCALATE
TXN10645,CUST1150,3966.3,AUTHENTICATION_FAILURE,3,RETURNING,10,LOW,30,LOW,STOP_AND_ESCALATE
TXN10646,CUST1268,1020.72,INSUFFICIENT_FUNDS,1,RETURNING,50,MEDIUM,40,MEDIUM,PAYMENT_LINK
TXN10647,CUST1209,15009.2,NETWORK_ERROR,4,NEW,50,MEDIUM,65,MEDIUM,STOP_AND_ESCALATE
TXN10648,CUST1209,35921.21,NETWORK_ERROR,3,RETURNING,45,MEDIUM,70,HIGH,STOP_AND_ESCALATE
TXN10649,CUST1142,10986.8,NETWORK_ERROR,2,RETURNING,65,MEDIUM,60,MEDIUM,RETRY
TXN10650,CUST1231,3874.37,INSUFFICIENT_FUNDS,3,NEW,25,LOW,40,MEDIUM,STOP_AND_ESCALATE
TXN10651,CUST1086,462.89,AUTHENTICATION_FAILURE,2,NEW,45,MEDIUM,40,MEDIUM,CUSTOMER_PROMPT
TXN10652,CUST1167,43767.44,TEMPORARY_BANK_ERROR,4,RETURNING,45,MEDIUM,70,HIGH,STOP_AND_ESCALATE
TXN10653,CUST1068,3724.66,UNKNOWN,1,NEW,40,MEDIUM,30,LOW,REMINDER
TXN10654,CUST1129,288.75,TEMPORARY_BANK_ERROR,4,RETURNING,40,MEDIUM,35,LOW,STOP_AND_ESCALATE
TXN10655,CUST1037,1461.45,UNKNOWN,1,LOYAL,70,HIGH,55,MEDIUM,REMINDER
TXN10656,CUST1047,3004.53,CARD_EXPIRED,1,RETURNING,60,MEDIUM,55,MEDIUM,CUSTOMER_PROMPT
TXN10657,CUST1068,481.97,INSUFFICIENT_FUNDS,3,RETURNING,35,LOW,35,LOW,STOP_AND_ESCALATE
TXN10658,CUST1038,8027.05,TEMPORARY_BANK_ERROR,4,RETURNING,40,MEDIUM,50,MEDIUM,STOP_AND_ESCALATE
TXN10659,CUST1014,40582.73,NETWORK_ERROR,4,RETURNING,65,MEDIUM,85,HIGH,STOP_AND_ESCALATE
TXN10660,CUST1059,619.64,TEMPORARY_BANK_ERROR,3,RETURNING,50,MEDIUM,40,MEDIUM,STOP_AND_ESCALATE
TXN10661,CUST1278,719.45,AUTHENTICATION_FAILURE,1,RETURNING,45,MEDIUM,35,LOW,CUSTOMER_PROMPT
TXN10662,CUST1288,9601.28,INSUFFICIENT_FUNDS,2,LOYAL,75,HIGH,70,HIGH,PAYMENT_LINK
TXN10663,CUST1083,1696.49,TEMPORARY_BANK_ERROR,3,RETURNING,50,MEDIUM,45,MEDIUM,STOP_AND_ESCALATE
TXN10664,CUST1006,40926.71,TEMPORARY_BANK_ERROR,2,RETURNING,65,MEDIUM,70,HIGH,RETRY
TXN10665,CUST1133,32068.49,INSUFFICIENT_FUNDS,4,RETURNING,40,MEDIUM,85,HIGH,STOP_AND_ESCALATE
TXN10666,CUST1100,1022.98,AUTHENTICATION_FAILURE,3,NEW,20,LOW,40,MEDIUM,STOP_AND_ESCALATE
TXN10667,CUST1284,7935.22,TEMPORARY_BANK_ERROR,3,LOYAL,55,MEDIUM,60,MEDIUM,STOP_AND_ESCALATE
TXN10668,CUST1115,3427.98,AUTHENTICATION_FAILURE,3,NEW,0,LOW,20,LOW,STOP_AND_ESCALATE
TXN10669,CUST1234,38095.95,NETWORK_ERROR,2,LOYAL,100,HIGH,100,HIGH,RETRY
TXN10670,CUST1028,8417.39,AUTHENTICATION_FAILURE,3,RETURNING,30,LOW,50,MEDIUM,STOP_AND_ESCALATE
TXN10671,CUST1193,10721.16,UNKNOWN,3,RETURNING,30,LOW,55,MEDIUM,STOP_AND_ESCALATE
TXN10672,CUST1190,41326.4,AUTHENTICATION_FAILURE,3,NEW,5,LOW,50,MEDIUM,STOP_AND_ESCALATE
TXN10673,CUST1148,38991.48,NETWORK_ERROR,3,NEW,50,MEDIUM,75,HIGH,STOP_AND_ESCALATE
TXN10674,CUST1148,477.61,INSUFFICIENT_FUNDS,1,LOYAL,85,HIGH,65,MEDIUM,PAYMENT_LINK
TXN10675,CUST1011,454.93,CARD_EXPIRED,2,LOYAL,70,HIGH,65,MEDIUM,CUSTOMER_PROMPT
TXN10676,CUST1261,554.84,UNKNOWN,4,RETURNING,25,LOW,30,LOW,STOP_AND_ESCALATE
TXN10677,CUST1273,2740.04,TEMPORARY_BANK_ERROR,2,RETURNING,80,HIGH,50,MEDIUM,RETRY
TXN10678,CUST1041,12900.89,AUTHENTICATION_FAILURE,2,RETURNING,60,MEDIUM,75,HIGH,CUSTOMER_PROMPT
TXN10679,CUST1285,4697.36,INSUFFICIENT_FUNDS,3,LOYAL,50,MEDIUM,55,MEDIUM,STOP_AND_ESCALATE
TXN10680,CUST1052,1135.35,INSUFFICIENT_FUNDS,3,RETURNING,20,LOW,35,LOW,STOP_AND_ESCALATE
TXN10681,CUST1249,417.47,TEMPORARY_BANK_ERROR,4,RETURNING,40,MEDIUM,35,LOW,STOP_AND_ESCALATE
TXN10682,CUST1057,36028.98,UNKNOWN,2,RETURNING,75,HIGH,90,HIGH,REMINDER
TXN10683,CUST1026,1099.52,TEMPORARY_BANK_ERROR,1,RETURNING,90,HIGH,60,MEDIUM,RETRY
TXN10684,CUST1021,31995.08,UNKNOWN,4,LOYAL,45,MEDIUM,80,HIGH,STOP_AND_ESCALATE
TXN10685,CUST1221,9797.11,TEMPORARY_BANK_ERROR,4,NEW,25,LOW,35,LOW,STOP_AND_ESCALATE
TXN10686,CUST1005,7314.73,NETWORK_ERROR,2,RETURNING,65,MEDIUM,50,MEDIUM,RETRY
TXN10687,CUST1263,32506.22,INSUFFICIENT_FUNDS,4,NEW,25,LOW,60,MEDIUM,STOP_AND_ESCALATE
TXN10688,CUST1251,15711.43,INSUFFICIENT_FUNDS,4,LOYAL,60,MEDIUM,85,HIGH,STOP_AND_ESCALATE
TXN10689,CUST1135,7616.55,TEMPORARY_BANK_ERROR,3,RETURNING,60,MEDIUM,65,MEDIUM,STOP_AND_ESCALATE
TXN10690,CUST1220,24693.62,CARD_EXPIRED,2,LOYAL,75,HIGH,80,HIGH,CUSTOMER_PROMPT
TXN10691,CUST1064,698.54,TEMPORARY_BANK_ERROR,4,RETURNING,60,MEDIUM,50,MEDIUM,STOP_AND_ESCALATE
TXN10692,CUST1216,337.1,NETWORK_ERROR,2,LOYAL,80,HIGH,50,MEDIUM,RETRY
TXN10693,CUST1290,6304.22,TEMPORARY_BANK_ERROR,4,NEW,25,LOW,35,LOW,STOP_AND_ESCALATE
TXN10694,CUST1102,42980.68,NETWORK_ERROR,2,RETURNING,65,MEDIUM,70,HIGH,RETRY
TXN10695,CUST1291,2300.19,AUTHENTICATION_FAILURE,1,RETURNING,60,MEDIUM,55,MEDIUM,CUSTOMER_PROMPT
TXN10696,CUST1032,31663.88,CARD_EXPIRED,3,RETURNING,20,LOW,65,MEDIUM,STOP_AND_ESCALATE
TXN10697,CUST1140,7311.43,NETWORK_ERROR,1,NEW,55,MEDIUM,40,MEDIUM,RETRY
TXN10698,CUST1085,19866.26,AUTHENTICATION_FAILURE,1,RETURNING,65,MEDIUM,65,MEDIUM,CUSTOMER_PROMPT
TXN10699,CUST1063,5308.91,AUTHENTICATION_FAILURE,4,NEW,15,LOW,35,LOW,STOP_AND_ESCALATE
TXN10700,CUST1104,1787.39,INSUFFICIENT_FUNDS,2,RETURNING,60,MEDIUM,45,MEDIUM,PAYMENT_LINK
TXN10701,CUST1102,18208.8,INSUFFICIENT_FUNDS,4,RETURNING,20,LOW,55,MEDIUM,STOP_AND_ESCALATE
TXN10702,CUST1209,49534.82,INSUFFICIENT_FUNDS,2,NEW,35,LOW,55,MEDIUM,PAYMENT_LINK
TXN10703,CUST1132,8274.46,CARD_EXPIRED,4,RETURNING,25,LOW,50,MEDIUM,STOP_AND_ESCALATE
TXN10704,CUST1292,9634.43,INSUFFICIENT_FUNDS,4,RETURNING,40,MEDIUM,65,MEDIUM,STOP_AND_ESCALATE
TXN10705,CUST1022,29368.53,CARD_EXPIRED,3,RETURNING,20,LOW,65,MEDIUM,STOP_AND_ESCALATE
TXN10706,CUST1044,34617.16,UNKNOWN,4,NEW,15,LOW,50,MEDIUM,STOP_AND_ESCALATE
TXN10707,CUST1174,47361.32,INSUFFICIENT_FUNDS,2,RETURNING,45,MEDIUM,70,HIGH,PAYMENT_LINK
TXN10708,CUST1082,6136.54,AUTHENTICATION_FAILURE,2,RETURNING,55,MEDIUM,55,MEDIUM,CUSTOMER_PROMPT
TXN10709,CUST1128,20740.2,INSUFFICIENT_FUNDS,1,RETURNING,50,MEDIUM,60,MEDIUM,PAYMENT_LINK
TXN10710,CUST1279,45652.56,AUTHENTICATION_FAILURE,1,NEW,35,LOW,55,MEDIUM,CUSTOMER_PROMPT
TXN10711,CUST1289,216.94,NETWORK_ERROR,3,RETURNING,50,MEDIUM,40,MEDIUM,STOP_AND_ESCALATE
TXN10712,CUST1028,1637.35,UNKNOWN,3,RETURNING,45,MEDIUM,55,MEDIUM,STOP_AND_ESCALATE
TXN10713,CUST1296,1625.57,CARD_EXPIRED,2,RETURNING,55,MEDIUM,45,MEDIUM,CUSTOMER_PROMPT
TXN10714,CUST1274,10363.93,NETWORK_ERROR,1,LOYAL,90,HIGH,75,HIGH,RETRY
TXN10715,CUST1261,1321.14,UNKNOWN,1,RETURNING,55,MEDIUM,40,MEDIUM,REMINDER
TXN10716,CUST1092,458.99,TEMPORARY_BANK_ERROR,2,RETURNING,60,MEDIUM,35,LOW,RETRY
TXN10717,CUST1148,708.79,NETWORK_ERROR,4,NEW,40,MEDIUM,30,LOW,STOP_AND_ESCALATE
TXN10718,CUST1143,26809.98,TEMPORARY_BANK_ERROR,4,RETURNING,60,MEDIUM,85,HIGH,STOP_AND_ESCALATE
TXN10719,CUST1149,25049.18,UNKNOWN,2,LOYAL,65,MEDIUM,80,HIGH,REMINDER
TXN10720,CUST1093,5765.14,INSUFFICIENT_FUNDS,4,NEW,25,LOW,50,MEDIUM,STOP_AND_ESCALATE
TXN10721,CUST1202,901.59,AUTHENTICATION_FAILURE,1,LOYAL,75,HIGH,55,MEDIUM,CUSTOMER_PROMPT
TXN10722,CUST1236,5797.29,INSUFFICIENT_FUNDS,3,LOYAL,35,LOW,55,MEDIUM,STOP_AND_ESCALATE
TXN10723,CUST1252,301.77,INSUFFICIENT_FUNDS,4,NEW,25,LOW,35,LOW,STOP_AND_ESCALATE
TXN10724,CUST1138,8235.08,NETWORK_ERROR,2,NEW,70,HIGH,60,MEDIUM,RETRY
TXN10725,CUST1265,1671.02,INSUFFICIENT_FUNDS,3,RETURNING,35,LOW,40,MEDIUM,STOP_AND_ESCALATE
TXN10726,CUST1137,41765.38,INSUFFICIENT_FUNDS,3,RETURNING,25,LOW,65,MEDIUM,STOP_AND_ESCALATE
TXN10727,CUST1042,27237.65,INSUFFICIENT_FUNDS,2,LOYAL,80,HIGH,90,HIGH,PAYMENT_LINK
TXN10728,CUST1148,15399.14,INSUFFICIENT_FUNDS,2,RETURNING,65,MEDIUM,65,MEDIUM,PAYMENT_LINK
TXN10729,CUST1023,4655.67,INSUFFICIENT_FUNDS,2,RETURNING,60,MEDIUM,45,MEDIUM,PAYMENT_LINK
TXN10730,CUST1074,1694.14,TEMPORARY_BANK_ERROR,2,RETURNING,60,MEDIUM,40,MEDIUM,RETRY
TXN10731,CUST1186,4474.64,INSUFFICIENT_FUNDS,3,RETURNING,35,LOW,50,MEDIUM,STOP_AND_ESCALATE
TXN10732,CUST1157,5321.68,INSUFFICIENT_FUNDS,1,RETURNING,45,MEDIUM,50,MEDIUM,PAYMENT_LINK
TXN10733,CUST1167,2031.31,NETWORK_ERROR,4,RETURNING,50,MEDIUM,45,MEDIUM,STOP_AND_ESCALATE
TXN10734,CUST1238,5985.09,TEMPORARY_BANK_ERROR,2,LOYAL,100,HIGH,80,HIGH,RETRY
TXN10735,CUST1160,614.32,INSUFFICIENT_FUNDS,1,LOYAL,65,MEDIUM,45,MEDIUM,PAYMENT_LINK
TXN10736,CUST1252,10164.25,NETWORK_ERROR,1,LOYAL,90,HIGH,75,HIGH,RETRY
TXN10737,CUST1084,16843.44,CARD_EXPIRED,1,RETURNING,45,MEDIUM,60,MEDIUM,CUSTOMER_PROMPT
TXN10738,CUST1235,980.0,AUTHENTICATION_FAILURE,3,RETURNING,30,LOW,35,LOW,STOP_AND_ESCALATE
TXN10739,CUST1286,32892.61,INSUFFICIENT_FUNDS,3,RETURNING,25,LOW,65,MEDIUM,STOP_AND_ESCALATE
TXN10740,CUST1203,1949.54,TEMPORARY_BANK_ERROR,4,LOYAL,70,HIGH,60,MEDIUM,STOP_AND_ESCALATE
TXN10741,CUST1064,972.7,TEMPORARY_BANK_ERROR,2,RETURNING,80,HIGH,55,MEDIUM,RETRY
TXN10742,CUST1181,26001.19,CARD_EXPIRED,2,LOYAL,75,HIGH,90,HIGH,CUSTOMER_PROMPT
TXN10743,CUST1138,37534.3,UNKNOWN,1,RETURNING,60,MEDIUM,70,HIGH,REMINDER
TXN10744,CUST1196,31416.53,INSUFFICIENT_FUNDS,1,LOYAL,70,HIGH,85,HIGH,PAYMENT_LINK
TXN10745,CUST1264,378.57,TEMPORARY_BANK_ERROR,2,RETURNING,60,MEDIUM,35,LOW,RETRY
TXN10746,CUST1203,8400.42,TEMPORARY_BANK_ERROR,2,LOYAL,100,HIGH,80,HIGH,RETRY
TXN10747,CUST1165,44117.77,UNKNOWN,1,RETURNING,80,HIGH,90,HIGH,REMINDER
TXN10748,CUST1114,1313.42,TEMPORARY_BANK_ERROR,2,RETURNING,60,MEDIUM,40,MEDIUM,RETRY
TXN10749,CUST1178,4478.62,INSUFFICIENT_FUNDS,3,NEW,25,LOW,40,MEDIUM,STOP_AND_ESCALATE
TXN10750,CUST1018,4615.73,NETWORK_ERROR,2,LOYAL,95,HIGH,60,MEDIUM,RETRY
TXN10751,CUST1168,18025.28,INSUFFICIENT_FUNDS,1,RETURNING,50,MEDIUM,60,MEDIUM,PAYMENT_LINK
TXN10752,CUST1104,23608.92,TEMPORARY_BANK_ERROR,2,RETURNING,80,HIGH,70,HIGH,RETRY
TXN10753,CUST1162,2600.91,UNKNOWN,4,LOYAL,40,MEDIUM,50,MEDIUM,STOP_AND_ESCALATE
TXN10754,CUST1169,5684.2,AUTHENTICATION_FAILURE,2,LOYAL,55,MEDIUM,60,MEDIUM,CUSTOMER_PROMPT
TXN10755,CUST1227,1641.77,NETWORK_ERROR,4,NEW,25,LOW,25,LOW,STOP_AND_ESCALATE
TXN10756,CUST1135,1642.45,UNKNOWN,1,NEW,40,MEDIUM,30,LOW,REMINDER
TXN10757,CUST1138,6249.08,TEMPORARY_BANK_ERROR,4,LOYAL,70,HIGH,70,HIGH,STOP_AND_ESCALATE
TXN10758,CUST1274,270.2,INSUFFICIENT_FUNDS,1,RETURNING,60,MEDIUM,40,MEDIUM,PAYMENT_LINK
TXN10759,CUST1083,295.23,INSUFFICIENT_FUNDS,2,RETURNING,45,MEDIUM,35,LOW,PAYMENT_LINK
TXN10760,CUST1042,4322.66,UNKNOWN,4,NEW,30,LOW,40,MEDIUM,STOP_AND_ESCALATE
TXN10761,CUST1245,2056.77,INSUFFICIENT_FUNDS,2,RETURNING,45,MEDIUM,40,MEDIUM,PAYMENT_LINK
TXN10762,CUST1198,35684.41,CARD_EXPIRED,1,RETURNING,50,MEDIUM,70,HIGH,CUSTOMER_PROMPT
TXN10763,CUST1051,2604.97,INSUFFICIENT_FUNDS,1,RETURNING,50,MEDIUM,40,MEDIUM,PAYMENT_LINK
TXN10764,CUST1060,1587.24,INSUFFICIENT_FUNDS,1,LOYAL,80,HIGH,60,MEDIUM,PAYMENT_LINK
TXN10765,CUST1066,1046.27,NETWORK_ERROR,2,NEW,50,MEDIUM,30,LOW,RETRY
TXN10766,CUST1270,1469.37,INSUFFICIENT_FUNDS,3,NEW,5,LOW,20,LOW,STOP_AND_ESCALATE
TXN10767,CUST1250,1159.4,TEMPORARY_BANK_ERROR,2,RETURNING,80,HIGH,60,MEDIUM,RETRY
TXN10768,CUST1140,13141.45,AUTHENTICATION_FAILURE,1,LOYAL,85,HIGH,90,HIGH,CUSTOMER_PROMPT
TXN10769,CUST1147,5946.24,TEMPORARY_BANK_ERROR,4,RETURNING,40,MEDIUM,50,MEDIUM,STOP_AND_ESCALATE
TXN10770,CUST1280,5633.26,TEMPORARY_BANK_ERROR,3,RETURNING,55,MEDIUM,55,MEDIUM,STOP_AND_ESCALATE
TXN10771,CUST1104,47310.85,NETWORK_ERROR,2,RETURNING,90,HIGH,90,HIGH,RETRY
TXN10772,CUST1206,5869.89,TEMPORARY_BANK_ERROR,1,LOYAL,80,HIGH,65,MEDIUM,RETRY
TXN10773,CUST1214,41140.64,INSUFFICIENT_FUNDS,2,RETURNING,45,MEDIUM,70,HIGH,PAYMENT_LINK
TXN10774,CUST1102,34926.9,TEMPORARY_BANK_ERROR,4,NEW,30,LOW,55,MEDIUM,STOP_AND_ESCALATE
TXN10775,CUST1265,8120.09,AUTHENTICATION_FAILURE,3,RETURNING,15,LOW,40,MEDIUM,STOP_AND_ESCALATE
TXN10776,CUST1293,353.43,AUTHENTICATION_FAILURE,2,NEW,25,LOW,20,LOW,MANUAL_REVIEW
TXN10777,CUST1104,9740.95,TEMPORARY_BANK_ERROR,3,LOYAL,55,MEDIUM,60,MEDIUM,STOP_AND_ESCALATE
TXN10778,CUST1055,9051.01,INSUFFICIENT_FUNDS,3,NEW,20,LOW,40,MEDIUM,STOP_AND_ESCALATE
TXN10779,CUST1217,758.87,NETWORK_ERROR,4,RETURNING,40,MEDIUM,35,LOW,STOP_AND_ESCALATE
TXN10780,CUST1287,2563.61,INSUFFICIENT_FUNDS,2,NEW,45,MEDIUM,35,LOW,PAYMENT_LINK
TXN10781,CUST1179,17897.95,NETWORK_ERROR,3,RETURNING,65,MEDIUM,75,HIGH,STOP_AND_ESCALATE
TXN10782,CUST1222,6991.05,AUTHENTICATION_FAILURE,4,RETURNING,35,LOW,60,MEDIUM,STOP_AND_ESCALATE
TXN10783,CUST1025,33372.79,NETWORK_ERROR,1,RETURNING,90,HIGH,80,HIGH,RETRY
TXN10784,CUST1012,27540.32,INSUFFICIENT_FUNDS,4,RETURNING,20,LOW,65,MEDIUM,STOP_AND_ESCALATE
TXN10785,CUST1272,4769.78,UNKNOWN,2,NEW,50,MEDIUM,35,LOW,REMINDER
TXN10786,CUST1281,3077.84,AUTHENTICATION_FAILURE,1,RETURNING,40,MEDIUM,40,MEDIUM,CUSTOMER_PROMPT
TXN10787,CUST1270,1845.15,CARD_EXPIRED,4,NEW,0,LOW,20,LOW,STOP_AND_ESCALATE
TXN10788,CUST1222,9577.51,TEMPORARY_BANK_ERROR,1,LOYAL,100,HIGH,80,HIGH,RETRY
TXN10789,CUST1202,5064.93,AUTHENTICATION_FAILURE,2,NEW,25,LOW,35,LOW,MANUAL_REVIEW
TXN10790,CUST1279,10453.3,INSUFFICIENT_FUNDS,4,LOYAL,40,MEDIUM,70,HIGH,STOP_AND_ESCALATE
TXN10791,CUST1030,6370.58,INSUFFICIENT_FUNDS,4,RETURNING,15,LOW,40,MEDIUM,STOP_AND_ESCALATE
TXN10792,CUST1279,3142.45,UNKNOWN,2,RETURNING,65,MEDIUM,45,MEDIUM,REMINDER
TXN10793,CUST1073,36741.87,CARD_EXPIRED,1,RETURNING,45,MEDIUM,70,HIGH,CUSTOMER_PROMPT
TXN10794,CUST1197,4031.99,NETWORK_ERROR,3,RETURNING,55,MEDIUM,45,MEDIUM,STOP_AND_ESCALATE
TXN10795,CUST1287,13169.98,INSUFFICIENT_FUNDS,2,NEW,50,MEDIUM,55,MEDIUM,PAYMENT_LINK
TXN10796,CUST1037,2187.44,TEMPORARY_BANK_ERROR,1,RETURNING,90,HIGH,60,MEDIUM,RETRY
TXN10797,CUST1055,289.82,CARD_EXPIRED,4,NEW,15,LOW,20,LOW,STOP_AND_ESCALATE
TXN10798,CUST1001,1715.44,TEMPORARY_BANK_ERROR,2,NEW,70,HIGH,50,MEDIUM,RETRY
TXN10799,CUST1049,1641.92,TEMPORARY_BANK_ERROR,2,LOYAL,100,HIGH,70,HIGH,RETRY
TXN10800,CUST1079,48674.62,INSUFFICIENT_FUNDS,2,RETURNING,60,MEDIUM,75,HIGH,PAYMENT_LINK
TXN10801,CUST1026,5541.44,AUTHENTICATION_FAILURE,1,NEW,30,LOW,35,LOW,CUSTOMER_PROMPT
TXN10802,CUST1045,7292.07,CARD_EXPIRED,1,RETURNING,65,MEDIUM,65,MEDIUM,CUSTOMER_PROMPT
TXN10803,CUST1016,46879.5,UNKNOWN,4,LOYAL,60,MEDIUM,85,HIGH,STOP_AND_ESCALATE
TXN10804,CUST1131,4141.93,UNKNOWN,1,RETURNING,55,MEDIUM,40,MEDIUM,REMINDER
TXN10805,CUST1155,13039.74,NETWORK_ERROR,3,LOYAL,60,MEDIUM,70,HIGH,STOP_AND_ESCALATE
TXN10806,CUST1001,1015.92,AUTHENTICATION_FAILURE,1,RETURNING,45,MEDIUM,40,MEDIUM,CUSTOMER_PROMPT
TXN10807,CUST1006,1133.49,TEMPORARY_BANK_ERROR,2,NEW,65,MEDIUM,35,LOW,RETRY
TXN10808,CUST1079,5447.43,NETWORK_ERROR,3,LOYAL,50,MEDIUM,60,MEDIUM,STOP_AND_ESCALATE
TXN10809,CUST1274,38872.02,AUTHENTICATION_FAILURE,2,NEW,30,LOW,55,MEDIUM,CUSTOMER_PROMPT
TXN10810,CUST1234,430.44,TEMPORARY_BANK_ERROR,2,NEW,65,MEDIUM,30,LOW,RETRY
TXN10811,CUST1020,48826.72,INSUFFICIENT_FUNDS,3,NEW,10,LOW,50,MEDIUM,STOP_AND_ESCALATE
TXN10812,CUST1027,44558.19,AUTHENTICATION_FAILURE,3,NEW,20,LOW,60,MEDIUM,STOP_AND_ESCALATE
TXN10813,CUST1290,947.39,NETWORK_ERROR,4,RETURNING,50,MEDIUM,40,MEDIUM,STOP_AND_ESCALATE
TXN10814,CUST1240,529.13,CARD_EXPIRED,1,LOYAL,80,HIGH,65,MEDIUM,CUSTOMER_PROMPT
TXN10815,CUST1212,23586.42,INSUFFICIENT_FUNDS,1,LOYAL,85,HIGH,80,HIGH,PAYMENT_LINK
TXN10816,CUST1146,37079.07,INSUFFICIENT_FUNDS,3,LOYAL,60,MEDIUM,95,HIGH,STOP_AND_ESCALATE
TXN10817,CUST1160,34438.38,AUTHENTICATION_FAILURE,2,RETURNING,65,MEDIUM,85,HIGH,CUSTOMER_PROMPT
TXN10818,CUST1076,1671.23,AUTHENTICATION_FAILURE,2,RETURNING,50,MEDIUM,45,MEDIUM,CUSTOMER_PROMPT
TXN10819,CUST1119,15529.82,TEMPORARY_BANK_ERROR,2,RETURNING,90,HIGH,80,HIGH,RETRY
TXN10820,CUST1096,8459.02,AUTHENTICATION_FAILURE,2,RETURNING,55,MEDIUM,55,MEDIUM,CUSTOMER_PROMPT
TXN10821,CUST1038,3702.59,NETWORK_ERROR,2,LOYAL,80,HIGH,55,MEDIUM,RETRY
TXN10822,CUST1041,787.5,TEMPORARY_BANK_ERROR,3,RETURNING,60,MEDIUM,50,MEDIUM,STOP_AND_ESCALATE
TXN10823,CUST1225,12255.27,AUTHENTICATION_FAILURE,4,RETURNING,35,LOW,70,HIGH,STOP_AND_ESCALATE
TXN10824,CUST1084,35619.33,TEMPORARY_BANK_ERROR,3,RETURNING,60,MEDIUM,75,HIGH,STOP_AND_ESCALATE
TXN10825,CUST1220,1619.27,TEMPORARY_BANK_ERROR,2,RETURNING,75,HIGH,50,MEDIUM,RETRY
TXN10826,CUST1263,8235.47,UNKNOWN,2,RETURNING,65,MEDIUM,55,MEDIUM,REMINDER
TXN10827,CUST1036,37025.76,AUTHENTICATION_FAILURE,4,RETURNING,35,LOW,70,HIGH,STOP_AND_ESCALATE
TXN10828,CUST1183,30012.21,NETWORK_ERROR,2,LOYAL,100,HIGH,100,HIGH,RETRY
TXN10829,CUST1274,7969.76,AUTHENTICATION_FAILURE,3,NEW,15,LOW,35,LOW,STOP_AND_ESCALATE
TXN10830,CUST1000,908.81,INSUFFICIENT_FUNDS,2,RETURNING,45,MEDIUM,35,LOW,PAYMENT_LINK
TXN10831,CUST1024,9551.02,UNKNOWN,1,LOYAL,80,HIGH,70,HIGH,REMINDER
TXN10832,CUST1037,4436.3,UNKNOWN,1,RETURNING,50,MEDIUM,40,MEDIUM,REMINDER
TXN10833,CUST1144,1649.34,TEMPORARY_BANK_ERROR,4,LOYAL,55,MEDIUM,50,MEDIUM,STOP_AND_ESCALATE
TXN10834,CUST1209,1866.3,NETWORK_ERROR,1,NEW,70,HIGH,40,MEDIUM,RETRY
TXN10835,CUST1093,1821.12,UNKNOWN,2,RETURNING,70,HIGH,60,MEDIUM,REMINDER
TXN10836,CUST1255,3029.85,TEMPORARY_BANK_ERROR,3,RETURNING,55,MEDIUM,45,MEDIUM,STOP_AND_ESCALATE
TXN10837,CUST1058,2958.98,TEMPORARY_BANK_ERROR,2,RETURNING,60,MEDIUM,40,MEDIUM,RETRY
TXN10838,CUST1068,14406.88,CARD_EXPIRED,3,RETURNING,30,LOW,60,MEDIUM,STOP_AND_ESCALATE
TXN10839,CUST1046,1099.65,INSUFFICIENT_FUNDS,1,RETURNING,50,MEDIUM,40,MEDIUM,PAYMENT_LINK
TXN10840,CUST1130,6221.97,UNKNOWN,1,LOYAL,85,HIGH,80,HIGH,REMINDER
TXN10841,CUST1295,32221.0,INSUFFICIENT_FUNDS,3,NEW,30,LOW,70,HIGH,STOP_AND_ESCALATE
TXN10842,CUST1089,45244.21,UNKNOWN,1,LOYAL,75,HIGH,85,HIGH,REMINDER
TXN10843,CUST1174,1814.61,AUTHENTICATION_FAILURE,4,RETURNING,25,LOW,40,MEDIUM,STOP_AND_ESCALATE
TXN10844,CUST1164,210.75,INSUFFICIENT_FUNDS,2,NEW,45,MEDIUM,30,LOW,PAYMENT_LINK
TXN10845,CUST1039,459.24,INSUFFICIENT_FUNDS,1,LOYAL,80,HIGH,55,MEDIUM,PAYMENT_LINK
TXN10846,CUST1094,38301.42,TEMPORARY_BANK_ERROR,3,RETURNING,60,MEDIUM,75,HIGH,STOP_AND_ESCALATE
TXN10847,CUST1280,9316.02,TEMPORARY_BANK_ERROR,3,NEW,40,MEDIUM,45,MEDIUM,STOP_AND_ESCALATE
TXN10848,CUST1173,282.58,TEMPORARY_BANK_ERROR,4,RETURNING,55,MEDIUM,40,MEDIUM,STOP_AND_ESCALATE
TXN10849,CUST1016,45672.81,INSUFFICIENT_FUNDS,4,NEW,10,LOW,50,MEDIUM,STOP_AND_ESCALATE
TXN10850,CUST1004,1149.1,INSUFFICIENT_FUNDS,2,RETURNING,65,MEDIUM,55,MEDIUM,PAYMENT_LINK
TXN10851,CUST1280,23641.91,AUTHENTICATION_FAILURE,2,RETURNING,60,MEDIUM,65,MEDIUM,CUSTOMER_PROMPT
TXN10852,CUST1032,21745.3,AUTHENTICATION_FAILURE,1,RETURNING,70,HIGH,80,HIGH,CUSTOMER_PROMPT
TXN10853,CUST1143,39085.25,TEMPORARY_BANK_ERROR,4,NEW,45,MEDIUM,65,MEDIUM,STOP_AND_ESCALATE
TXN10854,CUST1154,36821.62,UNKNOWN,4,NEW,15,LOW,50,MEDIUM,STOP_AND_ESCALATE
TXN10855,CUST1234,3784.5,INSUFFICIENT_FUNDS,3,RETURNING,20,LOW,35,LOW,STOP_AND_ESCALATE
TXN10856,CUST1299,25245.88,INSUFFICIENT_FUNDS,2,RETURNING,50,MEDIUM,70,HIGH,PAYMENT_LINK
TXN10857,CUST1228,2760.36,CARD_EXPIRED,3,LOYAL,30,LOW,45,MEDIUM,STOP_AND_ESCALATE
TXN10858,CUST1204,1829.53,NETWORK_ERROR,3,RETURNING,55,MEDIUM,55,MEDIUM,STOP_AND_ESCALATE
TXN10859,CUST1295,29760.47,INSUFFICIENT_FUNDS,1,LOYAL,85,HIGH,90,HIGH,PAYMENT_LINK
TXN10860,CUST1233,32839.66,CARD_EXPIRED,3,NEW,5,LOW,50,MEDIUM,STOP_AND_ESCALATE
TXN10861,CUST1134,7017.44,INSUFFICIENT_FUNDS,3,RETURNING,40,MEDIUM,65,MEDIUM,STOP_AND_ESCALATE
TXN10862,CUST1016,9135.7,NETWORK_ERROR,4,NEW,40,MEDIUM,45,MEDIUM,STOP_AND_ESCALATE
TXN10863,CUST1246,29766.3,UNKNOWN,1,NEW,45,MEDIUM,60,MEDIUM,REMINDER
TXN10864,CUST1096,29320.47,INSUFFICIENT_FUNDS,1,RETURNING,65,MEDIUM,75,HIGH,PAYMENT_LINK
TXN10865,CUST1234,597.07,NETWORK_ERROR,3,LOYAL,55,MEDIUM,45,MEDIUM,STOP_AND_ESCALATE
TXN10866,CUST1243,27288.53,NETWORK_ERROR,3,NEW,30,LOW,55,MEDIUM,STOP_AND_ESCALATE
TXN10867,CUST1244,5489.52,INSUFFICIENT_FUNDS,3,NEW,25,LOW,50,MEDIUM,STOP_AND_ESCALATE
TXN10868,CUST1126,1589.54,INSUFFICIENT_FUNDS,2,RETURNING,65,MEDIUM,55,MEDIUM,PAYMENT_LINK
TXN10869,CUST1235,45553.7,UNKNOWN,1,RETURNING,80,HIGH,90,HIGH,REMINDER
TXN10870,CUST1037,41590.47,TEMPORARY_BANK_ERROR,2,RETURNING,70,HIGH,75,HIGH,RETRY
TXN10871,CUST1127,36773.93,NETWORK_ERROR,4,NEW,30,LOW,55,MEDIUM,STOP_AND_ESCALATE
TXN10872,CUST1157,2247.73,CARD_EXPIRED,3,RETURNING,10,LOW,30,LOW,STOP_AND_ESCALATE
TXN10873,CUST1196,233.07,TEMPORARY_BANK_ERROR,1,LOYAL,85,HIGH,50,MEDIUM,RETRY
TXN10874,CUST1040,7505.66,INSUFFICIENT_FUNDS,2,RETURNING,60,MEDIUM,55,MEDIUM,PAYMENT_LINK
TXN10875,CUST1211,9305.48,AUTHENTICATION_FAILURE,3,NEW,15,LOW,35,LOW,STOP_AND_ESCALATE
TXN10876,CUST1129,1522.79,NETWORK_ERROR,1,LOYAL,100,HIGH,70,HIGH,RETRY
TXN10877,CUST1137,35467.72,NETWORK_ERROR,2,RETURNING,85,HIGH,80,HIGH,RETRY
TXN10878,CUST1124,3649.37,NETWORK_ERROR,2,RETURNING,80,HIGH,50,MEDIUM,RETRY
TXN10879,CUST1081,8447.97,TEMPORARY_BANK_ERROR,3,RETURNING,50,MEDIUM,55,MEDIUM,STOP_AND_ESCALATE
TXN10880,CUST1228,31339.14,CARD_EXPIRED,3,LOYAL,35,LOW,75,HIGH,STOP_AND_ESCALATE
TXN10881,CUST1091,44807.87,TEMPORARY_BANK_ERROR,4,RETURNING,40,MEDIUM,70,HIGH,STOP_AND_ESCALATE
TXN10882,CUST1250,914.74,NETWORK_ERROR,4,RETURNING,55,MEDIUM,40,MEDIUM,STOP_AND_ESCALATE
TXN10883,CUST1281,10393.87,TEMPORARY_BANK_ERROR,3,RETURNING,60,MEDIUM,75,HIGH,STOP_AND_ESCALATE
TXN10884,CUST1016,4649.34,AUTHENTICATION_FAILURE,2,RETURNING,40,MEDIUM,40,MEDIUM,CUSTOMER_PROMPT
TXN10885,CUST1207,45718.58,TEMPORARY_BANK_ERROR,4,LOYAL,75,HIGH,90,HIGH,STOP_AND_ESCALATE
TXN10886,CUST1234,613.62,TEMPORARY_BANK_ERROR,2,LOYAL,80,HIGH,50,MEDIUM,RETRY
TXN10887,CUST1244,25446.24,UNKNOWN,1,LOYAL,75,HIGH,85,HIGH,REMINDER
TXN10888,CUST1111,3003.41,INSUFFICIENT_FUNDS,2,RETURNING,60,MEDIUM,45,MEDIUM,PAYMENT_LINK
TXN10889,CUST1060,720.98,TEMPORARY_BANK_ERROR,1,NEW,55,MEDIUM,25,LOW,RETRY
TXN10890,CUST1252,6160.94,NETWORK_ERROR,2,LOYAL,95,HIGH,70,HIGH,RETRY
TXN10891,CUST1190,6311.31,NETWORK_ERROR,2,RETURNING,65,MEDIUM,50,MEDIUM,RETRY
TXN10892,CUST1098,24636.78,TEMPORARY_BANK_ERROR,3,RETURNING,60,MEDIUM,65,MEDIUM,STOP_AND_ESCALATE
TXN10893,CUST1221,26091.79,AUTHENTICATION_FAILURE,1,LOYAL,60,MEDIUM,80,HIGH,CUSTOMER_PROMPT
TXN10894,CUST1118,37421.54,CARD_EXPIRED,2,LOYAL,55,MEDIUM,80,HIGH,CUSTOMER_PROMPT
TXN10895,CUST1092,19440.32,CARD_EXPIRED,4,NEW,5,LOW,40,MEDIUM,STOP_AND_ESCALATE
TXN10896,CUST1272,15970.72,AUTHENTICATION_FAILURE,2,NEW,30,LOW,45,MEDIUM,CUSTOMER_PROMPT
TXN10897,CUST1034,2961.89,AUTHENTICATION_FAILURE,4,RETURNING,30,LOW,40,MEDIUM,STOP_AND_ESCALATE
TXN10898,CUST1127,2887.25,UNKNOWN,1,RETURNING,75,HIGH,60,MEDIUM,REMINDER
TXN10899,CUST1297,512.22,AUTHENTICATION_FAILURE,2,RETURNING,35,LOW,30,LOW,CUSTOMER_PROMPT
TXN10900,CUST1085,1870.71,TEMPORARY_BANK_ERROR,1,LOYAL,80,HIGH,55,MEDIUM,RETRY
TXN10901,CUST1068,22531.04,TEMPORARY_BANK_ERROR,4,RETURNING,60,MEDIUM,65,MEDIUM,STOP_AND_ESCALATE
TXN10902,CUST1292,2393.17,NETWORK_ERROR,2,RETURNING,80,HIGH,50,MEDIUM,RETRY
TXN10903,CUST1272,25630.12,TEMPORARY_BANK_ERROR,4,LOYAL,80,HIGH,100,HIGH,STOP_AND_ESCALATE
TXN10904,CUST1073,6909.05,UNKNOWN,3,NEW,10,LOW,30,LOW,STOP_AND_ESCALATE
TXN10905,CUST1175,34459.79,TEMPORARY_BANK_ERROR,3,NEW,30,LOW,55,MEDIUM,STOP_AND_ESCALATE
TXN10906,CUST1113,493.38,TEMPORARY_BANK_ERROR,3,NEW,45,MEDIUM,40,MEDIUM,STOP_AND_ESCALATE
TXN10907,CUST1087,3020.42,INSUFFICIENT_FUNDS,4,NEW,25,LOW,40,MEDIUM,STOP_AND_ESCALATE
TXN10908,CUST1136,43657.59,TEMPORARY_BANK_ERROR,1,LOYAL,90,HIGH,85,HIGH,RETRY
TXN10909,CUST1169,1123.67,UNKNOWN,4,NEW,10,LOW,20,LOW,STOP_AND_ESCALATE
TXN10910,CUST1062,44410.13,INSUFFICIENT_FUNDS,1,RETURNING,55,MEDIUM,70,HIGH,PAYMENT_LINK
TXN10911,CUST1039,1089.97,TEMPORARY_BANK_ERROR,1,RETURNING,85,HIGH,50,MEDIUM,RETRY
TXN10912,CUST1016,7954.2,NETWORK_ERROR,3,NEW,40,MEDIUM,45,MEDIUM,STOP_AND_ESCALATE
TXN10913,CUST1133,1031.71,TEMPORARY_BANK_ERROR,1,NEW,55,MEDIUM,30,LOW,RETRY
TXN10914,CUST1234,5742.41,CARD_EXPIRED,4,LOYAL,50,MEDIUM,75,HIGH,STOP_AND_ESCALATE
TXN10915,CUST1165,1804.88,TEMPORARY_BANK_ERROR,2,LOYAL,95,HIGH,60,MEDIUM,RETRY
TXN10916,CUST1157,27953.27,INSUFFICIENT_FUNDS,3,NEW,30,LOW,70,HIGH,STOP_AND_ESCALATE
TXN10917,CUST1176,30009.26,INSUFFICIENT_FUNDS,4,RETURNING,40,MEDIUM,85,HIGH,STOP_AND_ESCALATE
TXN10918,CUST1082,663.29,UNKNOWN,1,RETURNING,65,MEDIUM,40,MEDIUM,REMINDER
TXN10919,CUST1169,8304.49,CARD_EXPIRED,3,RETURNING,30,LOW,50,MEDIUM,STOP_AND_ESCALATE
TXN10920,CUST1186,1728.98,INSUFFICIENT_FUNDS,2,NEW,45,MEDIUM,35,LOW,PAYMENT_LINK
TXN10921,CUST1207,24010.89,TEMPORARY_BANK_ERROR,4,RETURNING,55,MEDIUM,65,MEDIUM,STOP_AND_ESCALATE
TXN10922,CUST1076,5025.81,NETWORK_ERROR,4,NEW,45,MEDIUM,55,MEDIUM,STOP_AND_ESCALATE
TXN10923,CUST1227,17963.29,CARD_EXPIRED,4,NEW,5,LOW,40,MEDIUM,STOP_AND_ESCALATE
TXN10924,CUST1224,7125.04,NETWORK_ERROR,1,RETURNING,70,HIGH,55,MEDIUM,RETRY
TXN10925,CUST1055,8868.52,NETWORK_ERROR,3,RETURNING,55,MEDIUM,55,MEDIUM,STOP_AND_ESCALATE
TXN10926,CUST1230,1529.1,INSUFFICIENT_FUNDS,3,LOYAL,35,LOW,45,MEDIUM,STOP_AND_ESCALATE
TXN10927,CUST1092,48562.17,TEMPORARY_BANK_ERROR,4,NEW,30,LOW,55,MEDIUM,STOP_AND_ESCALATE
TXN10928,CUST1163,41278.1,AUTHENTICATION_FAILURE,4,LOYAL,35,LOW,75,HIGH,STOP_AND_ESCALATE
TXN10929,CUST1244,1496.06,TEMPORARY_BANK_ERROR,4,NEW,25,LOW,25,LOW,STOP_AND_ESCALATE
TXN10930,CUST1245,1888.44,INSUFFICIENT_FUNDS,4,NEW,25,LOW,40,MEDIUM,STOP_AND_ESCALATE
TXN10931,CUST1169,475.06,INSUFFICIENT_FUNDS,1,RETURNING,70,HIGH,55,MEDIUM,PAYMENT_LINK
TXN10932,CUST1118,286.11,INSUFFICIENT_FUNDS,1,LOYAL,85,HIGH,65,MEDIUM,PAYMENT_LINK
TXN10933,CUST1244,481.17,NETWORK_ERROR,4,RETURNING,40,MEDIUM,35,LOW,STOP_AND_ESCALATE
TXN10934,CUST1196,5252.44,INSUFFICIENT_FUNDS,1,RETURNING,65,MEDIUM,55,MEDIUM,PAYMENT_LINK
TXN10935,CUST1142,8873.8,INSUFFICIENT_FUNDS,4,LOYAL,35,LOW,55,MEDIUM,STOP_AND_ESCALATE
TXN10936,CUST1092,12635.76,AUTHENTICATION_FAILURE,2,RETURNING,45,MEDIUM,60,MEDIUM,CUSTOMER_PROMPT
TXN10937,CUST1132,1394.47,INSUFFICIENT_FUNDS,1,LOYAL,65,MEDIUM,50,MEDIUM,PAYMENT_LINK
TXN10938,CUST1298,4195.03,INSUFFICIENT_FUNDS,3,NEW,25,LOW,40,MEDIUM,STOP_AND_ESCALATE
TXN10939,CUST1062,7273.97,CARD_EXPIRED,4,NEW,0,LOW,30,LOW,STOP_AND_ESCALATE
TXN10940,CUST1044,41901.7,TEMPORARY_BANK_ERROR,2,RETURNING,80,HIGH,80,HIGH,RETRY
TXN10941,CUST1278,1531.56,NETWORK_ERROR,2,RETURNING,75,HIGH,50,MEDIUM,RETRY
TXN10942,CUST1086,9034.3,AUTHENTICATION_FAILURE,2,RETURNING,50,MEDIUM,55,MEDIUM,CUSTOMER_PROMPT
TXN10943,CUST1252,9944.32,UNKNOWN,3,RETURNING,25,LOW,45,MEDIUM,STOP_AND_ESCALATE
TXN10944,CUST1230,30101.9,AUTHENTICATION_FAILURE,1,RETURNING,50,MEDIUM,70,HIGH,CUSTOMER_PROMPT
TXN10945,CUST1142,973.89,INSUFFICIENT_FUNDS,3,NEW,25,LOW,35,LOW,STOP_AND_ESCALATE
TXN10946,CUST1198,1795.79,AUTHENTICATION_FAILURE,2,RETURNING,50,MEDIUM,45,MEDIUM,CUSTOMER_PROMPT
TXN10947,CUST1143,36047.08,AUTHENTICATION_FAILURE,2,LOYAL,60,MEDIUM,80,HIGH,CUSTOMER_PROMPT
TXN10948,CUST1270,48951.22,AUTHENTICATION_FAILURE,2,NEW,50,MEDIUM,75,HIGH,CUSTOMER_PROMPT
TXN10949,CUST1073,2203.76,TEMPORARY_BANK_ERROR,3,NEW,40,MEDIUM,35,LOW,STOP_AND_ESCALATE
TXN10950,CUST1027,25953.66,UNKNOWN,4,NEW,15,LOW,50,MEDIUM,STOP_AND_ESCALATE
TXN10951,CUST1073,22377.3,NETWORK_ERROR,4,NEW,50,MEDIUM,65,MEDIUM,STOP_AND_ESCALATE
TXN10952,CUST1213,12526.42,CARD_EXPIRED,4,RETURNING,30,LOW,60,MEDIUM,STOP_AND_ESCALATE
TXN10953,CUST1116,9246.88,CARD_EXPIRED,4,NEW,20,LOW,50,MEDIUM,STOP_AND_ESCALATE
TXN10954,CUST1286,1535.9,AUTHENTICATION_FAILURE,1,RETURNING,60,MEDIUM,45,MEDIUM,CUSTOMER_PROMPT
TXN10955,CUST1090,43287.65,TEMPORARY_BANK_ERROR,2,RETURNING,70,HIGH,75,HIGH,RETRY
TXN10956,CUST1290,1537.0,TEMPORARY_BANK_ERROR,4,LOYAL,50,MEDIUM,50,MEDIUM,STOP_AND_ESCALATE
TXN10957,CUST1174,12157.3,TEMPORARY_BANK_ERROR,3,NEW,45,MEDIUM,55,MEDIUM,STOP_AND_ESCALATE
TXN10958,CUST1190,1473.19,INSUFFICIENT_FUNDS,3,NEW,20,LOW,30,LOW,STOP_AND_ESCALATE
TXN10959,CUST1076,576.81,TEMPORARY_BANK_ERROR,2,LOYAL,95,HIGH,55,MEDIUM,RETRY
TXN10960,CUST1143,46304.66,TEMPORARY_BANK_ERROR,4,RETURNING,60,MEDIUM,75,HIGH,STOP_AND_ESCALATE
TXN10961,CUST1278,40914.96,TEMPORARY_BANK_ERROR,1,NEW,80,HIGH,80,HIGH,RETRY
TXN10962,CUST1119,7857.17,AUTHENTICATION_FAILURE,2,LOYAL,70,HIGH,70,HIGH,CUSTOMER_PROMPT
TXN10963,CUST1109,445.54,INSUFFICIENT_FUNDS,4,RETURNING,35,LOW,35,LOW,STOP_AND_ESCALATE
TXN10964,CUST1171,1554.07,AUTHENTICATION_FAILURE,3,NEW,0,LOW,20,LOW,STOP_AND_ESCALATE
TXN10965,CUST1215,33447.29,TEMPORARY_BANK_ERROR,4,RETURNING,55,MEDIUM,75,HIGH,STOP_AND_ESCALATE
TXN10966,CUST1183,22073.39,INSUFFICIENT_FUNDS,1,RETURNING,70,HIGH,70,HIGH,PAYMENT_LINK
TXN10967,CUST1115,47742.61,AUTHENTICATION_FAILURE,2,RETURNING,60,MEDIUM,75,HIGH,CUSTOMER_PROMPT
TXN10968,CUST1031,6478.04,TEMPORARY_BANK_ERROR,2,NEW,70,HIGH,60,MEDIUM,RETRY
TXN10969,CUST1219,28811.85,TEMPORARY_BANK_ERROR,3,NEW,45,MEDIUM,65,MEDIUM,STOP_AND_ESCALATE
TXN10970,CUST1002,5633.37,CARD_EXPIRED,3,LOYAL,30,LOW,55,MEDIUM,STOP_AND_ESCALATE
TXN10971,CUST1202,35495.7,TEMPORARY_BANK_ERROR,3,NEW,30,LOW,55,MEDIUM,STOP_AND_ESCALATE
TXN10972,CUST1015,369.79,INSUFFICIENT_FUNDS,1,LOYAL,85,HIGH,65,MEDIUM,PAYMENT_LINK
TXN10973,CUST1055,840.18,TEMPORARY_BANK_ERROR,2,RETURNING,85,HIGH,55,MEDIUM,RETRY
TXN10974,CUST1140,1087.92,TEMPORARY_BANK_ERROR,3,NEW,25,LOW,25,LOW,STOP_AND_ESCALATE
TXN10975,CUST1269,24542.33,TEMPORARY_BANK_ERROR,2,LOYAL,85,HIGH,75,HIGH,RETRY
TXN10976,CUST1088,1648.03,AUTHENTICATION_FAILURE,1,RETURNING,65,MEDIUM,55,MEDIUM,CUSTOMER_PROMPT
TXN10977,CUST1140,6921.1,AUTHENTICATION_FAILURE,2,RETURNING,35,LOW,45,MEDIUM,CUSTOMER_PROMPT
TXN10978,CUST1235,3370.43,TEMPORARY_BANK_ERROR,4,RETURNING,55,MEDIUM,45,MEDIUM,STOP_AND_ESCALATE
TXN10979,CUST1027,5120.14,CARD_EXPIRED,2,LOYAL,70,HIGH,70,HIGH,CUSTOMER_PROMPT
TXN10980,CUST1085,25942.64,NETWORK_ERROR,1,NEW,75,HIGH,70,HIGH,RETRY
TXN10981,CUST1112,44126.92,NETWORK_ERROR,1,RETURNING,70,HIGH,75,HIGH,RETRY
TXN10982,CUST1019,32853.58,AUTHENTICATION_FAILURE,1,RETURNING,65,MEDIUM,75,HIGH,CUSTOMER_PROMPT
TXN10983,CUST1073,501.82,INSUFFICIENT_FUNDS,1,RETURNING,50,MEDIUM,35,LOW,PAYMENT_LINK
TXN10984,CUST1063,2091.11,AUTHENTICATION_FAILURE,3,LOYAL,50,MEDIUM,65,MEDIUM,STOP_AND_ESCALATE
TXN10985,CUST1078,811.69,INSUFFICIENT_FUNDS,4,NEW,5,LOW,15,LOW,STOP_AND_ESCALATE
TXN10986,CUST1160,7516.92,INSUFFICIENT_FUNDS,1,RETURNING,45,MEDIUM,50,MEDIUM,PAYMENT_LINK
TXN10987,CUST1109,714.99,TEMPORARY_BANK_ERROR,3,LOYAL,70,HIGH,55,MEDIUM,STOP_AND_ESCALATE
TXN10988,CUST1165,41791.91,AUTHENTICATION_FAILURE,1,RETURNING,65,MEDIUM,85,HIGH,CUSTOMER_PROMPT
TXN10989,CUST1245,3000.5,CARD_EXPIRED,4,NEW,0,LOW,20,LOW,STOP_AND_ESCALATE
TXN10990,CUST1025,7885.01,INSUFFICIENT_FUNDS,4,RETURNING,20,LOW,45,MEDIUM,STOP_AND_ESCALATE
TXN10991,CUST1080,5458.42,TEMPORARY_BANK_ERROR,2,RETURNING,75,HIGH,60,MEDIUM,RETRY
TXN10992,CUST1015,9532.12,UNKNOWN,4,NEW,10,LOW,30,LOW,STOP_AND_ESCALATE
TXN10993,CUST1151,21044.75,CARD_EXPIRED,3,RETURNING,20,LOW,55,MEDIUM,STOP_AND_ESCALATE
TXN10994,CUST1192,40531.41,INSUFFICIENT_FUNDS,4,LOYAL,40,MEDIUM,80,HIGH,STOP_AND_ESCALATE
TXN10995,CUST1151,7868.24,AUTHENTICATION_FAILURE,4,LOYAL,30,LOW,55,MEDIUM,STOP_AND_ESCALATE
TXN10996,CUST1098,1771.88,AUTHENTICATION_FAILURE,2,NEW,40,MEDIUM,35,LOW,CUSTOMER_PROMPT
TXN10997,CUST1092,423.53,TEMPORARY_BANK_ERROR,1,RETURNING,70,HIGH,40,MEDIUM,RETRY
TXN10998,CUST1257,11672.86,INSUFFICIENT_FUNDS,3,RETURNING,40,MEDIUM,65,MEDIUM,STOP_AND_ESCALATE
TXN10999,CUST1208,914.91,INSUFFICIENT_FUNDS,3,LOYAL,35,LOW,40,MEDIUM,STOP_AND_ESCALATE
