transaction_id,amount_at_risk,failure_reason,recommended_action,priority,recovery_status,recovered_amount
TXN10000,873.17,TEMPORARY_BANK_ERROR,STOP_AND_ESCALATE,HIGH,ESCALATED,0.0
TXN10001,7206.46,AUTHENTICATION_FAILURE,CUSTOMER_PROMPT,MEDIUM,FAILED,0.0
TXN10002,11866.63,AUTHENTICATION_FAILURE,STOP_AND_ESCALATE,HIGH,ESCALATED,0.0
TXN10003,7441.78,CARD_EXPIRED,CUSTOMER_PROMPT,MEDIUM,RECOVERED,7441.78
TXN10004,29807.08,INSUFFICIENT_FUNDS,STOP_AND_ESCALATE,HIGH,ESCALATED,0.0
TXN10005,3478.65,CARD_EXPIRED,CUSTOMER_PROMPT,MEDIUM,RECOVERED,3478.65
TXN10006,1136.5,AUTHENTICATION_FAILURE,CUSTOMER_PROMPT,MEDIUM,RECOVERED,1136.5
TXN10007,732.29,INSUFFICIENT_FUNDS,STOP_AND_ESCALATE,HIGH,ESCALATED,0.0
TXN10008,6847.07,CARD_EXPIRED,STOP_AND_ESCALATE,HIGH,ESCALATED,0.0
TXN10009,35502.3,TEMPORARY_BANK_ERROR,RETRY,HIGH,FAILED,0.0
TXN10010,11617.34,INSUFFICIENT_FUNDS,STOP_AND_ESCALATE,HIGH,ESCALATED,0.0
TXN10011,46302.66,NETWORK_ERROR,STOP_AND_ESCALATE,HIGH,ESCALATED,0.0
TXN10012,9042.86,INSUFFICIENT_FUNDS,STOP_AND_ESCALATE,HIGH,ESCALATED,0.0
TXN10013,1652.39,INSUFFICIENT_FUNDS,STOP_AND_ESCALATE,HIGH,ESCALATED,0.0
TXN10014,18884.31,UNKNOWN,REMINDER,LOW,FAILED,0.0
TXN10015,19875.04,TEMPORARY_BANK_ERROR,STOP_AND_ESCALATE,HIGH,ESCALATED,0.0
TXN10016,1103.82,TEMPORARY_BANK_ERROR,STOP_AND_ESCALATE,HIGH,ESCALATED,0.0
TXN10017,19505.5,NETWORK_ERROR,RETRY,HIGH,FAILED,0.0
TXN10018,1636.02,TEMPORARY_BANK_ERROR,STOP_AND_ESCALATE,HIGH,ESCALATED,0.0
TXN10019,7526.81,INSUFFICIENT_FUNDS,PAYMENT_LINK,MEDIUM,RECOVERED,7526.81
TXN10020,663.29,TEMPORARY_BANK_ERROR,STOP_AND_ESCALATE,HIGH,ESCALATED,0.0
TXN10021,21154.85,CARD_EXPIRED,CUSTOMER_PROMPT,MEDIUM,RECOVERED,21154.85
TXN10022,3292.87,UNKNOWN,REMINDER,LOW,RECOVERED,3292.87
TXN10023,1444.41,INSUFFICIENT_FUNDS,STOP_AND_ESCALATE,HIGH,ESCALATED,0.0
TXN10024,31701.61,INSUFFICIENT_FUNDS,PAYMENT_LINK,MEDIUM,RECOVERED,31701.61
TXN10025,7048.48,AUTHENTICATION_FAILURE,CUSTOMER_PROMPT,MEDIUM,FAILED,0.0
TXN10026,8147.66,CARD_EXPIRED,STOP_AND_ESCALATE,HIGH,ESCALATED,0.0
TXN10027,1229.13,INSUFFICIENT_FUNDS,STOP_AND_ESCALATE,HIGH,ESCALATED,0.0
TXN10028,9439.2,INSUFFICIENT_FUNDS,STOP_AND_ESCALATE,HIGH,ESCALATED,0.0
TXN10029,38356.44,INSUFFICIENT_FUNDS,PAYMENT_LINK,MEDIUM,RECOVERED,38356.44
TXN10030,7199.06,INSUFFICIENT_FUNDS,PAYMENT_LINK,MEDIUM,RECOVERED,7199.06
TXN10031,6340.61,TEMPORARY_BANK_ERROR,RETRY,HIGH,FAILED,0.0
TXN10032,1139.04,TEMPORARY_BANK_ERROR,STOP_AND_ESCALATE,HIGH,ESCALATED,0.0
TXN10033,1955.53,INSUFFICIENT_FUNDS,STOP_AND_ESCALATE,HIGH,ESCALATED,0.0
TXN10034,344.57,INSUFFICIENT_FUNDS,STOP_AND_ESCALATE,HIGH,ESCALATED,0.0
TXN10035,48194.61,AUTHENTICATION_FAILURE,STOP_AND_ESCALATE,HIGH,ESCALATED,0.0
TXN10036,484.56,CARD_EXPIRED,STOP_AND_ESCALATE,HIGH,ESCALATED,0.0
TXN10037,8454.5,TEMPORARY_BANK_ERROR,RETRY,HIGH,RECOVERED,8454.5
TXN10038,873.3,TEMPORARY_BANK_ERROR,STOP_AND_ESCALATE,HIGH,ESCALATED,0.0
TXN10039,1891.41,CARD_EXPIRED,STOP_AND_ESCALATE,HIGH,ESCALATED,0.0
TXN10040,12774.45,TEMPORARY_BANK_ERROR,STOP_AND_ESCALATE,HIGH,ESCALATED,0.0
TXN10041,23624.98,NETWORK_ERROR,RETRY,HIGH,RECOVERED,23624.98
TXN10042,1645.27,UNKNOWN,STOP_AND_ESCALATE,HIGH,ESCALATED,0.0
TXN10043,812.45,NETWORK_ERROR,RETRY,MEDIUM,RECOVERED,812.45
TXN10044,21905.41,UNKNOWN,STOP_AND_ESCALATE,HIGH,ESCALATED,0.0
TXN10045,32937.52,INSUFFICIENT_FUNDS,PAYMENT_LINK,MEDIUM,FAILED,0.0
TXN10046,8316.16,AUTHENTICATION_FAILURE,CUSTOMER_PROMPT,MEDIUM,RECOVERED,8316.16
TXN10047,9748.25,CARD_EXPIRED,CUSTOMER_PROMPT,MEDIUM,FAILED,0.0
TXN10048,13393.51,INSUFFICIENT_FUNDS,STOP_AND_ESCALATE,HIGH,ESCALATED,0.0
TXN10049,38327.25,NETWORK_ERROR,RETRY,HIGH,FAILED,0.0
TXN10050,2090.82,TEMPORARY_BANK_ERROR,RETRY,MEDIUM,RECOVERED,2090.82
TXN10051,919.4,CARD_EXPIRED,CUSTOMER_PROMPT,MEDIUM,RECOVERED,919.4
TXN10052,46764.63,AUTHENTICATION_FAILURE,CUSTOMER_PROMPT,MEDIUM,FAILED,0.0
TXN10053,1328.6,UNKNOWN,STOP_AND_ESCALATE,HIGH,ESCALATED,0.0
TXN10054,3357.27,UNKNOWN,STOP_AND_ESCALATE,HIGH,ESCALATED,0.0
TXN10055,702.57,CARD_EXPIRED,CUSTOMER_PROMPT,MEDIUM,RECOVERED,702.57
TXN10056,11808.75,CARD_EXPIRED,STOP_AND_ESCALATE,HIGH,ESCALATED,0.0
TXN10057,884.6,INSUFFICIENT_FUNDS,PAYMENT_LINK,MEDIUM,RECOVERED,884.6
TXN10058,39996.43,NETWORK_ERROR,RETRY,HIGH,RECOVERED,39996.43
TXN10059,1009.98,NETWORK_ERROR,STOP_AND_ESCALATE,HIGH,ESCALATED,0.0
TXN10060,29048.43,CARD_EXPIRED,STOP_AND_ESCALATE,HIGH,ESCALATED,0.0
TXN10061,11151.31,NETWORK_ERROR,STOP_AND_ESCALATE,HIGH,ESCALATED,0.0
TXN10062,35465.77,NETWORK_ERROR,RETRY,HIGH,FAILED,0.0
TXN10063,8898.05,NETWORK_ERROR,STOP_AND_ESCALATE,HIGH,ESCALATED,0.0
TXN10064,35336.03,INSUFFICIENT_FUNDS,STOP_AND_ESCALATE,HIGH,ESCALATED,0.0
TXN10065,26466.45,TEMPORARY_BANK_ERROR,RETRY,HIGH,FAILED,0.0
TXN10066,4780.61,INSUFFICIENT_FUNDS,PAYMENT_LINK,MEDIUM,FAILED,0.0
TXN10067,1441.71,CARD_EXPIRED,STOP_AND_ESCALATE,HIGH,ESCALATED,0.0
TXN10068,17380.84,AUTHENTICATION_FAILURE,CUSTOMER_PROMPT,MEDIUM,FAILED,0.0
TXN10069,15909.56,CARD_EXPIRED,STOP_AND_ESCALATE,HIGH,ESCALATED,0.0
TXN10070,1004.34,TEMPORARY_BANK_ERROR,RETRY,MEDIUM,RECOVERED,1004.34
TXN10071,9123.33,AUTHENTICATION_FAILURE,STOP_AND_ESCALATE,HIGH,ESCALATED,0.0
TXN10072,1540.79,NETWORK_ERROR,RETRY,MEDIUM,FAILED,0.0
TXN10073,2060.27,TEMPORARY_BANK_ERROR,RETRY,MEDIUM,RECOVERED,2060.27
TXN10074,26415.87,UNKNOWN,STOP_AND_ESCALATE,HIGH,ESCALATED,0.0
TXN10075,47175.04,INSUFFICIENT_FUNDS,STOP_AND_ESCALATE,HIGH,ESCALATED,0.0
TXN10076,39449.89,INSUFFICIENT_FUNDS,PAYMENT_LINK,MEDIUM,FAILED,0.0
TXN10077,15376.59,INSUFFICIENT_FUNDS,PAYMENT_LINK,MEDIUM,FAILED,0.0
TXN10078,2933.45,TEMPORARY_BANK_ERROR,RETRY,MEDIUM,FAILED,0.0
TXN10079,5033.45,TEMPORARY_BANK_ERROR,RETRY,HIGH,FAILED,0.0
TXN10080,3491.05,INSUFFICIENT_FUNDS,PAYMENT_LINK,MEDIUM,FAILED,0.0
TXN10081,1483.81,AUTHENTICATION_FAILURE,CUSTOMER_PROMPT,MEDIUM,FAILED,0.0
TXN10082,27261.13,NETWORK_ERROR,STOP_AND_ESCALATE,HIGH,ESCALATED,0.0
TXN10083,9150.25,TEMPORARY_BANK_ERROR,STOP_AND_ESCALATE,HIGH,ESCALATED,0.0
TXN10084,5951.36,CARD_EXPIRED,STOP_AND_ESCALATE,HIGH,ESCALATED,0.0
TXN10085,1170.75,AUTHENTICATION_FAILURE,STOP_AND_ESCALATE,HIGH,ESCALATED,0.0
TXN10086,3452.6,INSUFFICIENT_FUNDS,PAYMENT_LINK,MEDIUM,RECOVERED,3452.6
TXN10087,20240.62,UNKNOWN,REMINDER,LOW,RECOVERED,20240.62
TXN10088,6609.73,UNKNOWN,REMINDER,LOW,RECOVERED,6609.73
TXN10089,1971.71,AUTHENTICATION_FAILURE,STOP_AND_ESCALATE,HIGH,ESCALATED,0.0
TXN10090,34148.86,CARD_EXPIRED,CUSTOMER_PROMPT,MEDIUM,RECOVERED,34148.86
TXN10091,2262.74,TEMPORARY_BANK_ERROR,RETRY,MEDIUM,RECOVERED,2262.74
TXN10092,1244.06,UNKNOWN,REMINDER,LOW,RECOVERED,1244.06
TXN10093,1993.37,TEMPORARY_BANK_ERROR,STOP_AND_ESCALATE,HIGH,ESCALATED,0.0
TXN10094,43462.59,NETWORK_ERROR,RETRY,HIGH,RECOVERED,43462.59
TXN10095,920.37,UNKNOWN,STOP_AND_ESCALATE,HIGH,ESCALATED,0.0
TXN10096,2203.07,TEMPORARY_BANK_ERROR,STOP_AND_ESCALATE,HIGH,ESCALATED,0.0
TXN10097,41996.64,NETWORK_ERROR,STOP_AND_ESCALATE,HIGH,ESCALATED,0.0
TXN10098,9700.23,INSUFFICIENT_FUNDS,PAYMENT_LINK,MEDIUM,FAILED,0.0
TXN10099,573.2,UNKNOWN,REMINDER,LOW,FAILED,0.0
TXN10100,4144.24,INSUFFICIENT_FUNDS,STOP_AND_ESCALATE,HIGH,ESCALATED,0.0
TXN10101,49414.69,AUTHENTICATION_FAILURE,CUSTOMER_PROMPT,MEDIUM,RECOVERED,49414.69
TXN10102,3743.97,NETWORK_ERROR,RETRY,MEDIUM,RECOVERED,3743.97
TXN10103,410.95,CARD_EXPIRED,STOP_AND_ESCALATE,HIGH,ESCALATED,0.0
TXN10104,1819.03,AUTHENTICATION_FAILURE,CUSTOMER_PROMPT,MEDIUM,RECOVERED,1819.03
TXN10105,16651.33,AUTHENTICATION_FAILURE,CUSTOMER_PROMPT,MEDIUM,FAILED,0.0
TXN10106,38861.31,UNKNOWN,REMINDER,LOW,FAILED,0.0
TXN10107,33803.12,TEMPORARY_BANK_ERROR,RETRY,HIGH,FAILED,0.0
TXN10108,29819.65,TEMPORARY_BANK_ERROR,STOP_AND_ESCALATE,HIGH,ESCALATED,0.0
TXN10109,1940.86,UNKNOWN,REMINDER,LOW,RECOVERED,1940.86
TXN10110,1174.42,NETWORK_ERROR,RETRY,MEDIUM,FAILED,0.0
TXN10111,7544.71,AUTHENTICATION_FAILURE,CUSTOMER_PROMPT,MEDIUM,RECOVERED,7544.71
TXN10112,1846.88,INSUFFICIENT_FUNDS,PAYMENT_LINK,MEDIUM,RECOVERED,1846.88
TXN10113,265.61,AUTHENTICATION_FAILURE,CUSTOMER_PROMPT,MEDIUM,FAILED,0.0
TXN10114,766.52,CARD_EXPIRED,CUSTOMER_PROMPT,MEDIUM,FAILED,0.0
TXN10115,1765.18,NETWORK_ERROR,STOP_AND_ESCALATE,HIGH,ESCALATED,0.0
TXN10116,1062.61,INSUFFICIENT_FUNDS,STOP_AND_ESCALATE,HIGH,ESCALATED,0.0
TXN10117,4836.62,INSUFFICIENT_FUNDS,PAYMENT_LINK,MEDIUM,FAILED,0.0
TXN10118,8383.12,AUTHENTICATION_FAILURE,CUSTOMER_PROMPT,MEDIUM,FAILED,0.0
TXN10119,47709.27,AUTHENTICATION_FAILURE,CUSTOMER_PROMPT,MEDIUM,FAILED,0.0
TXN10120,265.12,TEMPORARY_BANK_ERROR,RETRY,MEDIUM,FAILED,0.0
TXN10121,5169.54,CARD_EXPIRED,CUSTOMER_PROMPT,MEDIUM,RECOVERED,5169.54
TXN10122,1266.29,TEMPORARY_BANK_ERROR,RETRY,MEDIUM,RECOVERED,1266.29
TXN10123,32034.29,INSUFFICIENT_FUNDS,STOP_AND_ESCALATE,HIGH,ESCALATED,0.0
TXN10124,1157.68,AUTHENTICATION_FAILURE,STOP_AND_ESCALATE,HIGH,ESCALATED,0.0
TXN10125,1227.37,AUTHENTICATION_FAILURE,STOP_AND_ESCALATE,HIGH,ESCALATED,0.0
TXN10126,1760.13,AUTHENTICATION_FAILURE,CUSTOMER_PROMPT,MEDIUM,RECOVERED,1760.13
TXN10127,5723.29,TEMPORARY_BANK_ERROR,STOP_AND_ESCALATE,HIGH,ESCALATED,0.0
TXN10128,1696.84,AUTHENTICATION_FAILURE,STOP_AND_ESCALATE,HIGH,ESCALATED,0.0
TXN10129,430.21,UNKNOWN,REMINDER,LOW,RECOVERED,430.21
TXN10130,1904.14,TEMPORARY_BANK_ERROR,STOP_AND_ESCALATE,HIGH,ESCALATED,0.0
TXN10131,39986.07,TEMPORARY_BANK_ERROR,STOP_AND_ESCALATE,HIGH,ESCALATED,0.0
TXN10132,4019.82,UNKNOWN,STOP_AND_ESCALATE,HIGH,ESCALATED,0.0
TXN10133,7548.76,NETWORK_ERROR,STOP_AND_ESCALATE,HIGH,ESCALATED,0.0
TXN10134,255.34,NETWORK_ERROR,RETRY,MEDIUM,RECOVERED,255.34
TXN10135,1808.38,AUTHENTICATION_FAILURE,STOP_AND_ESCALATE,HIGH,ESCALATED,0.0
TXN10136,3229.11,NETWORK_ERROR,STOP_AND_ESCALATE,HIGH,ESCALATED,0.0
TXN10137,2009.85,AUTHENTICATION_FAILURE,STOP_AND_ESCALATE,HIGH,ESCALATED,0.0
TXN10138,41902.36,TEMPORARY_BANK_ERROR,RETRY,HIGH,FAILED,0.0
TXN10139,7255.21,AUTHENTICATION_FAILURE,STOP_AND_ESCALATE,HIGH,ESCALATED,0.0
TXN10140,455.49,UNKNOWN,REMINDER,LOW,FAILED,0.0
TXN10141,2265.59,AUTHENTICATION_FAILURE,CUSTOMER_PROMPT,MEDIUM,RECOVERED,2265.59
TXN10142,35457.21,UNKNOWN,STOP_AND_ESCALATE,HIGH,ESCALATED,0.0
TXN10143,7711.98,TEMPORARY_BANK_ERROR,STOP_AND_ESCALATE,HIGH,ESCALATED,0.0
TXN10144,7147.98,TEMPORARY_BANK_ERROR,STOP_AND_ESCALATE,HIGH,ESCALATED,0.0
TXN10145,593.59,TEMPORARY_BANK_ERROR,STOP_AND_ESCALATE,HIGH,ESCALATED,0.0
TXN10146,48991.73,NETWORK_ERROR,RETRY,HIGH,FAILED,0.0
TXN10147,7940.91,CARD_EXPIRED,STOP_AND_ESCALATE,HIGH,ESCALATED,0.0
TXN10148,6848.9,AUTHENTICATION_FAILURE,CUSTOMER_PROMPT,MEDIUM,RECOVERED,6848.9
TXN10149,8687.15,AUTHENTICATION_FAILURE,CUSTOMER_PROMPT,MEDIUM,FAILED,0.0
TXN10150,8834.23,INSUFFICIENT_FUNDS,STOP_AND_ESCALATE,HIGH,ESCALATED,0.0
TXN10151,7216.33,INSUFFICIENT_FUNDS,STOP_AND_ESCALATE,HIGH,ESCALATED,0.0
TXN10152,2587.9,CARD_EXPIRED,CUSTOMER_PROMPT,MEDIUM,FAILED,0.0
TXN10153,1906.45,NETWORK_ERROR,RETRY,MEDIUM,RECOVERED,1906.45
TXN10154,32325.61,UNKNOWN,REMINDER,LOW,RECOVERED,32325.61
TXN10155,269.82,AUTHENTICATION_FAILURE,CUSTOMER_PROMPT,MEDIUM,FAILED,0.0
TXN10156,1062.81,AUTHENTICATION_FAILURE,STOP_AND_ESCALATE,HIGH,ESCALATED,0.0
TXN10157,2239.76,TEMPORARY_BANK_ERROR,RETRY,MEDIUM,RECOVERED,2239.76
TXN10158,8944.27,UNKNOWN,REMINDER,LOW,FAILED,0.0
TXN10159,40740.77,UNKNOWN,REMINDER,LOW,FAILED,0.0
TXN10160,7209.21,INSUFFICIENT_FUNDS,PAYMENT_LINK,MEDIUM,RECOVERED,7209.21
TXN10161,6535.56,UNKNOWN,STOP_AND_ESCALATE,HIGH,ESCALATED,0.0
TXN10162,8541.86,INSUFFICIENT_FUNDS,STOP_AND_ESCALATE,HIGH,ESCALATED,0.0
TXN10163,3900.12,TEMPORARY_BANK_ERROR,RETRY,MEDIUM,RECOVERED,3900.12
TXN10164,8905.81,TEMPORARY_BANK_ERROR,STOP_AND_ESCALATE,HIGH,ESCALATED,0.0
TXN10165,8118.3,TEMPORARY_BANK_ERROR,STOP_AND_ESCALATE,HIGH,ESCALATED,0.0
TXN10166,47081.38,INSUFFICIENT_FUNDS,PAYMENT_LINK,MEDIUM,FAILED,0.0
TXN10167,9435.92,INSUFFICIENT_FUNDS,PAYMENT_LINK,MEDIUM,FAILED,0.0
TXN10168,31006.54,AUTHENTICATION_FAILURE,CUSTOMER_PROMPT,MEDIUM,RECOVERED,31006.54
TXN10169,31059.97,CARD_EXPIRED,CUSTOMER_PROMPT,MEDIUM,RECOVERED,31059.97
TXN10170,3398.01,AUTHENTICATION_FAILURE,STOP_AND_ESCALATE,HIGH,ESCALATED,0.0
TXN10171,5389.48,INSUFFICIENT_FUNDS,PAYMENT_LINK,MEDIUM,RECOVERED,5389.48
TXN10172,1752.03,TEMPORARY_BANK_ERROR,STOP_AND_ESCALATE,HIGH,ESCALATED,0.0
TXN10173,49511.42,INSUFFICIENT_FUNDS,PAYMENT_LINK,MEDIUM,FAILED,0.0
TXN10174,4728.38,INSUFFICIENT_FUNDS,PAYMENT_LINK,MEDIUM,FAILED,0.0
TXN10175,544.36,AUTHENTICATION_FAILURE,CUSTOMER_PROMPT,MEDIUM,RECOVERED,544.36
TXN10176,33712.48,INSUFFICIENT_FUNDS,PAYMENT_LINK,MEDIUM,RECOVERED,33712.48
TXN10177,6461.71,AUTHENTICATION_FAILURE,STOP_AND_ESCALATE,HIGH,ESCALATED,0.0
TXN10178,3363.65,TEMPORARY_BANK_ERROR,STOP_AND_ESCALATE,HIGH,ESCALATED,0.0
TXN10179,3876.9,NETWORK_ERROR,RETRY,MEDIUM,RECOVERED,3876.9
TXN10180,1321.45,NETWORK_ERROR,RETRY,MEDIUM,FAILED,0.0
TXN10181,13505.71,INSUFFICIENT_FUNDS,STOP_AND_ESCALATE,HIGH,ESCALATED,0.0
TXN10182,41451.04,INSUFFICIENT_FUNDS,STOP_AND_ESCALATE,HIGH,ESCALATED,0.0
TXN10183,5044.61,NETWORK_ERROR,STOP_AND_ESCALATE,HIGH,ESCALATED,0.0
TXN10184,7558.91,AUTHENTICATION_FAILURE,CUSTOMER_PROMPT,MEDIUM,FAILED,0.0
TXN10185,1075.71,INSUFFICIENT_FUNDS,PAYMENT_LINK,MEDIUM,FAILED,0.0
TXN10186,617.59,INSUFFICIENT_FUNDS,STOP_AND_ESCALATE,HIGH,ESCALATED,0.0
TXN10187,16080.99,INSUFFICIENT_FUNDS,PAYMENT_LINK,MEDIUM,FAILED,0.0
TXN10188,1314.1,NETWORK_ERROR,RETRY,MEDIUM,RECOVERED,1314.1
TXN10189,1311.49,TEMPORARY_BANK_ERROR,STOP_AND_ESCALATE,HIGH,ESCALATED,0.0
TXN10190,434.28,INSUFFICIENT_FUNDS,PAYMENT_LINK,MEDIUM,FAILED,0.0
TXN10191,1933.88,AUTHENTICATION_FAILURE,STOP_AND_ESCALATE,HIGH,ESCALATED,0.0
TXN10192,781.3,TEMPORARY_BANK_ERROR,RETRY,MEDIUM,FAILED,0.0
TXN10193,4127.89,AUTHENTICATION_FAILURE,CUSTOMER_PROMPT,MEDIUM,FAILED,0.0
TXN10194,1612.03,NETWORK_ERROR,STOP_AND_ESCALATE,HIGH,ESCALATED,0.0
TXN10195,28459.1,CARD_EXPIRED,STOP_AND_ESCALATE,HIGH,ESCALATED,0.0
TXN10196,469.3,NETWORK_ERROR,RETRY,MEDIUM,RECOVERED,469.3
TXN10197,25503.81,UNKNOWN,STOP_AND_ESCALATE,HIGH,ESCALATED,0.0
TXN10198,2787.07,INSUFFICIENT_FUNDS,STOP_AND_ESCALATE,HIGH,ESCALATED,0.0
TXN10199,658.74,CARD_EXPIRED,CUSTOMER_PROMPT,MEDIUM,FAILED,0.0
TXN10200,6658.8,TEMPORARY_BANK_ERROR,RETRY,HIGH,RECOVERED,6658.8
TXN10201,898.58,CARD_EXPIRED,STOP_AND_ESCALATE,HIGH,ESCALATED,0.0
TXN10202,20337.26,TEMPORARY_BANK_ERROR,RETRY,HIGH,RECOVERED,20337.26
TXN10203,7248.64,UNKNOWN,REMINDER,LOW,FAILED,0.0
TXN10204,48605.19,INSUFFICIENT_FUNDS,PAYMENT_LINK,MEDIUM,FAILED,0.0
TXN10205,2847.34,CARD_EXPIRED,CUSTOMER_PROMPT,MEDIUM,FAILED,0.0
TXN10206,215.8,INSUFFICIENT_FUNDS,PAYMENT_LINK,MEDIUM,RECOVERED,215.8
TXN10207,8520.13,AUTHENTICATION_FAILURE,STOP_AND_ESCALATE,HIGH,ESCALATED,0.0
TXN10208,1697.82,NETWORK_ERROR,STOP_AND_ESCALATE,HIGH,ESCALATED,0.0
TXN10209,4946.11,TEMPORARY_BANK_ERROR,RETRY,MEDIUM,RECOVERED,4946.11
TXN10210,1314.26,AUTHENTICATION_FAILURE,STOP_AND_ESCALATE,HIGH,ESCALATED,0.0
TXN10211,6484.72,INSUFFICIENT_FUNDS,STOP_AND_ESCALATE,HIGH,ESCALATED,0.0
TXN10212,4673.57,INSUFFICIENT_FUNDS,STOP_AND_ESCALATE,HIGH,ESCALATED,0.0
TXN10213,12501.69,UNKNOWN,REMINDER,LOW,RECOVERED,12501.69
TXN10214,37436.45,NETWORK_ERROR,RETRY,HIGH,FAILED,0.0
TXN10215,3322.19,NETWORK_ERROR,STOP_AND_ESCALATE,HIGH,ESCALATED,0.0
TXN10216,972.38,INSUFFICIENT_FUNDS,PAYMENT_LINK,MEDIUM,FAILED,0.0
TXN10217,288.72,TEMPORARY_BANK_ERROR,STOP_AND_ESCALATE,HIGH,ESCALATED,0.0
TXN10218,5776.01,INSUFFICIENT_FUNDS,STOP_AND_ESCALATE,HIGH,ESCALATED,0.0
TXN10219,971.0,TEMPORARY_BANK_ERROR,RETRY,MEDIUM,RECOVERED,971.0
TXN10220,23893.73,UNKNOWN,STOP_AND_ESCALATE,HIGH,ESCALATED,0.0
TXN10221,4081.0,NETWORK_ERROR,RETRY,MEDIUM,FAILED,0.0
TXN10222,20038.67,AUTHENTICATION_FAILURE,CUSTOMER_PROMPT,MEDIUM,FAILED,0.0
TXN10223,7661.97,AUTHENTICATION_FAILURE,CUSTOMER_PROMPT,MEDIUM,RECOVERED,7661.97
TXN10224,44479.48,INSUFFICIENT_FUNDS,STOP_AND_ESCALATE,HIGH,ESCALATED,0.0
TXN10225,41451.13,NETWORK_ERROR,RETRY,HIGH,FAILED,0.0
TXN10226,1386.33,NETWORK_ERROR,RETRY,MEDIUM,RECOVERED,1386.33
TXN10227,31548.07,CARD_EXPIRED,CUSTOMER_PROMPT,MEDIUM,FAILED,0.0
TXN10228,565.78,INSUFFICIENT_FUNDS,PAYMENT_LINK,MEDIUM,FAILED,0.0
TXN10229,3263.48,INSUFFICIENT_FUNDS,STOP_AND_ESCALATE,HIGH,ESCALATED,0.0
TXN10230,45759.59,AUTHENTICATION_FAILURE,CUSTOMER_PROMPT,MEDIUM,RECOVERED,45759.59
TXN10231,1530.51,NETWORK_ERROR,RETRY,MEDIUM,RECOVERED,1530.51
TXN10232,37474.44,CARD_EXPIRED,CUSTOMER_PROMPT,MEDIUM,RECOVERED,37474.44
TXN10233,8864.56,AUTHENTICATION_FAILURE,STOP_AND_ESCALATE,HIGH,ESCALATED,0.0
TXN10234,8553.22,TEMPORARY_BANK_ERROR,RETRY,HIGH,FAILED,0.0
TXN10235,4783.18,AUTHENTICATION_FAILURE,CUSTOMER_PROMPT,MEDIUM,FAILED,0.0
TXN10236,1717.73,INSUFFICIENT_FUNDS,STOP_AND_ESCALATE,HIGH,ESCALATED,0.0
TXN10237,12906.83,AUTHENTICATION_FAILURE,CUSTOMER_PROMPT,MEDIUM,FAILED,0.0
TXN10238,1572.68,TEMPORARY_BANK_ERROR,STOP_AND_ESCALATE,HIGH,ESCALATED,0.0
TXN10239,6482.96,INSUFFICIENT_FUNDS,PAYMENT_LINK,MEDIUM,RECOVERED,6482.96
TXN10240,5371.13,NETWORK_ERROR,RETRY,HIGH,RECOVERED,5371.13
TXN10241,48512.41,CARD_EXPIRED,STOP_AND_ESCALATE,HIGH,ESCALATED,0.0
TXN10242,6325.05,INSUFFICIENT_FUNDS,PAYMENT_LINK,MEDIUM,FAILED,0.0
TXN10243,33952.33,CARD_EXPIRED,CUSTOMER_PROMPT,MEDIUM,FAILED,0.0
TXN10244,532.59,AUTHENTICATION_FAILURE,STOP_AND_ESCALATE,HIGH,ESCALATED,0.0
TXN10245,1384.89,UNKNOWN,STOP_AND_ESCALATE,HIGH,ESCALATED,0.0
TXN10246,2201.11,TEMPORARY_BANK_ERROR,STOP_AND_ESCALATE,HIGH,ESCALATED,0.0
TXN10247,41552.09,TEMPORARY_BANK_ERROR,STOP_AND_ESCALATE,HIGH,ESCALATED,0.0
TXN10248,34026.04,NETWORK_ERROR,RETRY,HIGH,RECOVERED,34026.04
TXN10249,2365.14,AUTHENTICATION_FAILURE,STOP_AND_ESCALATE,HIGH,ESCALATED,0.0
TXN10250,1052.72,CARD_EXPIRED,STOP_AND_ESCALATE,HIGH,ESCALATED,0.0
TXN10251,30506.71,INSUFFICIENT_FUNDS,PAYMENT_LINK,MEDIUM,RECOVERED,30506.71
TXN10252,820.4,UNKNOWN,REMINDER,LOW,RECOVERED,820.4
TXN10253,900.77,NETWORK_ERROR,RETRY,MEDIUM,FAILED,0.0
TXN10254,8902.18,TEMPORARY_BANK_ERROR,STOP_AND_ESCALATE,HIGH,ESCALATED,0.0
TXN10255,1020.23,INSUFFICIENT_FUNDS,PAYMENT_LINK,MEDIUM,FAILED,0.0
TXN10256,4895.0,UNKNOWN,REMINDER,LOW,RECOVERED,4895.0
TXN10257,31199.66,CARD_EXPIRED,CUSTOMER_PROMPT,MEDIUM,FAILED,0.0
TXN10258,1073.8,CARD_EXPIRED,CUSTOMER_PROMPT,MEDIUM,FAILED,0.0
TXN10259,6339.73,INSUFFICIENT_FUNDS,STOP_AND_ESCALATE,HIGH,ESCALATED,0.0
TXN10260,4550.62,NETWORK_ERROR,RETRY,MEDIUM,RECOVERED,4550.62
TXN10261,973.95,TEMPORARY_BANK_ERROR,STOP_AND_ESCALATE,HIGH,ESCALATED,0.0
TXN10262,2809.98,AUTHENTICATION_FAILURE,STOP_AND_ESCALATE,HIGH,ESCALATED,0.0
TXN10263,5073.27,INSUFFICIENT_FUNDS,PAYMENT_LINK,MEDIUM,FAILED,0.0
TXN10264,9199.77,CARD_EXPIRED,STOP_AND_ESCALATE,HIGH,ESCALATED,0.0
TXN10265,718.13,AUTHENTICATION_FAILURE,CUSTOMER_PROMPT,MEDIUM,RECOVERED,718.13
TXN10266,43541.97,NETWORK_ERROR,RETRY,HIGH,RECOVERED,43541.97
TXN10267,23891.08,TEMPORARY_BANK_ERROR,RETRY,HIGH,RECOVERED,23891.08
TXN10268,4403.61,INSUFFICIENT_FUNDS,STOP_AND_ESCALATE,HIGH,ESCALATED,0.0
TXN10269,3058.85,INSUFFICIENT_FUNDS,PAYMENT_LINK,MEDIUM,FAILED,0.0
TXN10270,4205.86,AUTHENTICATION_FAILURE,STOP_AND_ESCALATE,HIGH,ESCALATED,0.0
TXN10271,1258.72,INSUFFICIENT_FUNDS,STOP_AND_ESCALATE,HIGH,ESCALATED,0.0
TXN10272,27738.23,CARD_EXPIRED,STOP_AND_ESCALATE,HIGH,ESCALATED,0.0
TXN10273,21937.4,INSUFFICIENT_FUNDS,PAYMENT_LINK,MEDIUM,RECOVERED,21937.4
TXN10274,8100.01,AUTHENTICATION_FAILURE,STOP_AND_ESCALATE,HIGH,ESCALATED,0.0
TXN10275,1646.99,UNKNOWN,STOP_AND_ESCALATE,HIGH,ESCALATED,0.0
TXN10276,224.77,NETWORK_ERROR,RETRY,MEDIUM,RECOVERED,224.77
TXN10277,14176.17,INSUFFICIENT_FUNDS,STOP_AND_ESCALATE,HIGH,ESCALATED,0.0
TXN10278,826.88,UNKNOWN,STOP_AND_ESCALATE,HIGH,ESCALATED,0.0
TXN10279,8355.33,NETWORK_ERROR,STOP_AND_ESCALATE,HIGH,ESCALATED,0.0
TXN10280,1871.61,TEMPORARY_BANK_ERROR,RETRY,MEDIUM,FAILED,0.0
TXN10281,40384.46,AUTHENTICATION_FAILURE,STOP_AND_ESCALATE,HIGH,ESCALATED,0.0
TXN10282,1146.3,AUTHENTICATION_FAILURE,STOP_AND_ESCALATE,HIGH,ESCALATED,0.0
TXN10283,5973.07,INSUFFICIENT_FUNDS,PAYMENT_LINK,MEDIUM,FAILED,0.0
TXN10284,2374.77,INSUFFICIENT_FUNDS,PAYMENT_LINK,MEDIUM,RECOVERED,2374.77
TXN10285,1874.6,AUTHENTICATION_FAILURE,CUSTOMER_PROMPT,MEDIUM,FAILED,0.0
TXN10286,1836.9,AUTHENTICATION_FAILURE,CUSTOMER_PROMPT,MEDIUM,RECOVERED,1836.9
TXN10287,20169.26,INSUFFICIENT_FUNDS,STOP_AND_ESCALATE,HIGH,ESCALATED,0.0
TXN10288,735.49,AUTHENTICATION_FAILURE,STOP_AND_ESCALATE,HIGH,ESCALATED,0.0
TXN10289,10115.25,AUTHENTICATION_FAILURE,STOP_AND_ESCALATE,HIGH,ESCALATED,0.0
TXN10290,1382.24,AUTHENTICATION_FAILURE,CUSTOMER_PROMPT,MEDIUM,RECOVERED,1382.24
TXN10291,425.3,TEMPORARY_BANK_ERROR,STOP_AND_ESCALATE,HIGH,ESCALATED,0.0
TXN10292,1399.36,NETWORK_ERROR,RETRY,MEDIUM,RECOVERED,1399.36
TXN10293,233.79,AUTHENTICATION_FAILURE,CUSTOMER_PROMPT,MEDIUM,FAILED,0.0
TXN10294,1778.76,INSUFFICIENT_FUNDS,PAYMENT_LINK,MEDIUM,RECOVERED,1778.76
TXN10295,1234.64,INSUFFICIENT_FUNDS,STOP_AND_ESCALATE,HIGH,ESCALATED,0.0
TXN10296,24869.57,UNKNOWN,STOP_AND_ESCALATE,HIGH,ESCALATED,0.0
TXN10297,8242.23,NETWORK_ERROR,RETRY,HIGH,RECOVERED,8242.23
TXN10298,5790.0,AUTHENTICATION_FAILURE,STOP_AND_ESCALATE,HIGH,ESCALATED,0.0
TXN10299,19015.25,CARD_EXPIRED,STOP_AND_ESCALATE,HIGH,ESCALATED,0.0
TXN10300,16555.24,UNKNOWN,REMINDER,LOW,RECOVERED,16555.24
TXN10301,1801.25,NETWORK_ERROR,STOP_AND_ESCALATE,HIGH,ESCALATED,0.0
TXN10302,634.41,CARD_EXPIRED,CUSTOMER_PROMPT,MEDIUM,FAILED,0.0
TXN10303,278.02,TEMPORARY_BANK_ERROR,STOP_AND_ESCALATE,HIGH,ESCALATED,0.0
TXN10304,35461.55,INSUFFICIENT_FUNDS,PAYMENT_LINK,MEDIUM,RECOVERED,35461.55
TXN10305,224.54,INSUFFICIENT_FUNDS,STOP_AND_ESCALATE,HIGH,ESCALATED,0.0
TXN10306,38733.25,NETWORK_ERROR,STOP_AND_ESCALATE,HIGH,ESCALATED,0.0
TXN10307,1097.01,TEMPORARY_BANK_ERROR,STOP_AND_ESCALATE,HIGH,ESCALATED,0.0
TXN10308,6116.95,INSUFFICIENT_FUNDS,STOP_AND_ESCALATE,HIGH,ESCALATED,0.0
TXN10309,46781.24,NETWORK_ERROR,RETRY,HIGH,FAILED,0.0
TXN10310,2461.57,UNKNOWN,REMINDER,LOW,FAILED,0.0
TXN10311,1380.94,CARD_EXPIRED,CUSTOMER_PROMPT,MEDIUM,RECOVERED,1380.94
TXN10312,514.4,INSUFFICIENT_FUNDS,STOP_AND_ESCALATE,HIGH,ESCALATED,0.0
TXN10313,27204.12,INSUFFICIENT_FUNDS,PAYMENT_LINK,MEDIUM,RECOVERED,27204.12
TXN10314,1094.57,CARD_EXPIRED,STOP_AND_ESCALATE,HIGH,ESCALATED,0.0
TXN10315,13802.12,NETWORK_ERROR,STOP_AND_ESCALATE,HIGH,ESCALATED,0.0
TXN10316,21298.9,NETWORK_ERROR,RETRY,HIGH,FAILED,0.0
TXN10317,18022.41,INSUFFICIENT_FUNDS,STOP_AND_ESCALATE,HIGH,ESCALATED,0.0
TXN10318,1516.1,CARD_EXPIRED,CUSTOMER_PROMPT,MEDIUM,RECOVERED,1516.1
TXN10319,49981.76,INSUFFICIENT_FUNDS,PAYMENT_LINK,MEDIUM,RECOVERED,49981.76
TXN10320,8029.88,INSUFFICIENT_FUNDS,STOP_AND_ESCALATE,HIGH,ESCALATED,0.0
TXN10321,1281.8,AUTHENTICATION_FAILURE,CUSTOMER_PROMPT,MEDIUM,FAILED,0.0
TXN10322,3441.39,CARD_EXPIRED,CUSTOMER_PROMPT,MEDIUM,FAILED,0.0
TXN10323,550.43,NETWORK_ERROR,STOP_AND_ESCALATE,HIGH,ESCALATED,0.0
TXN10324,5859.52,CARD_EXPIRED,STOP_AND_ESCALATE,HIGH,ESCALATED,0.0
TXN10325,1716.9,UNKNOWN,STOP_AND_ESCALATE,HIGH,ESCALATED,0.0
TXN10326,2947.82,TEMPORARY_BANK_ERROR,STOP_AND_ESCALATE,HIGH,ESCALATED,0.0
TXN10327,44856.56,INSUFFICIENT_FUNDS,STOP_AND_ESCALATE,HIGH,ESCALATED,0.0
TXN10328,1966.43,INSUFFICIENT_FUNDS,PAYMENT_LINK,MEDIUM,RECOVERED,1966.43
TXN10329,34220.19,INSUFFICIENT_FUNDS,STOP_AND_ESCALATE,HIGH,ESCALATED,0.0
TXN10330,41394.47,NETWORK_ERROR,STOP_AND_ESCALATE,HIGH,ESCALATED,0.0
TXN10331,9529.24,TEMPORARY_BANK_ERROR,RETRY,HIGH,FAILED,0.0
TXN10332,26909.15,INSUFFICIENT_FUNDS,PAYMENT_LINK,MEDIUM,FAILED,0.0
TXN10333,6396.3,TEMPORARY_BANK_ERROR,STOP_AND_ESCALATE,HIGH,ESCALATED,0.0
TXN10334,34945.95,TEMPORARY_BANK_ERROR,STOP_AND_ESCALATE,HIGH,ESCALATED,0.0
TXN10335,33342.28,TEMPORARY_BANK_ERROR,STOP_AND_ESCALATE,HIGH,ESCALATED,0.0
TXN10336,1301.06,AUTHENTICATION_FAILURE,CUSTOMER_PROMPT,MEDIUM,RECOVERED,1301.06
TXN10337,6335.38,AUTHENTICATION_FAILURE,STOP_AND_ESCALATE,HIGH,ESCALATED,0.0
TXN10338,23081.79,INSUFFICIENT_FUNDS,STOP_AND_ESCALATE,HIGH,ESCALATED,0.0
TXN10339,19166.88,NETWORK_ERROR,RETRY,HIGH,RECOVERED,19166.88
TXN10340,10549.82,INSUFFICIENT_FUNDS,STOP_AND_ESCALATE,HIGH,ESCALATED,0.0
TXN10341,3722.54,CARD_EXPIRED,CUSTOMER_PROMPT,MEDIUM,RECOVERED,3722.54
TXN10342,30544.44,INSUFFICIENT_FUNDS,PAYMENT_LINK,MEDIUM,RECOVERED,30544.44
TXN10343,4150.56,NETWORK_ERROR,RETRY,MEDIUM,RECOVERED,4150.56
TXN10344,27701.82,CARD_EXPIRED,CUSTOMER_PROMPT,MEDIUM,FAILED,0.0
TXN10345,6020.55,INSUFFICIENT_FUNDS,STOP_AND_ESCALATE,HIGH,ESCALATED,0.0
TXN10346,667.43,NETWORK_ERROR,STOP_AND_ESCALATE,HIGH,ESCALATED,0.0
TXN10347,10318.58,INSUFFICIENT_FUNDS,PAYMENT_LINK,MEDIUM,FAILED,0.0
TXN10348,1689.61,INSUFFICIENT_FUNDS,PAYMENT_LINK,MEDIUM,FAILED,0.0
TXN10349,43154.85,NETWORK_ERROR,STOP_AND_ESCALATE,HIGH,ESCALATED,0.0
TXN10350,5673.05,TEMPORARY_BANK_ERROR,RETRY,HIGH,RECOVERED,5673.05
TXN10351,4374.0,NETWORK_ERROR,STOP_AND_ESCALATE,HIGH,ESCALATED,0.0
TXN10352,6153.28,INSUFFICIENT_FUNDS,STOP_AND_ESCALATE,HIGH,ESCALATED,0.0
TXN10353,6454.47,NETWORK_ERROR,STOP_AND_ESCALATE,HIGH,ESCALATED,0.0
TXN10354,1765.95,TEMPORARY_BANK_ERROR,RETRY,MEDIUM,RECOVERED,1765.95
TXN10355,40592.04,UNKNOWN,REMINDER,LOW,RECOVERED,40592.04
TXN10356,323.28,INSUFFICIENT_FUNDS,PAYMENT_LINK,MEDIUM,FAILED,0.0
TXN10357,1553.75,INSUFFICIENT_FUNDS,STOP_AND_ESCALATE,HIGH,ESCALATED,0.0
TXN10358,1737.95,CARD_EXPIRED,STOP_AND_ESCALATE,HIGH,ESCALATED,0.0
TXN10359,39723.26,UNKNOWN,REMINDER,LOW,RECOVERED,39723.26
TXN10360,22846.49,INSUFFICIENT_FUNDS,STOP_AND_ESCALATE,HIGH,ESCALATED,0.0
TXN10361,38350.63,NETWORK_ERROR,RETRY,HIGH,RECOVERED,38350.63
TXN10362,370.67,AUTHENTICATION_FAILURE,CUSTOMER_PROMPT,MEDIUM,RECOVERED,370.67
TXN10363,38529.43,INSUFFICIENT_FUNDS,PAYMENT_LINK,MEDIUM,RECOVERED,38529.43
TXN10364,5464.87,NETWORK_ERROR,STOP_AND_ESCALATE,HIGH,ESCALATED,0.0
TXN10365,686.7,CARD_EXPIRED,CUSTOMER_PROMPT,MEDIUM,RECOVERED,686.7
TXN10366,27754.37,INSUFFICIENT_FUNDS,PAYMENT_LINK,MEDIUM,RECOVERED,27754.37
TXN10367,1889.32,NETWORK_ERROR,RETRY,MEDIUM,FAILED,0.0
TXN10368,42865.92,NETWORK_ERROR,STOP_AND_ESCALATE,HIGH,ESCALATED,0.0
TXN10369,26609.64,NETWORK_ERROR,RETRY,HIGH,RECOVERED,26609.64
TXN10370,1124.56,NETWORK_ERROR,RETRY,MEDIUM,FAILED,0.0
TXN10371,23065.57,TEMPORARY_BANK_ERROR,STOP_AND_ESCALATE,HIGH,ESCALATED,0.0
TXN10372,771.59,TEMPORARY_BANK_ERROR,STOP_AND_ESCALATE,HIGH,ESCALATED,0.0
TXN10373,38246.34,TEMPORARY_BANK_ERROR,STOP_AND_ESCALATE,HIGH,ESCALATED,0.0
TXN10374,35532.89,TEMPORARY_BANK_ERROR,RETRY,HIGH,RECOVERED,35532.89
TXN10375,31107.1,UNKNOWN,STOP_AND_ESCALATE,HIGH,ESCALATED,0.0
TXN10376,2426.73,INSUFFICIENT_FUNDS,STOP_AND_ESCALATE,HIGH,ESCALATED,0.0
TXN10377,7153.41,NETWORK_ERROR,STOP_AND_ESCALATE,HIGH,ESCALATED,0.0
TXN10378,1468.25,TEMPORARY_BANK_ERROR,STOP_AND_ESCALATE,HIGH,ESCALATED,0.0
TXN10379,5638.52,UNKNOWN,REMINDER,LOW,RECOVERED,5638.52
TXN10380,39622.59,INSUFFICIENT_FUNDS,PAYMENT_LINK,MEDIUM,FAILED,0.0
TXN10381,642.31,INSUFFICIENT_FUNDS,STOP_AND_ESCALATE,HIGH,ESCALATED,0.0
TXN10382,45894.63,INSUFFICIENT_FUNDS,STOP_AND_ESCALATE,HIGH,ESCALATED,0.0
TXN10383,824.51,AUTHENTICATION_FAILURE,CUSTOMER_PROMPT,MEDIUM,FAILED,0.0
TXN10384,5752.39,TEMPORARY_BANK_ERROR,STOP_AND_ESCALATE,HIGH,ESCALATED,0.0
TXN10385,16222.86,TEMPORARY_BANK_ERROR,STOP_AND_ESCALATE,HIGH,ESCALATED,0.0
TXN10386,838.58,NETWORK_ERROR,RETRY,MEDIUM,FAILED,0.0
TXN10387,4419.05,NETWORK_ERROR,STOP_AND_ESCALATE,HIGH,ESCALATED,0.0
TXN10388,27669.86,NETWORK_ERROR,RETRY,HIGH,FAILED,0.0
TXN10389,1504.01,TEMPORARY_BANK_ERROR,STOP_AND_ESCALATE,HIGH,ESCALATED,0.0
TXN10390,4971.37,AUTHENTICATION_FAILURE,STOP_AND_ESCALATE,HIGH,ESCALATED,0.0
TXN10391,23129.32,UNKNOWN,REMINDER,LOW,FAILED,0.0
TXN10392,35789.81,NETWORK_ERROR,RETRY,HIGH,RECOVERED,35789.81
TXN10393,8833.23,AUTHENTICATION_FAILURE,CUSTOMER_PROMPT,MEDIUM,FAILED,0.0
TXN10394,47555.8,CARD_EXPIRED,STOP_AND_ESCALATE,HIGH,ESCALATED,0.0
TXN10395,44962.87,TEMPORARY_BANK_ERROR,STOP_AND_ESCALATE,HIGH,ESCALATED,0.0
TXN10396,876.75,INSUFFICIENT_FUNDS,STOP_AND_ESCALATE,HIGH,ESCALATED,0.0
TXN10397,19525.87,INSUFFICIENT_FUNDS,PAYMENT_LINK,MEDIUM,RECOVERED,19525.87
TXN10398,1567.76,NETWORK_ERROR,RETRY,MEDIUM,RECOVERED,1567.76
TXN10399,30423.23,NETWORK_ERROR,RETRY,HIGH,RECOVERED,30423.23
TXN10400,3285.28,INSUFFICIENT_FUNDS,PAYMENT_LINK,MEDIUM,RECOVERED,3285.28
TXN10401,7564.3,AUTHENTICATION_FAILURE,STOP_AND_ESCALATE,HIGH,ESCALATED,0.0
TXN10402,8679.69,NETWORK_ERROR,STOP_AND_ESCALATE,HIGH,ESCALATED,0.0
TXN10403,4339.84,NETWORK_ERROR,STOP_AND_ESCALATE,HIGH,ESCALATED,0.0
TXN10404,47886.46,INSUFFICIENT_FUNDS,STOP_AND_ESCALATE,HIGH,ESCALATED,0.0
TXN10405,7649.26,INSUFFICIENT_FUNDS,STOP_AND_ESCALATE,HIGH,ESCALATED,0.0
TXN10406,6327.48,TEMPORARY_BANK_ERROR,STOP_AND_ESCALATE,HIGH,ESCALATED,0.0
TXN10407,9304.95,NETWORK_ERROR,STOP_AND_ESCALATE,HIGH,ESCALATED,0.0
TXN10408,12224.22,NETWORK_ERROR,RETRY,HIGH,FAILED,0.0
TXN10409,1835.52,TEMPORARY_BANK_ERROR,RETRY,MEDIUM,RECOVERED,1835.52
TXN10410,7878.67,INSUFFICIENT_FUNDS,STOP_AND_ESCALATE,HIGH,ESCALATED,0.0
TXN10411,24205.27,TEMPORARY_BANK_ERROR,STOP_AND_ESCALATE,HIGH,ESCALATED,0.0
TXN10412,7255.59,TEMPORARY_BANK_ERROR,STOP_AND_ESCALATE,HIGH,ESCALATED,0.0
TXN10413,24461.66,TEMPORARY_BANK_ERROR,STOP_AND_ESCALATE,HIGH,ESCALATED,0.0
TXN10414,18922.48,NETWORK_ERROR,STOP_AND_ESCALATE,HIGH,ESCALATED,0.0
TXN10415,1969.42,TEMPORARY_BANK_ERROR,STOP_AND_ESCALATE,HIGH,ESCALATED,0.0
TXN10416,20114.32,CARD_EXPIRED,CUSTOMER_PROMPT,MEDIUM,FAILED,0.0
TXN10417,8444.91,INSUFFICIENT_FUNDS,PAYMENT_LINK,MEDIUM,RECOVERED,8444.91
TXN10418,42944.94,INSUFFICIENT_FUNDS,STOP_AND_ESCALATE,HIGH,ESCALATED,0.0
TXN10419,1429.96,TEMPORARY_BANK_ERROR,STOP_AND_ESCALATE,HIGH,ESCALATED,0.0
TXN10420,18959.3,UNKNOWN,STOP_AND_ESCALATE,HIGH,ESCALATED,0.0
TXN10421,1425.44,INSUFFICIENT_FUNDS,PAYMENT_LINK,MEDIUM,RECOVERED,1425.44
TXN10422,21123.98,AUTHENTICATION_FAILURE,STOP_AND_ESCALATE,HIGH,ESCALATED,0.0
TXN10423,13829.16,INSUFFICIENT_FUNDS,PAYMENT_LINK,MEDIUM,FAILED,0.0
TXN10424,7037.94,NETWORK_ERROR,RETRY,HIGH,FAILED,0.0
TXN10425,7263.78,UNKNOWN,STOP_AND_ESCALATE,HIGH,ESCALATED,0.0
TXN10426,18608.18,TEMPORARY_BANK_ERROR,RETRY,HIGH,RECOVERED,18608.18
TXN10427,42817.07,INSUFFICIENT_FUNDS,STOP_AND_ESCALATE,HIGH,ESCALATED,0.0
TXN10428,3528.87,TEMPORARY_BANK_ERROR,RETRY,MEDIUM,FAILED,0.0
TXN10429,6371.12,NETWORK_ERROR,RETRY,HIGH,RECOVERED,6371.12
TXN10430,2132.72,TEMPORARY_BANK_ERROR,RETRY,MEDIUM,RECOVERED,2132.72
TXN10431,8946.41,INSUFFICIENT_FUNDS,STOP_AND_ESCALATE,HIGH,ESCALATED,0.0
TXN10432,41494.88,AUTHENTICATION_FAILURE,CUSTOMER_PROMPT,MEDIUM,FAILED,0.0
TXN10433,32642.87,AUTHENTICATION_FAILURE,STOP_AND_ESCALATE,HIGH,ESCALATED,0.0
TXN10434,493.01,TEMPORARY_BANK_ERROR,STOP_AND_ESCALATE,HIGH,ESCALATED,0.0
TXN10435,23279.93,INSUFFICIENT_FUNDS,STOP_AND_ESCALATE,HIGH,ESCALATED,0.0
TXN10436,21855.68,INSUFFICIENT_FUNDS,STOP_AND_ESCALATE,HIGH,ESCALATED,0.0
TXN10437,33393.55,TEMPORARY_BANK_ERROR,RETRY,HIGH,RECOVERED,33393.55
TXN10438,19199.75,NETWORK_ERROR,RETRY,HIGH,RECOVERED,19199.75
TXN10439,913.59,UNKNOWN,REMINDER,LOW,FAILED,0.0
TXN10440,41752.72,NETWORK_ERROR,STOP_AND_ESCALATE,HIGH,ESCALATED,0.0
TXN10441,939.14,TEMPORARY_BANK_ERROR,RETRY,MEDIUM,RECOVERED,939.14
TXN10442,34127.69,CARD_EXPIRED,STOP_AND_ESCALATE,HIGH,ESCALATED,0.0
TXN10443,44622.5,NETWORK_ERROR,RETRY,HIGH,RECOVERED,44622.5
TXN10444,6824.6,TEMPORARY_BANK_ERROR,STOP_AND_ESCALATE,HIGH,ESCALATED,0.0
TXN10445,7002.02,TEMPORARY_BANK_ERROR,RETRY,HIGH,RECOVERED,7002.02
TXN10446,4730.21,INSUFFICIENT_FUNDS,PAYMENT_LINK,MEDIUM,FAILED,0.0
TXN10447,41098.22,AUTHENTICATION_FAILURE,CUSTOMER_PROMPT,MEDIUM,RECOVERED,41098.22
TXN10448,289.75,TEMPORARY_BANK_ERROR,RETRY,MEDIUM,FAILED,0.0
TXN10449,1850.08,NETWORK_ERROR,RETRY,MEDIUM,RECOVERED,1850.08
TXN10450,47836.99,INSUFFICIENT_FUNDS,STOP_AND_ESCALATE,HIGH,ESCALATED,0.0
TXN10451,428.99,TEMPORARY_BANK_ERROR,RETRY,MEDIUM,RECOVERED,428.99
TXN10452,22730.48,INSUFFICIENT_FUNDS,PAYMENT_LINK,MEDIUM,FAILED,0.0
TXN10453,4852.41,UNKNOWN,STOP_AND_ESCALATE,HIGH,ESCALATED,0.0
TXN10454,882.96,INSUFFICIENT_FUNDS,STOP_AND_ESCALATE,HIGH,ESCALATED,0.0
TXN10455,44944.74,CARD_EXPIRED,CUSTOMER_PROMPT,MEDIUM,FAILED,0.0
TXN10456,22609.58,TEMPORARY_BANK_ERROR,STOP_AND_ESCALATE,HIGH,ESCALATED,0.0
TXN10457,27037.51,NETWORK_ERROR,RETRY,HIGH,RECOVERED,27037.51
TXN10458,8371.27,AUTHENTICATION_FAILURE,STOP_AND_ESCALATE,HIGH,ESCALATED,0.0
TXN10459,49018.92,TEMPORARY_BANK_ERROR,RETRY,HIGH,RECOVERED,49018.92
TXN10460,7513.79,CARD_EXPIRED,STOP_AND_ESCALATE,HIGH,ESCALATED,0.0
TXN10461,5728.99,INSUFFICIENT_FUNDS,PAYMENT_LINK,MEDIUM,FAILED,0.0
TXN10462,9800.46,AUTHENTICATION_FAILURE,STOP_AND_ESCALATE,HIGH,ESCALATED,0.0
TXN10463,20035.16,UNKNOWN,REMINDER,LOW,RECOVERED,20035.16
TXN10464,29972.12,UNKNOWN,REMINDER,LOW,FAILED,0.0
TXN10465,5097.81,INSUFFICIENT_FUNDS,PAYMENT_LINK,MEDIUM,FAILED,0.0
TXN10466,554.75,INSUFFICIENT_FUNDS,PAYMENT_LINK,MEDIUM,RECOVERED,554.75
TXN10467,1520.86,CARD_EXPIRED,STOP_AND_ESCALATE,HIGH,ESCALATED,0.0
TXN10468,2634.16,TEMPORARY_BANK_ERROR,STOP_AND_ESCALATE,HIGH,ESCALATED,0.0
TXN10469,22764.94,TEMPORARY_BANK_ERROR,STOP_AND_ESCALATE,HIGH,ESCALATED,0.0
TXN10470,846.63,UNKNOWN,REMINDER,LOW,FAILED,0.0
TXN10471,30651.33,AUTHENTICATION_FAILURE,CUSTOMER_PROMPT,MEDIUM,FAILED,0.0
TXN10472,814.33,INSUFFICIENT_FUNDS,PAYMENT_LINK,MEDIUM,FAILED,0.0
TXN10473,6795.09,CARD_EXPIRED,STOP_AND_ESCALATE,HIGH,ESCALATED,0.0
TXN10474,6027.87,INSUFFICIENT_FUNDS,STOP_AND_ESCALATE,HIGH,ESCALATED,0.0
TXN10475,34203.58,TEMPORARY_BANK_ERROR,RETRY,HIGH,RECOVERED,34203.58
TXN10476,8697.06,TEMPORARY_BANK_ERROR,STOP_AND_ESCALATE,HIGH,ESCALATED,0.0
TXN10477,895.07,INSUFFICIENT_FUNDS,STOP_AND_ESCALATE,HIGH,ESCALATED,0.0
TXN10478,310.67,AUTHENTICATION_FAILURE,CUSTOMER_PROMPT,MEDIUM,FAILED,0.0
TXN10479,1599.06,INSUFFICIENT_FUNDS,STOP_AND_ESCALATE,HIGH,ESCALATED,0.0
TXN10480,8371.08,TEMPORARY_BANK_ERROR,RETRY,HIGH,RECOVERED,8371.08
TXN10481,5056.73,NETWORK_ERROR,STOP_AND_ESCALATE,HIGH,ESCALATED,0.0
TXN10482,7223.13,UNKNOWN,STOP_AND_ESCALATE,HIGH,ESCALATED,0.0
TXN10483,3355.86,AUTHENTICATION_FAILURE,CUSTOMER_PROMPT,MEDIUM,RECOVERED,3355.86
TXN10484,23997.51,TEMPORARY_BANK_ERROR,RETRY,HIGH,FAILED,0.0
TXN10485,49128.83,INSUFFICIENT_FUNDS,STOP_AND_ESCALATE,HIGH,ESCALATED,0.0
TXN10486,6174.55,CARD_EXPIRED,STOP_AND_ESCALATE,HIGH,ESCALATED,0.0
TXN10487,49861.05,TEMPORARY_BANK_ERROR,STOP_AND_ESCALATE,HIGH,ESCALATED,0.0
TXN10488,18332.62,AUTHENTICATION_FAILURE,STOP_AND_ESCALATE,HIGH,ESCALATED,0.0
TXN10489,28869.59,TEMPORARY_BANK_ERROR,STOP_AND_ESCALATE,HIGH,ESCALATED,0.0
TXN10490,37973.58,INSUFFICIENT_FUNDS,PAYMENT_LINK,MEDIUM,RECOVERED,37973.58
TXN10491,991.97,INSUFFICIENT_FUNDS,PAYMENT_LINK,MEDIUM,RECOVERED,991.97
TXN10492,2730.38,AUTHENTICATION_FAILURE,STOP_AND_ESCALATE,HIGH,ESCALATED,0.0
TXN10493,849.96,AUTHENTICATION_FAILURE,CUSTOMER_PROMPT,MEDIUM,FAILED,0.0
TXN10494,8466.35,INSUFFICIENT_FUNDS,PAYMENT_LINK,MEDIUM,RECOVERED,8466.35
TXN10495,6751.8,TEMPORARY_BANK_ERROR,STOP_AND_ESCALATE,HIGH,ESCALATED,0.0
TXN10496,24415.02,CARD_EXPIRED,CUSTOMER_PROMPT,MEDIUM,FAILED,0.0
TXN10497,45446.85,NETWORK_ERROR,RETRY,HIGH,FAILED,0.0
TXN10498,45190.1,TEMPORARY_BANK_ERROR,STOP_AND_ESCALATE,HIGH,ESCALATED,0.0
TXN10499,5999.97,NETWORK_ERROR,RETRY,HIGH,FAILED,0.0
TXN10500,1315.67,CARD_EXPIRED,STOP_AND_ESCALATE,HIGH,ESCALATED,0.0
TXN10501,907.4,TEMPORARY_BANK_ERROR,RETRY,MEDIUM,RECOVERED,907.4
TXN10502,4505.82,AUTHENTICATION_FAILURE,CUSTOMER_PROMPT,MEDIUM,RECOVERED,4505.82
TXN10503,1551.3,INSUFFICIENT_FUNDS,STOP_AND_ESCALATE,HIGH,ESCALATED,0.0
TXN10504,13296.24,CARD_EXPIRED,STOP_AND_ESCALATE,HIGH,ESCALATED,0.0
TXN10505,1441.58,NETWORK_ERROR,RETRY,MEDIUM,RECOVERED,1441.58
TXN10506,8890.48,NETWORK_ERROR,RETRY,HIGH,FAILED,0.0
TXN10507,719.99,TEMPORARY_BANK_ERROR,RETRY,MEDIUM,FAILED,0.0
TXN10508,8876.58,TEMPORARY_BANK_ERROR,STOP_AND_ESCALATE,HIGH,ESCALATED,0.0
TXN10509,922.23,UNKNOWN,STOP_AND_ESCALATE,HIGH,ESCALATED,0.0
TXN10510,37880.97,AUTHENTICATION_FAILURE,CUSTOMER_PROMPT,MEDIUM,FAILED,0.0
TXN10511,35255.04,CARD_EXPIRED,CUSTOMER_PROMPT,MEDIUM,RECOVERED,35255.04
TXN10512,449.66,INSUFFICIENT_FUNDS,PAYMENT_LINK,MEDIUM,RECOVERED,449.66
TXN10513,3106.83,NETWORK_ERROR,STOP_AND_ESCALATE,HIGH,ESCALATED,0.0
TXN10514,8540.17,TEMPORARY_BANK_ERROR,STOP_AND_ESCALATE,HIGH,ESCALATED,0.0
TXN10515,33842.0,UNKNOWN,STOP_AND_ESCALATE,HIGH,ESCALATED,0.0
TXN10516,3756.86,CARD_EXPIRED,CUSTOMER_PROMPT,MEDIUM,FAILED,0.0
TXN10517,1502.25,NETWORK_ERROR,RETRY,MEDIUM,FAILED,0.0
TXN10518,2864.12,INSUFFICIENT_FUNDS,PAYMENT_LINK,MEDIUM,FAILED,0.0
TXN10519,8519.76,TEMPORARY_BANK_ERROR,RETRY,HIGH,FAILED,0.0
TXN10520,9894.18,UNKNOWN,STOP_AND_ESCALATE,HIGH,ESCALATED,0.0
TXN10521,19390.18,TEMPORARY_BANK_ERROR,RETRY,HIGH,FAILED,0.0
TXN10522,1166.65,INSUFFICIENT_FUNDS,PAYMENT_LINK,MEDIUM,RECOVERED,1166.65
TXN10523,14272.03,INSUFFICIENT_FUNDS,PAYMENT_LINK,MEDIUM,FAILED,0.0
TXN10524,35396.27,UNKNOWN,REMINDER,LOW,RECOVERED,35396.27
TXN10525,339.14,CARD_EXPIRED,STOP_AND_ESCALATE,HIGH,ESCALATED,0.0
TXN10526,10575.25,AUTHENTICATION_FAILURE,STOP_AND_ESCALATE,HIGH,ESCALATED,0.0
TXN10527,3278.88,AUTHENTICATION_FAILURE,CUSTOMER_PROMPT,MEDIUM,FAILED,0.0
TXN10528,6375.82,TEMPORARY_BANK_ERROR,RETRY,HIGH,FAILED,0.0
TXN10529,37983.86,NETWORK_ERROR,RETRY,HIGH,RECOVERED,37983.86
TXN10530,29126.36,NETWORK_ERROR,RETRY,HIGH,RECOVERED,29126.36
TXN10531,42330.73,NETWORK_ERROR,RETRY,HIGH,RECOVERED,42330.73
TXN10532,1272.64,TEMPORARY_BANK_ERROR,RETRY,MEDIUM,RECOVERED,1272.64
TXN10533,1254.72,CARD_EXPIRED,CUSTOMER_PROMPT,MEDIUM,RECOVERED,1254.72
TXN10534,26494.66,TEMPORARY_BANK_ERROR,RETRY,HIGH,FAILED,0.0
TXN10535,344.05,TEMPORARY_BANK_ERROR,RETRY,MEDIUM,FAILED,0.0
TXN10536,2891.79,TEMPORARY_BANK_ERROR,RETRY,MEDIUM,RECOVERED,2891.79
TXN10537,1161.21,INSUFFICIENT_FUNDS,PAYMENT_LINK,MEDIUM,FAILED,0.0
TXN10538,20282.51,NETWORK_ERROR,STOP_AND_ESCALATE,HIGH,ESCALATED,0.0
TXN10539,43175.41,AUTHENTICATION_FAILURE,STOP_AND_ESCALATE,HIGH,ESCALATED,0.0
TXN10540,43938.87,UNKNOWN,STOP_AND_ESCALATE,HIGH,ESCALATED,0.0
TXN10541,5567.2,AUTHENTICATION_FAILURE,STOP_AND_ESCALATE,HIGH,ESCALATED,0.0
TXN10542,7994.21,NETWORK_ERROR,RETRY,HIGH,RECOVERED,7994.21
TXN10543,9656.12,AUTHENTICATION_FAILURE,CUSTOMER_PROMPT,MEDIUM,FAILED,0.0
TXN10544,6087.25,TEMPORARY_BANK_ERROR,STOP_AND_ESCALATE,HIGH,ESCALATED,0.0
TXN10545,7824.2,AUTHENTICATION_FAILURE,CUSTOMER_PROMPT,MEDIUM,FAILED,0.0
TXN10546,14326.2,INSUFFICIENT_FUNDS,STOP_AND_ESCALATE,HIGH,ESCALATED,0.0
TXN10547,1731.53,TEMPORARY_BANK_ERROR,STOP_AND_ESCALATE,HIGH,ESCALATED,0.0
TXN10548,451.98,CARD_EXPIRED,STOP_AND_ESCALATE,HIGH,ESCALATED,0.0
TXN10549,17714.82,CARD_EXPIRED,CUSTOMER_PROMPT,MEDIUM,FAILED,0.0
TXN10550,1157.45,AUTHENTICATION_FAILURE,STOP_AND_ESCALATE,HIGH,ESCALATED,0.0
TXN10551,417.55,TEMPORARY_BANK_ERROR,STOP_AND_ESCALATE,HIGH,ESCALATED,0.0
TXN10552,801.0,NETWORK_ERROR,RETRY,MEDIUM,RECOVERED,801.0
TXN10553,45736.19,NETWORK_ERROR,RETRY,HIGH,RECOVERED,45736.19
TXN10554,804.38,AUTHENTICATION_FAILURE,CUSTOMER_PROMPT,MEDIUM,RECOVERED,804.38
TXN10555,522.28,NETWORK_ERROR,STOP_AND_ESCALATE,HIGH,ESCALATED,0.0
TXN10556,8622.98,NETWORK_ERROR,RETRY,HIGH,RECOVERED,8622.98
TXN10557,5502.76,TEMPORARY_BANK_ERROR,STOP_AND_ESCALATE,HIGH,ESCALATED,0.0
TXN10558,4801.24,INSUFFICIENT_FUNDS,PAYMENT_LINK,MEDIUM,FAILED,0.0
TXN10559,6805.74,INSUFFICIENT_FUNDS,PAYMENT_LINK,MEDIUM,FAILED,0.0
TXN10560,9396.21,TEMPORARY_BANK_ERROR,RETRY,HIGH,RECOVERED,9396.21
TXN10561,6473.19,INSUFFICIENT_FUNDS,PAYMENT_LINK,MEDIUM,FAILED,0.0
TXN10562,4766.53,TEMPORARY_BANK_ERROR,RETRY,MEDIUM,RECOVERED,4766.53
TXN10563,18071.8,NETWORK_ERROR,STOP_AND_ESCALATE,HIGH,ESCALATED,0.0
TXN10564,1052.48,INSUFFICIENT_FUNDS,PAYMENT_LINK,MEDIUM,RECOVERED,1052.48
TXN10565,49432.15,TEMPORARY_BANK_ERROR,RETRY,HIGH,RECOVERED,49432.15
TXN10566,35382.26,TEMPORARY_BANK_ERROR,STOP_AND_ESCALATE,HIGH,ESCALATED,0.0
TXN10567,853.13,NETWORK_ERROR,STOP_AND_ESCALATE,HIGH,ESCALATED,0.0
TXN10568,25488.93,UNKNOWN,REMINDER,LOW,RECOVERED,25488.93
TXN10569,877.96,UNKNOWN,STOP_AND_ESCALATE,HIGH,ESCALATED,0.0
TXN10570,5913.33,UNKNOWN,STOP_AND_ESCALATE,HIGH,ESCALATED,0.0
TXN10571,25999.32,CARD_EXPIRED,STOP_AND_ESCALATE,HIGH,ESCALATED,0.0
TXN10572,21292.55,NETWORK_ERROR,STOP_AND_ESCALATE,HIGH,ESCALATED,0.0
TXN10573,758.29,AUTHENTICATION_FAILURE,CUSTOMER_PROMPT,MEDIUM,FAILED,0.0
TXN10574,44518.38,AUTHENTICATION_FAILURE,STOP_AND_ESCALATE,HIGH,ESCALATED,0.0
TXN10575,1686.64,INSUFFICIENT_FUNDS,PAYMENT_LINK,MEDIUM,FAILED,0.0
TXN10576,431.33,TEMPORARY_BANK_ERROR,STOP_AND_ESCALATE,HIGH,ESCALATED,0.0
TXN10577,1977.62,NETWORK_ERROR,STOP_AND_ESCALATE,HIGH,ESCALATED,0.0
TXN10578,1495.82,NETWORK_ERROR,RETRY,MEDIUM,RECOVERED,1495.82
TXN10579,970.03,AUTHENTICATION_FAILURE,STOP_AND_ESCALATE,HIGH,ESCALATED,0.0
TXN10580,9098.51,UNKNOWN,STOP_AND_ESCALATE,HIGH,ESCALATED,0.0
TXN10581,28889.94,CARD_EXPIRED,CUSTOMER_PROMPT,MEDIUM,FAILED,0.0
TXN10582,905.08,TEMPORARY_BANK_ERROR,STOP_AND_ESCALATE,HIGH,ESCALATED,0.0
TXN10583,1938.81,TEMPORARY_BANK_ERROR,RETRY,MEDIUM,RECOVERED,1938.81
TXN10584,489.61,INSUFFICIENT_FUNDS,STOP_AND_ESCALATE,HIGH,ESCALATED,0.0
TXN10585,1167.8,CARD_EXPIRED,STOP_AND_ESCALATE,HIGH,ESCALATED,0.0
TXN10586,1177.82,INSUFFICIENT_FUNDS,STOP_AND_ESCALATE,HIGH,ESCALATED,0.0
TXN10587,1811.31,INSUFFICIENT_FUNDS,STOP_AND_ESCALATE,HIGH,ESCALATED,0.0
TXN10588,4086.53,INSUFFICIENT_FUNDS,PAYMENT_LINK,MEDIUM,RECOVERED,4086.53
TXN10589,28004.39,INSUFFICIENT_FUNDS,STOP_AND_ESCALATE,HIGH,ESCALATED,0.0
TXN10590,638.19,CARD_EXPIRED,STOP_AND_ESCALATE,HIGH,ESCALATED,0.0
TXN10591,1145.97,INSUFFICIENT_FUNDS,PAYMENT_LINK,MEDIUM,RECOVERED,1145.97
TXN10592,10271.86,AUTHENTICATION_FAILURE,STOP_AND_ESCALATE,HIGH,ESCALATED,0.0
TXN10593,13543.13,AUTHENTICATION_FAILURE,CUSTOMER_PROMPT,MEDIUM,RECOVERED,13543.13
TXN10594,26695.66,UNKNOWN,STOP_AND_ESCALATE,HIGH,ESCALATED,0.0
TXN10595,4031.62,INSUFFICIENT_FUNDS,STOP_AND_ESCALATE,HIGH,ESCALATED,0.0
TXN10596,44649.08,TEMPORARY_BANK_ERROR,STOP_AND_ESCALATE,HIGH,ESCALATED,0.0
TXN10597,8221.05,NETWORK_ERROR,STOP_AND_ESCALATE,HIGH,ESCALATED,0.0
TXN10598,23175.17,INSUFFICIENT_FUNDS,STOP_AND_ESCALATE,HIGH,ESCALATED,0.0
TXN10599,1836.54,AUTHENTICATION_FAILURE,CUSTOMER_PROMPT,MEDIUM,FAILED,0.0
TXN10600,23351.06,AUTHENTICATION_FAILURE,CUSTOMER_PROMPT,MEDIUM,FAILED,0.0
TXN10601,5593.7,TEMPORARY_BANK_ERROR,STOP_AND_ESCALATE,HIGH,ESCALATED,0.0
TXN10602,38304.82,CARD_EXPIRED,CUSTOMER_PROMPT,MEDIUM,FAILED,0.0
TXN10603,268.76,INSUFFICIENT_FUNDS,PAYMENT_LINK,MEDIUM,FAILED,0.0
TXN10604,4340.95,NETWORK_ERROR,RETRY,MEDIUM,RECOVERED,4340.95
TXN10605,28690.44,TEMPORARY_BANK_ERROR,STOP_AND_ESCALATE,HIGH,ESCALATED,0.0
TXN10606,999.71,UNKNOWN,STOP_AND_ESCALATE,HIGH,ESCALATED,0.0
TXN10607,35564.31,INSUFFICIENT_FUNDS,STOP_AND_ESCALATE,HIGH,ESCALATED,0.0
TXN10608,18920.39,TEMPORARY_BANK_ERROR,STOP_AND_ESCALATE,HIGH,ESCALATED,0.0
TXN10609,36007.49,INSUFFICIENT_FUNDS,STOP_AND_ESCALATE,HIGH,ESCALATED,0.0
TXN10610,314.63,NETWORK_ERROR,STOP_AND_ESCALATE,HIGH,ESCALATED,0.0
TXN10611,1144.57,INSUFFICIENT_FUNDS,PAYMENT_LINK,MEDIUM,RECOVERED,1144.57
TXN10612,23722.07,TEMPORARY_BANK_ERROR,STOP_AND_ESCALATE,HIGH,ESCALATED,0.0
TXN10613,5673.97,TEMPORARY_BANK_ERROR,STOP_AND_ESCALATE,HIGH,ESCALATED,0.0
TXN10614,23356.1,NETWORK_ERROR,STOP_AND_ESCALATE,HIGH,ESCALATED,0.0
TXN10615,6215.87,NETWORK_ERROR,STOP_AND_ESCALATE,HIGH,ESCALATED,0.0
TXN10616,6701.8,TEMPORARY_BANK_ERROR,RETRY,HIGH,RECOVERED,6701.8
TXN10617,11064.33,AUTHENTICATION_FAILURE,STOP_AND_ESCALATE,HIGH,ESCALATED,0.0
TXN10618,4270.1,AUTHENTICATION_FAILURE,STOP_AND_ESCALATE,HIGH,ESCALATED,0.0
TXN10619,8501.99,NETWORK_ERROR,STOP_AND_ESCALATE,HIGH,ESCALATED,0.0
TXN10620,1094.01,TEMPORARY_BANK_ERROR,RETRY,MEDIUM,FAILED,0.0
TXN10621,1481.0,TEMPORARY_BANK_ERROR,RETRY,MEDIUM,FAILED,0.0
TXN10622,45803.06,CARD_EXPIRED,CUSTOMER_PROMPT,MEDIUM,RECOVERED,45803.06
TXN10623,24181.93,UNKNOWN,STOP_AND_ESCALATE,HIGH,ESCALATED,0.0
TXN10624,9254.98,NETWORK_ERROR,RETRY,HIGH,FAILED,0.0
TXN10625,4685.12,TEMPORARY_BANK_ERROR,RETRY,MEDIUM,RECOVERED,4685.12
TXN10626,2694.18,INSUFFICIENT_FUNDS,PAYMENT_LINK,MEDIUM,FAILED,0.0
TXN10627,1330.72,AUTHENTICATION_FAILURE,CUSTOMER_PROMPT,MEDIUM,FAILED,0.0
TXN10628,529.16,TEMPORARY_BANK_ERROR,STOP_AND_ESCALATE,HIGH,ESCALATED,0.0
TXN10629,1604.26,TEMPORARY_BANK_ERROR,RETRY,MEDIUM,FAILED,0.0
TXN10630,1892.35,TEMPORARY_BANK_ERROR,RETRY,MEDIUM,FAILED,0.0
TXN10631,1496.9,AUTHENTICATION_FAILURE,CUSTOMER_PROMPT,MEDIUM,FAILED,0.0
TXN10632,9837.45,AUTHENTICATION_FAILURE,CUSTOMER_PROMPT,MEDIUM,RECOVERED,9837.45
TXN10633,3691.24,UNKNOWN,STOP_AND_ESCALATE,HIGH,ESCALATED,0.0
TXN10634,9713.86,INSUFFICIENT_FUNDS,STOP_AND_ESCALATE,HIGH,ESCALATED,0.0
TXN10635,365.55,UNKNOWN,STOP_AND_ESCALATE,HIGH,ESCALATED,0.0
TXN10636,2962.9,CARD_EXPIRED,CUSTOMER_PROMPT,MEDIUM,FAILED,0.0
TXN10637,4886.09,AUTHENTICATION_FAILURE,STOP_AND_ESCALATE,HIGH,ESCALATED,0.0
TXN10638,1745.08,NETWORK_ERROR,STOP_AND_ESCALATE,HIGH,ESCALATED,0.0
TXN10639,2748.38,TEMPORARY_BANK_ERROR,STOP_AND_ESCALATE,HIGH,ESCALATED,0.0
TXN10640,1786.56,NETWORK_ERROR,STOP_AND_ESCALATE,HIGH,ESCALATED,0.0
TXN10641,5481.91,NETWORK_ERROR,RETRY,HIGH,RECOVERED,5481.91
TXN10642,618.43,CARD_EXPIRED,CUSTOMER_PROMPT,MEDIUM,FAILED,0.0
TXN10643,6329.36,UNKNOWN,REMINDER,LOW,FAILED,0.0
TXN10644,6526.25,NETWORK_ERROR,STOP_AND_ESCALATE,HIGH,ESCALATED,0.0
TXN10645,3966.3,AUTHENTICATION_FAILURE,STOP_AND_ESCALATE,HIGH,ESCALATED,0.0
TXN10646,1020.72,INSUFFICIENT_FUNDS,PAYMENT_LINK,MEDIUM,FAILED,0.0
TXN10647,15009.2,NETWORK_ERROR,STOP_AND_ESCALATE,HIGH,ESCALATED,0.0
TXN10648,35921.21,NETWORK_ERROR,STOP_AND_ESCALATE,HIGH,ESCALATED,0.0
TXN10649,10986.8,NETWORK_ERROR,RETRY,HIGH,FAILED,0.0
TXN10650,3874.37,INSUFFICIENT_FUNDS,STOP_AND_ESCALATE,HIGH,ESCALATED,0.0
TXN10651,462.89,AUTHENTICATION_FAILURE,CUSTOMER_PROMPT,MEDIUM,RECOVERED,462.89
TXN10652,43767.44,TEMPORARY_BANK_ERROR,STOP_AND_ESCALATE,HIGH,ESCALATED,0.0
TXN10653,3724.66,UNKNOWN,REMINDER,LOW,FAILED,0.0
TXN10654,288.75,TEMPORARY_BANK_ERROR,STOP_AND_ESCALATE,HIGH,ESCALATED,0.0
TXN10655,1461.45,UNKNOWN,REMINDER,LOW,RECOVERED,1461.45
TXN10656,3004.53,CARD_EXPIRED,CUSTOMER_PROMPT,MEDIUM,FAILED,0.0
TXN10657,481.97,INSUFFICIENT_FUNDS,STOP_AND_ESCALATE,HIGH,ESCALATED,0.0
TXN10658,8027.05,TEMPORARY_BANK_ERROR,STOP_AND_ESCALATE,HIGH,ESCALATED,0.0
TXN10659,40582.73,NETWORK_ERROR,STOP_AND_ESCALATE,HIGH,ESCALATED,0.0
TXN10660,619.64,TEMPORARY_BANK_ERROR,STOP_AND_ESCALATE,HIGH,ESCALATED,0.0
TXN10661,719.45,AUTHENTICATION_FAILURE,CUSTOMER_PROMPT,MEDIUM,FAILED,0.0
TXN10662,9601.28,INSUFFICIENT_FUNDS,PAYMENT_LINK,MEDIUM,RECOVERED,9601.28
TXN10663,1696.49,TEMPORARY_BANK_ERROR,STOP_AND_ESCALATE,HIGH,ESCALATED,0.0
TXN10664,40926.71,TEMPORARY_BANK_ERROR,RETRY,HIGH,FAILED,0.0
TXN10665,32068.49,INSUFFICIENT_FUNDS,STOP_AND_ESCALATE,HIGH,ESCALATED,0.0
TXN10666,1022.98,AUTHENTICATION_FAILURE,STOP_AND_ESCALATE,HIGH,ESCALATED,0.0
TXN10667,7935.22,TEMPORARY_BANK_ERROR,STOP_AND_ESCALATE,HIGH,ESCALATED,0.0
TXN10668,3427.98,AUTHENTICATION_FAILURE,STOP_AND_ESCALATE,HIGH,ESCALATED,0.0
TXN10669,38095.95,NETWORK_ERROR,RETRY,HIGH,RECOVERED,38095.95
TXN10670,8417.39,AUTHENTICATION_FAILURE,STOP_AND_ESCALATE,HIGH,ESCALATED,0.0
TXN10671,10721.16,UNKNOWN,STOP_AND_ESCALATE,HIGH,ESCALATED,0.0
TXN10672,41326.4,AUTHENTICATION_FAILURE,STOP_AND_ESCALATE,HIGH,ESCALATED,0.0
TXN10673,38991.48,NETWORK_ERROR,STOP_AND_ESCALATE,HIGH,ESCALATED,0.0
TXN10674,477.61,INSUFFICIENT_FUNDS,PAYMENT_LINK,MEDIUM,RECOVERED,477.61
TXN10675,454.93,CARD_EXPIRED,CUSTOMER_PROMPT,MEDIUM,FAILED,0.0
TXN10676,554.84,UNKNOWN,STOP_AND_ESCALATE,HIGH,ESCALATED,0.0
TXN10677,2740.04,TEMPORARY_BANK_ERROR,RETRY,MEDIUM,RECOVERED,2740.04
TXN10678,12900.89,AUTHENTICATION_FAILURE,CUSTOMER_PROMPT,MEDIUM,RECOVERED,12900.89
TXN10679,4697.36,INSUFFICIENT_FUNDS,STOP_AND_ESCALATE,HIGH,ESCALATED,0.0
TXN10680,1135.35,INSUFFICIENT_FUNDS,STOP_AND_ESCALATE,HIGH,ESCALATED,0.0
TXN10681,417.47,TEMPORARY_BANK_ERROR,STOP_AND_ESCALATE,HIGH,ESCALATED,0.0
TXN10682,36028.98,UNKNOWN,REMINDER,LOW,RECOVERED,36028.98
TXN10683,1099.52,TEMPORARY_BANK_ERROR,RETRY,MEDIUM,RECOVERED,1099.52
TXN10684,31995.08,UNKNOWN,STOP_AND_ESCALATE,HIGH,ESCALATED,0.0
TXN10685,9797.11,TEMPORARY_BANK_ERROR,STOP_AND_ESCALATE,HIGH,ESCALATED,0.0
TXN10686,7314.73,NETWORK_ERROR,RETRY,HIGH,FAILED,0.0
TXN10687,32506.22,INSUFFICIENT_FUNDS,STOP_AND_ESCALATE,HIGH,ESCALATED,0.0
TXN10688,15711.43,INSUFFICIENT_FUNDS,STOP_AND_ESCALATE,HIGH,ESCALATED,0.0
TXN10689,7616.55,TEMPORARY_BANK_ERROR,STOP_AND_ESCALATE,HIGH,ESCALATED,0.0
TXN10690,24693.62,CARD_EXPIRED,CUSTOMER_PROMPT,MEDIUM,FAILED,0.0
TXN10691,698.54,TEMPORARY_BANK_ERROR,STOP_AND_ESCALATE,HIGH,ESCALATED,0.0
TXN10692,337.1,NETWORK_ERROR,RETRY,MEDIUM,RECOVERED,337.1
TXN10693,6304.22,TEMPORARY_BANK_ERROR,STOP_AND_ESCALATE,HIGH,ESCALATED,0.0
TXN10694,42980.68,NETWORK_ERROR,RETRY,HIGH,FAILED,0.0
TXN10695,2300.19,AUTHENTICATION_FAILURE,CUSTOMER_PROMPT,MEDIUM,RECOVERED,2300.19
TXN10696,31663.88,CARD_EXPIRED,STOP_AND_ESCALATE,HIGH,ESCALATED,0.0
TXN10697,7311.43,NETWORK_ERROR,RETRY,HIGH,FAILED,0.0
TXN10698,19866.26,AUTHENTICATION_FAILURE,CUSTOMER_PROMPT,MEDIUM,FAILED,0.0
TXN10699,5308.91,AUTHENTICATION_FAILURE,STOP_AND_ESCALATE,HIGH,ESCALATED,0.0
TXN10700,1787.39,INSUFFICIENT_FUNDS,PAYMENT_LINK,MEDIUM,FAILED,0.0
TXN10701,18208.8,INSUFFICIENT_FUNDS,STOP_AND_ESCALATE,HIGH,ESCALATED,0.0
TXN10702,49534.82,INSUFFICIENT_FUNDS,PAYMENT_LINK,MEDIUM,RECOVERED,49534.82
TXN10703,8274.46,CARD_EXPIRED,STOP_AND_ESCALATE,HIGH,ESCALATED,0.0
TXN10704,9634.43,INSUFFICIENT_FUNDS,STOP_AND_ESCALATE,HIGH,ESCALATED,0.0
TXN10705,29368.53,CARD_EXPIRED,STOP_AND_ESCALATE,HIGH,ESCALATED,0.0
TXN10706,34617.16,UNKNOWN,STOP_AND_ESCALATE,HIGH,ESCALATED,0.0
TXN10707,47361.32,INSUFFICIENT_FUNDS,PAYMENT_LINK,MEDIUM,FAILED,0.0
TXN10708,6136.54,AUTHENTICATION_FAILURE,CUSTOMER_PROMPT,MEDIUM,RECOVERED,6136.54
TXN10709,20740.2,INSUFFICIENT_FUNDS,PAYMENT_LINK,MEDIUM,FAILED,0.0
TXN10710,45652.56,AUTHENTICATION_FAILURE,CUSTOMER_PROMPT,MEDIUM,RECOVERED,45652.56
TXN10711,216.94,NETWORK_ERROR,STOP_AND_ESCALATE,HIGH,ESCALATED,0.0
TXN10712,1637.35,UNKNOWN,STOP_AND_ESCALATE,HIGH,ESCALATED,0.0
TXN10713,1625.57,CARD_EXPIRED,CUSTOMER_PROMPT,MEDIUM,RECOVERED,1625.57
TXN10714,10363.93,NETWORK_ERROR,RETRY,HIGH,RECOVERED,10363.93
TXN10715,1321.14,UNKNOWN,REMINDER,LOW,FAILED,0.0
TXN10716,458.99,TEMPORARY_BANK_ERROR,RETRY,MEDIUM,RECOVERED,458.99
TXN10717,708.79,NETWORK_ERROR,STOP_AND_ESCALATE,HIGH,ESCALATED,0.0
TXN10718,26809.98,TEMPORARY_BANK_ERROR,STOP_AND_ESCALATE,HIGH,ESCALATED,0.0
TXN10719,25049.18,UNKNOWN,REMINDER,LOW,FAILED,0.0
TXN10720,5765.14,INSUFFICIENT_FUNDS,STOP_AND_ESCALATE,HIGH,ESCALATED,0.0
TXN10721,901.59,AUTHENTICATION_FAILURE,CUSTOMER_PROMPT,MEDIUM,FAILED,0.0
TXN10722,5797.29,INSUFFICIENT_FUNDS,STOP_AND_ESCALATE,HIGH,ESCALATED,0.0
TXN10723,301.77,INSUFFICIENT_FUNDS,STOP_AND_ESCALATE,HIGH,ESCALATED,0.0
TXN10724,8235.08,NETWORK_ERROR,RETRY,HIGH,RECOVERED,8235.08
TXN10725,1671.02,INSUFFICIENT_FUNDS,STOP_AND_ESCALATE,HIGH,ESCALATED,0.0
TXN10726,41765.38,INSUFFICIENT_FUNDS,STOP_AND_ESCALATE,HIGH,ESCALATED,0.0
TXN10727,27237.65,INSUFFICIENT_FUNDS,PAYMENT_LINK,MEDIUM,FAILED,0.0
TXN10728,15399.14,INSUFFICIENT_FUNDS,PAYMENT_LINK,MEDIUM,RECOVERED,15399.14
TXN10729,4655.67,INSUFFICIENT_FUNDS,PAYMENT_LINK,MEDIUM,FAILED,0.0
TXN10730,1694.14,TEMPORARY_BANK_ERROR,RETRY,MEDIUM,RECOVERED,1694.14
TXN10731,4474.64,INSUFFICIENT_FUNDS,STOP_AND_ESCALATE,HIGH,ESCALATED,0.0
TXN10732,5321.68,INSUFFICIENT_FUNDS,PAYMENT_LINK,MEDIUM,FAILED,0.0
TXN10733,2031.31,NETWORK_ERROR,STOP_AND_ESCALATE,HIGH,ESCALATED,0.0
TXN10734,5985.09,TEMPORARY_BANK_ERROR,RETRY,HIGH,RECOVERED,5985.09
TXN10735,614.32,INSUFFICIENT_FUNDS,PAYMENT_LINK,MEDIUM,FAILED,0.0
TXN10736,10164.25,NETWORK_ERROR,RETRY,HIGH,FAILED,0.0
TXN10737,16843.44,CARD_EXPIRED,CUSTOMER_PROMPT,MEDIUM,FAILED,0.0
TXN10738,980.0,AUTHENTICATION_FAILURE,STOP_AND_ESCALATE,HIGH,ESCALATED,0.0
TXN10739,32892.61,INSUFFICIENT_FUNDS,STOP_AND_ESCALATE,HIGH,ESCALATED,0.0
TXN10740,1949.54,TEMPORARY_BANK_ERROR,STOP_AND_ESCALATE,HIGH,ESCALATED,0.0
TXN10741,972.7,TEMPORARY_BANK_ERROR,RETRY,MEDIUM,RECOVERED,972.7
TXN10742,26001.19,CARD_EXPIRED,CUSTOMER_PROMPT,MEDIUM,RECOVERED,26001.19
TXN10743,37534.3,UNKNOWN,REMINDER,LOW,FAILED,0.0
TXN10744,31416.53,INSUFFICIENT_FUNDS,PAYMENT_LINK,MEDIUM,RECOVERED,31416.53
TXN10745,378.57,TEMPORARY_BANK_ERROR,RETRY,MEDIUM,RECOVERED,378.57
TXN10746,8400.42,TEMPORARY_BANK_ERROR,RETRY,HIGH,FAILED,0.0
TXN10747,44117.77,UNKNOWN,REMINDER,LOW,FAILED,0.0
TXN10748,1313.42,TEMPORARY_BANK_ERROR,RETRY,MEDIUM,RECOVERED,1313.42
TXN10749,4478.62,INSUFFICIENT_FUNDS,STOP_AND_ESCALATE,HIGH,ESCALATED,0.0
TXN10750,4615.73,NETWORK_ERROR,RETRY,MEDIUM,RECOVERED,4615.73
TXN10751,18025.28,INSUFFICIENT_FUNDS,PAYMENT_LINK,MEDIUM,RECOVERED,18025.28
TXN10752,23608.92,TEMPORARY_BANK_ERROR,RETRY,HIGH,RECOVERED,23608.92
TXN10753,2600.91,UNKNOWN,STOP_AND_ESCALATE,HIGH,ESCALATED,0.0
TXN10754,5684.2,AUTHENTICATION_FAILURE,CUSTOMER_PROMPT,MEDIUM,RECOVERED,5684.2
TXN10755,1641.77,NETWORK_ERROR,STOP_AND_ESCALATE,HIGH,ESCALATED,0.0
TXN10756,1642.45,UNKNOWN,REMINDER,LOW,RECOVERED,1642.45
TXN10757,6249.08,TEMPORARY_BANK_ERROR,STOP_AND_ESCALATE,HIGH,ESCALATED,0.0
TXN10758,270.2,INSUFFICIENT_FUNDS,PAYMENT_LINK,MEDIUM,RECOVERED,270.2
TXN10759,295.23,INSUFFICIENT_FUNDS,PAYMENT_LINK,MEDIUM,FAILED,0.0
TXN10760,4322.66,UNKNOWN,STOP_AND_ESCALATE,HIGH,ESCALATED,0.0
TXN10761,2056.77,INSUFFICIENT_FUNDS,PAYMENT_LINK,MEDIUM,FAILED,0.0
TXN10762,35684.41,CARD_EXPIRED,CUSTOMER_PROMPT,MEDIUM,FAILED,0.0
TXN10763,2604.97,INSUFFICIENT_FUNDS,PAYMENT_LINK,MEDIUM,FAILED,0.0
TXN10764,1587.24,INSUFFICIENT_FUNDS,PAYMENT_LINK,MEDIUM,RECOVERED,1587.24
TXN10765,1046.27,NETWORK_ERROR,RETRY,MEDIUM,RECOVERED,1046.27
TXN10766,1469.37,INSUFFICIENT_FUNDS,STOP_AND_ESCALATE,HIGH,ESCALATED,0.0
TXN10767,1159.4,TEMPORARY_BANK_ERROR,RETRY,MEDIUM,RECOVERED,1159.4
TXN10768,13141.45,AUTHENTICATION_FAILURE,CUSTOMER_PROMPT,MEDIUM,RECOVERED,13141.45
TXN10769,5946.24,TEMPORARY_BANK_ERROR,STOP_AND_ESCALATE,HIGH,ESCALATED,0.0
TXN10770,5633.26,TEMPORARY_BANK_ERROR,STOP_AND_ESCALATE,HIGH,ESCALATED,0.0
TXN10771,47310.85,NETWORK_ERROR,RETRY,HIGH,RECOVERED,47310.85
TXN10772,5869.89,TEMPORARY_BANK_ERROR,RETRY,HIGH,RECOVERED,5869.89
TXN10773,41140.64,INSUFFICIENT_FUNDS,PAYMENT_LINK,MEDIUM,FAILED,0.0
TXN10774,34926.9,TEMPORARY_BANK_ERROR,STOP_AND_ESCALATE,HIGH,ESCALATED,0.0
TXN10775,8120.09,AUTHENTICATION_FAILURE,STOP_AND_ESCALATE,HIGH,ESCALATED,0.0
TXN10776,353.43,AUTHENTICATION_FAILURE,CUSTOMER_PROMPT,MEDIUM,FAILED,0.0
TXN10777,9740.95,TEMPORARY_BANK_ERROR,STOP_AND_ESCALATE,HIGH,ESCALATED,0.0
TXN10778,9051.01,INSUFFICIENT_FUNDS,STOP_AND_ESCALATE,HIGH,ESCALATED,0.0
TXN10779,758.87,NETWORK_ERROR,STOP_AND_ESCALATE,HIGH,ESCALATED,0.0
TXN10780,2563.61,INSUFFICIENT_FUNDS,PAYMENT_LINK,MEDIUM,RECOVERED,2563.61
TXN10781,17897.95,NETWORK_ERROR,STOP_AND_ESCALATE,HIGH,ESCALATED,0.0
TXN10782,6991.05,AUTHENTICATION_FAILURE,STOP_AND_ESCALATE,HIGH,ESCALATED,0.0
TXN10783,33372.79,NETWORK_ERROR,RETRY,HIGH,RECOVERED,33372.79
TXN10784,27540.32,INSUFFICIENT_FUNDS,STOP_AND_ESCALATE,HIGH,ESCALATED,0.0
TXN10785,4769.78,UNKNOWN,REMINDER,LOW,FAILED,0.0
TXN10786,3077.84,AUTHENTICATION_FAILURE,CUSTOMER_PROMPT,MEDIUM,FAILED,0.0
TXN10787,1845.15,CARD_EXPIRED,STOP_AND_ESCALATE,HIGH,ESCALATED,0.0
TXN10788,9577.51,TEMPORARY_BANK_ERROR,RETRY,HIGH,FAILED,0.0
TXN10789,5064.93,AUTHENTICATION_FAILURE,CUSTOMER_PROMPT,MEDIUM,RECOVERED,5064.93
TXN10790,10453.3,INSUFFICIENT_FUNDS,STOP_AND_ESCALATE,HIGH,ESCALATED,0.0
TXN10791,6370.58,INSUFFICIENT_FUNDS,STOP_AND_ESCALATE,HIGH,ESCALATED,0.0
TXN10792,3142.45,UNKNOWN,REMINDER,LOW,RECOVERED,3142.45
TXN10793,36741.87,CARD_EXPIRED,CUSTOMER_PROMPT,MEDIUM,FAILED,0.0
TXN10794,4031.99,NETWORK_ERROR,STOP_AND_ESCALATE,HIGH,ESCALATED,0.0
TXN10795,13169.98,INSUFFICIENT_FUNDS,PAYMENT_LINK,MEDIUM,FAILED,0.0
TXN10796,2187.44,TEMPORARY_BANK_ERROR,RETRY,MEDIUM,RECOVERED,2187.44
TXN10797,289.82,CARD_EXPIRED,STOP_AND_ESCALATE,HIGH,ESCALATED,0.0
TXN10798,1715.44,TEMPORARY_BANK_ERROR,RETRY,MEDIUM,FAILED,0.0
TXN10799,1641.92,TEMPORARY_BANK_ERROR,RETRY,MEDIUM,FAILED,0.0
TXN10800,48674.62,INSUFFICIENT_FUNDS,PAYMENT_LINK,MEDIUM,FAILED,0.0
TXN10801,5541.44,AUTHENTICATION_FAILURE,CUSTOMER_PROMPT,MEDIUM,RECOVERED,5541.44
TXN10802,7292.07,CARD_EXPIRED,CUSTOMER_PROMPT,MEDIUM,RECOVERED,7292.07
TXN10803,46879.5,UNKNOWN,STOP_AND_ESCALATE,HIGH,ESCALATED,0.0
TXN10804,4141.93,UNKNOWN,REMINDER,LOW,RECOVERED,4141.93
TXN10805,13039.74,NETWORK_ERROR,STOP_AND_ESCALATE,HIGH,ESCALATED,0.0
TXN10806,1015.92,AUTHENTICATION_FAILURE,CUSTOMER_PROMPT,MEDIUM,RECOVERED,1015.92
TXN10807,1133.49,TEMPORARY_BANK_ERROR,RETRY,MEDIUM,RECOVERED,1133.49
TXN10808,5447.43,NETWORK_ERROR,STOP_AND_ESCALATE,HIGH,ESCALATED,0.0
TXN10809,38872.02,AUTHENTICATION_FAILURE,CUSTOMER_PROMPT,MEDIUM,FAILED,0.0
TXN10810,430.44,TEMPORARY_BANK_ERROR,RETRY,MEDIUM,RECOVERED,430.44
TXN10811,48826.72,INSUFFICIENT_FUNDS,STOP_AND_ESCALATE,HIGH,ESCALATED,0.0
TXN10812,44558.19,AUTHENTICATION_FAILURE,STOP_AND_ESCALATE,HIGH,ESCALATED,0.0
TXN10813,947.39,NETWORK_ERROR,STOP_AND_ESCALATE,HIGH,ESCALATED,0.0
TXN10814,529.13,CARD_EXPIRED,CUSTOMER_PROMPT,MEDIUM,RECOVERED,529.13
TXN10815,23586.42,INSUFFICIENT_FUNDS,PAYMENT_LINK,MEDIUM,FAILED,0.0
TXN10816,37079.07,INSUFFICIENT_FUNDS,STOP_AND_ESCALATE,HIGH,ESCALATED,0.0
TXN10817,34438.38,AUTHENTICATION_FAILURE,CUSTOMER_PROMPT,MEDIUM,RECOVERED,34438.38
TXN10818,1671.23,AUTHENTICATION_FAILURE,CUSTOMER_PROMPT,MEDIUM,FAILED,0.0
TXN10819,15529.82,TEMPORARY_BANK_ERROR,RETRY,HIGH,RECOVERED,15529.82
TXN10820,8459.02,AUTHENTICATION_FAILURE,CUSTOMER_PROMPT,MEDIUM,RECOVERED,8459.02
TXN10821,3702.59,NETWORK_ERROR,RETRY,MEDIUM,FAILED,0.0
TXN10822,787.5,TEMPORARY_BANK_ERROR,STOP_AND_ESCALATE,HIGH,ESCALATED,0.0
TXN10823,12255.27,AUTHENTICATION_FAILURE,STOP_AND_ESCALATE,HIGH,ESCALATED,0.0
TXN10824,35619.33,TEMPORARY_BANK_ERROR,STOP_AND_ESCALATE,HIGH,ESCALATED,0.0
TXN10825,1619.27,TEMPORARY_BANK_ERROR,RETRY,MEDIUM,RECOVERED,1619.27
TXN10826,8235.47,UNKNOWN,REMINDER,LOW,FAILED,0.0
TXN10827,37025.76,AUTHENTICATION_FAILURE,STOP_AND_ESCALATE,HIGH,ESCALATED,0.0
TXN10828,30012.21,NETWORK_ERROR,RETRY,HIGH,FAILED,0.0
TXN10829,7969.76,AUTHENTICATION_FAILURE,STOP_AND_ESCALATE,HIGH,ESCALATED,0.0
TXN10830,908.81,INSUFFICIENT_FUNDS,PAYMENT_LINK,MEDIUM,RECOVERED,908.81
TXN10831,9551.02,UNKNOWN,REMINDER,LOW,FAILED,0.0
TXN10832,4436.3,UNKNOWN,REMINDER,LOW,RECOVERED,4436.3
TXN10833,1649.34,TEMPORARY_BANK_ERROR,STOP_AND_ESCALATE,HIGH,ESCALATED,0.0
TXN10834,1866.3,NETWORK_ERROR,RETRY,MEDIUM,FAILED,0.0
TXN10835,1821.12,UNKNOWN,REMINDER,LOW,FAILED,0.0
TXN10836,3029.85,TEMPORARY_BANK_ERROR,STOP_AND_ESCALATE,HIGH,ESCALATED,0.0
TXN10837,2958.98,TEMPORARY_BANK_ERROR,RETRY,MEDIUM,RECOVERED,2958.98
TXN10838,14406.88,CARD_EXPIRED,STOP_AND_ESCALATE,HIGH,ESCALATED,0.0
TXN10839,1099.65,INSUFFICIENT_FUNDS,PAYMENT_LINK,MEDIUM,RECOVERED,1099.65
TXN10840,6221.97,UNKNOWN,REMINDER,LOW,FAILED,0.0
TXN10841,32221.0,INSUFFICIENT_FUNDS,STOP_AND_ESCALATE,HIGH,ESCALATED,0.0
TXN10842,45244.21,UNKNOWN,REMINDER,LOW,FAILED,0.0
TXN10843,1814.61,AUTHENTICATION_FAILURE,STOP_AND_ESCALATE,HIGH,ESCALATED,0.0
TXN10844,210.75,INSUFFICIENT_FUNDS,PAYMENT_LINK,MEDIUM,FAILED,0.0
TXN10845,459.24,INSUFFICIENT_FUNDS,PAYMENT_LINK,MEDIUM,FAILED,0.0
TXN10846,38301.42,TEMPORARY_BANK_ERROR,STOP_AND_ESCALATE,HIGH,ESCALATED,0.0
TXN10847,9316.02,TEMPORARY_BANK_ERROR,STOP_AND_ESCALATE,HIGH,ESCALATED,0.0
TXN10848,282.58,TEMPORARY_BANK_ERROR,STOP_AND_ESCALATE,HIGH,ESCALATED,0.0
TXN10849,45672.81,INSUFFICIENT_FUNDS,STOP_AND_ESCALATE,HIGH,ESCALATED,0.0
TXN10850,1149.1,INSUFFICIENT_FUNDS,PAYMENT_LINK,MEDIUM,FAILED,0.0
TXN10851,23641.91,AUTHENTICATION_FAILURE,CUSTOMER_PROMPT,MEDIUM,FAILED,0.0
TXN10852,21745.3,AUTHENTICATION_FAILURE,CUSTOMER_PROMPT,MEDIUM,FAILED,0.0
TXN10853,39085.25,TEMPORARY_BANK_ERROR,STOP_AND_ESCALATE,HIGH,ESCALATED,0.0
TXN10854,36821.62,UNKNOWN,STOP_AND_ESCALATE,HIGH,ESCALATED,0.0
TXN10855,3784.5,INSUFFICIENT_FUNDS,STOP_AND_ESCALATE,HIGH,ESCALATED,0.0
TXN10856,25245.88,INSUFFICIENT_FUNDS,PAYMENT_LINK,MEDIUM,FAILED,0.0
TXN10857,2760.36,CARD_EXPIRED,STOP_AND_ESCALATE,HIGH,ESCALATED,0.0
TXN10858,1829.53,NETWORK_ERROR,STOP_AND_ESCALATE,HIGH,ESCALATED,0.0
TXN10859,29760.47,INSUFFICIENT_FUNDS,PAYMENT_LINK,MEDIUM,FAILED,0.0
TXN10860,32839.66,CARD_EXPIRED,STOP_AND_ESCALATE,HIGH,ESCALATED,0.0
TXN10861,7017.44,INSUFFICIENT_FUNDS,STOP_AND_ESCALATE,HIGH,ESCALATED,0.0
TXN10862,9135.7,NETWORK_ERROR,STOP_AND_ESCALATE,HIGH,ESCALATED,0.0
TXN10863,29766.3,UNKNOWN,REMINDER,LOW,FAILED,0.0
TXN10864,29320.47,INSUFFICIENT_FUNDS,PAYMENT_LINK,MEDIUM,FAILED,0.0
TXN10865,597.07,NETWORK_ERROR,STOP_AND_ESCALATE,HIGH,ESCALATED,0.0
TXN10866,27288.53,NETWORK_ERROR,STOP_AND_ESCALATE,HIGH,ESCALATED,0.0
TXN10867,5489.52,INSUFFICIENT_FUNDS,STOP_AND_ESCALATE,HIGH,ESCALATED,0.0
TXN10868,1589.54,INSUFFICIENT_FUNDS,PAYMENT_LINK,MEDIUM,FAILED,0.0
TXN10869,45553.7,UNKNOWN,REMINDER,LOW,FAILED,0.0
TXN10870,41590.47,TEMPORARY_BANK_ERROR,RETRY,HIGH,FAILED,0.0
TXN10871,36773.93,NETWORK_ERROR,STOP_AND_ESCALATE,HIGH,ESCALATED,0.0
TXN10872,2247.73,CARD_EXPIRED,STOP_AND_ESCALATE,HIGH,ESCALATED,0.0
TXN10873,233.07,TEMPORARY_BANK_ERROR,RETRY,MEDIUM,FAILED,0.0
TXN10874,7505.66,INSUFFICIENT_FUNDS,PAYMENT_LINK,MEDIUM,RECOVERED,7505.66
TXN10875,9305.48,AUTHENTICATION_FAILURE,STOP_AND_ESCALATE,HIGH,ESCALATED,0.0
TXN10876,1522.79,NETWORK_ERROR,RETRY,MEDIUM,RECOVERED,1522.79
TXN10877,35467.72,NETWORK_ERROR,RETRY,HIGH,RECOVERED,35467.72
TXN10878,3649.37,NETWORK_ERROR,RETRY,MEDIUM,FAILED,0.0
TXN10879,8447.97,TEMPORARY_BANK_ERROR,STOP_AND_ESCALATE,HIGH,ESCALATED,0.0
TXN10880,31339.14,CARD_EXPIRED,STOP_AND_ESCALATE,HIGH,ESCALATED,0.0
TXN10881,44807.87,TEMPORARY_BANK_ERROR,STOP_AND_ESCALATE,HIGH,ESCALATED,0.0
TXN10882,914.74,NETWORK_ERROR,STOP_AND_ESCALATE,HIGH,ESCALATED,0.0
TXN10883,10393.87,TEMPORARY_BANK_ERROR,STOP_AND_ESCALATE,HIGH,ESCALATED,0.0
TXN10884,4649.34,AUTHENTICATION_FAILURE,CUSTOMER_PROMPT,MEDIUM,FAILED,0.0
TXN10885,45718.58,TEMPORARY_BANK_ERROR,STOP_AND_ESCALATE,HIGH,ESCALATED,0.0
TXN10886,613.62,TEMPORARY_BANK_ERROR,RETRY,MEDIUM,RECOVERED,613.62
TXN10887,25446.24,UNKNOWN,REMINDER,LOW,FAILED,0.0
TXN10888,3003.41,INSUFFICIENT_FUNDS,PAYMENT_LINK,MEDIUM,RECOVERED,3003.41
TXN10889,720.98,TEMPORARY_BANK_ERROR,RETRY,MEDIUM,RECOVERED,720.98
TXN10890,6160.94,NETWORK_ERROR,RETRY,HIGH,RECOVERED,6160.94
TXN10891,6311.31,NETWORK_ERROR,RETRY,HIGH,RECOVERED,6311.31
TXN10892,24636.78,TEMPORARY_BANK_ERROR,STOP_AND_ESCALATE,HIGH,ESCALATED,0.0
TXN10893,26091.79,AUTHENTICATION_FAILURE,CUSTOMER_PROMPT,MEDIUM,RECOVERED,26091.79
TXN10894,37421.54,CARD_EXPIRED,CUSTOMER_PROMPT,MEDIUM,FAILED,0.0
TXN10895,19440.32,CARD_EXPIRED,STOP_AND_ESCALATE,HIGH,ESCALATED,0.0
TXN10896,15970.72,AUTHENTICATION_FAILURE,CUSTOMER_PROMPT,MEDIUM,RECOVERED,15970.72
TXN10897,2961.89,AUTHENTICATION_FAILURE,STOP_AND_ESCALATE,HIGH,ESCALATED,0.0
TXN10898,2887.25,UNKNOWN,REMINDER,LOW,RECOVERED,2887.25
TXN10899,512.22,AUTHENTICATION_FAILURE,CUSTOMER_PROMPT,MEDIUM,FAILED,0.0
TXN10900,1870.71,TEMPORARY_BANK_ERROR,RETRY,MEDIUM,FAILED,0.0
TXN10901,22531.04,TEMPORARY_BANK_ERROR,STOP_AND_ESCALATE,HIGH,ESCALATED,0.0
TXN10902,2393.17,NETWORK_ERROR,RETRY,MEDIUM,RECOVERED,2393.17
TXN10903,25630.12,TEMPORARY_BANK_ERROR,STOP_AND_ESCALATE,HIGH,ESCALATED,0.0
TXN10904,6909.05,UNKNOWN,STOP_AND_ESCALATE,HIGH,ESCALATED,0.0
TXN10905,34459.79,TEMPORARY_BANK_ERROR,STOP_AND_ESCALATE,HIGH,ESCALATED,0.0
TXN10906,493.38,TEMPORARY_BANK_ERROR,STOP_AND_ESCALATE,HIGH,ESCALATED,0.0
TXN10907,3020.42,INSUFFICIENT_FUNDS,STOP_AND_ESCALATE,HIGH,ESCALATED,0.0
TXN10908,43657.59,TEMPORARY_BANK_ERROR,RETRY,HIGH,RECOVERED,43657.59
TXN10909,1123.67,UNKNOWN,STOP_AND_ESCALATE,HIGH,ESCALATED,0.0
TXN10910,44410.13,INSUFFICIENT_FUNDS,PAYMENT_LINK,MEDIUM,FAILED,0.0
TXN10911,1089.97,TEMPORARY_BANK_ERROR,RETRY,MEDIUM,RECOVERED,1089.97
TXN10912,7954.2,NETWORK_ERROR,STOP_AND_ESCALATE,HIGH,ESCALATED,0.0
TXN10913,1031.71,TEMPORARY_BANK_ERROR,RETRY,MEDIUM,RECOVERED,1031.71
TXN10914,5742.41,CARD_EXPIRED,STOP_AND_ESCALATE,HIGH,ESCALATED,0.0
TXN10915,1804.88,TEMPORARY_BANK_ERROR,RETRY,MEDIUM,RECOVERED,1804.88
TXN10916,27953.27,INSUFFICIENT_FUNDS,STOP_AND_ESCALATE,HIGH,ESCALATED,0.0
TXN10917,30009.26,INSUFFICIENT_FUNDS,STOP_AND_ESCALATE,HIGH,ESCALATED,0.0
TXN10918,663.29,UNKNOWN,REMINDER,LOW,FAILED,0.0
TXN10919,8304.49,CARD_EXPIRED,STOP_AND_ESCALATE,HIGH,ESCALATED,0.0
TXN10920,1728.98,INSUFFICIENT_FUNDS,PAYMENT_LINK,MEDIUM,FAILED,0.0
TXN10921,24010.89,TEMPORARY_BANK_ERROR,STOP_AND_ESCALATE,HIGH,ESCALATED,0.0
TXN10922,5025.81,NETWORK_ERROR,STOP_AND_ESCALATE,HIGH,ESCALATED,0.0
TXN10923,17963.29,CARD_EXPIRED,STOP_AND_ESCALATE,HIGH,ESCALATED,0.0
TXN10924,7125.04,NETWORK_ERROR,RETRY,HIGH,FAILED,0.0
TXN10925,8868.52,NETWORK_ERROR,STOP_AND_ESCALATE,HIGH,ESCALATED,0.0
TXN10926,1529.1,INSUFFICIENT_FUNDS,STOP_AND_ESCALATE,HIGH,ESCALATED,0.0
TXN10927,48562.17,TEMPORARY_BANK_ERROR,STOP_AND_ESCALATE,HIGH,ESCALATED,0.0
TXN10928,41278.1,AUTHENTICATION_FAILURE,STOP_AND_ESCALATE,HIGH,ESCALATED,0.0
TXN10929,1496.06,TEMPORARY_BANK_ERROR,STOP_AND_ESCALATE,HIGH,ESCALATED,0.0
TXN10930,1888.44,INSUFFICIENT_FUNDS,STOP_AND_ESCALATE,HIGH,ESCALATED,0.0
TXN10931,475.06,INSUFFICIENT_FUNDS,PAYMENT_LINK,MEDIUM,FAILED,0.0
TXN10932,286.11,INSUFFICIENT_FUNDS,PAYMENT_LINK,MEDIUM,FAILED,0.0
TXN10933,481.17,NETWORK_ERROR,STOP_AND_ESCALATE,HIGH,ESCALATED,0.0
TXN10934,5252.44,INSUFFICIENT_FUNDS,PAYMENT_LINK,MEDIUM,RECOVERED,5252.44
TXN10935,8873.8,INSUFFICIENT_FUNDS,STOP_AND_ESCALATE,HIGH,ESCALATED,0.0
TXN10936,12635.76,AUTHENTICATION_FAILURE,CUSTOMER_PROMPT,MEDIUM,RECOVERED,12635.76
TXN10937,1394.47,INSUFFICIENT_FUNDS,PAYMENT_LINK,MEDIUM,RECOVERED,1394.47
TXN10938,4195.03,INSUFFICIENT_FUNDS,STOP_AND_ESCALATE,HIGH,ESCALATED,0.0
TXN10939,7273.97,CARD_EXPIRED,STOP_AND_ESCALATE,HIGH,ESCALATED,0.0
TXN10940,41901.7,TEMPORARY_BANK_ERROR,RETRY,HIGH,FAILED,0.0
TXN10941,1531.56,NETWORK_ERROR,RETRY,MEDIUM,FAILED,0.0
TXN10942,9034.3,AUTHENTICATION_FAILURE,CUSTOMER_PROMPT,MEDIUM,FAILED,0.0
TXN10943,9944.32,UNKNOWN,STOP_AND_ESCALATE,HIGH,ESCALATED,0.0
TXN10944,30101.9,AUTHENTICATION_FAILURE,CUSTOMER_PROMPT,MEDIUM,RECOVERED,30101.9
TXN10945,973.89,INSUFFICIENT_FUNDS,STOP_AND_ESCALATE,HIGH,ESCALATED,0.0
TXN10946,1795.79,AUTHENTICATION_FAILURE,CUSTOMER_PROMPT,MEDIUM,FAILED,0.0
TXN10947,36047.08,AUTHENTICATION_FAILURE,CUSTOMER_PROMPT,MEDIUM,FAILED,0.0
TXN10948,48951.22,AUTHENTICATION_FAILURE,CUSTOMER_PROMPT,MEDIUM,FAILED,0.0
TXN10949,2203.76,TEMPORARY_BANK_ERROR,STOP_AND_ESCALATE,HIGH,ESCALATED,0.0
TXN10950,25953.66,UNKNOWN,STOP_AND_ESCALATE,HIGH,ESCALATED,0.0
TXN10951,22377.3,NETWORK_ERROR,STOP_AND_ESCALATE,HIGH,ESCALATED,0.0
TXN10952,12526.42,CARD_EXPIRED,STOP_AND_ESCALATE,HIGH,ESCALATED,0.0
TXN10953,9246.88,CARD_EXPIRED,STOP_AND_ESCALATE,HIGH,ESCALATED,0.0
TXN10954,1535.9,AUTHENTICATION_FAILURE,CUSTOMER_PROMPT,MEDIUM,RECOVERED,1535.9
TXN10955,43287.65,TEMPORARY_BANK_ERROR,RETRY,HIGH,RECOVERED,43287.65
TXN10956,1537.0,TEMPORARY_BANK_ERROR,STOP_AND_ESCALATE,HIGH,ESCALATED,0.0
TXN10957,12157.3,TEMPORARY_BANK_ERROR,STOP_AND_ESCALATE,HIGH,ESCALATED,0.0
TXN10958,1473.19,INSUFFICIENT_FUNDS,STOP_AND_ESCALATE,HIGH,ESCALATED,0.0
TXN10959,576.81,TEMPORARY_BANK_ERROR,RETRY,MEDIUM,RECOVERED,576.81
TXN10960,46304.66,TEMPORARY_BANK_ERROR,STOP_AND_ESCALATE,HIGH,ESCALATED,0.0
TXN10961,40914.96,TEMPORARY_BANK_ERROR,RETRY,HIGH,RECOVERED,40914.96
TXN10962,7857.17,AUTHENTICATION_FAILURE,CUSTOMER_PROMPT,MEDIUM,RECOVERED,7857.17
TXN10963,445.54,INSUFFICIENT_FUNDS,STOP_AND_ESCALATE,HIGH,ESCALATED,0.0
TXN10964,1554.07,AUTHENTICATION_FAILURE,STOP_AND_ESCALATE,HIGH,ESCALATED,0.0
TXN10965,33447.29,TEMPORARY_BANK_ERROR,STOP_AND_ESCALATE,HIGH,ESCALATED,0.0
TXN10966,22073.39,INSUFFICIENT_FUNDS,PAYMENT_LINK,MEDIUM,FAILED,0.0
TXN10967,47742.61,AUTHENTICATION_FAILURE,CUSTOMER_PROMPT,MEDIUM,RECOVERED,47742.61
TXN10968,6478.04,TEMPORARY_BANK_ERROR,RETRY,HIGH,RECOVERED,6478.04
TXN10969,28811.85,TEMPORARY_BANK_ERROR,STOP_AND_ESCALATE,HIGH,ESCALATED,0.0
TXN10970,5633.37,CARD_EXPIRED,STOP_AND_ESCALATE,HIGH,ESCALATED,0.0
TXN10971,35495.7,TEMPORARY_BANK_ERROR,STOP_AND_ESCALATE,HIGH,ESCALATED,0.0
TXN10972,369.79,INSUFFICIENT_FUNDS,PAYMENT_LINK,MEDIUM,RECOVERED,369.79
TXN10973,840.18,TEMPORARY_BANK_ERROR,RETRY,MEDIUM,RECOVERED,840.18
TXN10974,1087.92,TEMPORARY_BANK_ERROR,STOP_AND_ESCALATE,HIGH,ESCALATED,0.0
TXN10975,24542.33,TEMPORARY_BANK_ERROR,RETRY,HIGH,FAILED,0.0
TXN10976,1648.03,AUTHENTICATION_FAILURE,CUSTOMER_PROMPT,MEDIUM,RECOVERED,1648.03
TXN10977,6921.1,AUTHENTICATION_FAILURE,CUSTOMER_PROMPT,MEDIUM,RECOVERED,6921.1
TXN10978,3370.43,TEMPORARY_BANK_ERROR,STOP_AND_ESCALATE,HIGH,ESCALATED,0.0
TXN10979,5120.14,CARD_EXPIRED,CUSTOMER_PROMPT,MEDIUM,FAILED,0.0
TXN10980,25942.64,NETWORK_ERROR,RETRY,HIGH,RECOVERED,25942.64
TXN10981,44126.92,NETWORK_ERROR,RETRY,HIGH,FAILED,0.0
TXN10982,32853.58,AUTHENTICATION_FAILURE,CUSTOMER_PROMPT,MEDIUM,RECOVERED,32853.58
TXN10983,501.82,INSUFFICIENT_FUNDS,PAYMENT_LINK,MEDIUM,RECOVERED,501.82
TXN10984,2091.11,AUTHENTICATION_FAILURE,STOP_AND_ESCALATE,HIGH,ESCALATED,0.0
TXN10985,811.69,INSUFFICIENT_FUNDS,STOP_AND_ESCALATE,HIGH,ESCALATED,0.0
TXN10986,7516.92,INSUFFICIENT_FUNDS,PAYMENT_LINK,MEDIUM,RECOVERED,7516.92
TXN10987,714.99,TEMPORARY_BANK_ERROR,STOP_AND_ESCALATE,HIGH,ESCALATED,0.0
TXN10988,41791.91,AUTHENTICATION_FAILURE,CUSTOMER_PROMPT,MEDIUM,RECOVERED,41791.91
TXN10989,3000.5,CARD_EXPIRED,STOP_AND_ESCALATE,HIGH,ESCALATED,0.0
TXN10990,7885.01,INSUFFICIENT_FUNDS,STOP_AND_ESCALATE,HIGH,ESCALATED,0.0
TXN10991,5458.42,TEMPORARY_BANK_ERROR,RETRY,HIGH,RECOVERED,5458.42
TXN10992,9532.12,UNKNOWN,STOP_AND_ESCALATE,HIGH,ESCALATED,0.0
TXN10993,21044.75,CARD_EXPIRED,STOP_AND_ESCALATE,HIGH,ESCALATED,0.0
TXN10994,40531.41,INSUFFICIENT_FUNDS,STOP_AND_ESCALATE,HIGH,ESCALATED,0.0
TXN10995,7868.24,AUTHENTICATION_FAILURE,STOP_AND_ESCALATE,HIGH,ESCALATED,0.0
TXN10996,1771.88,AUTHENTICATION_FAILURE,CUSTOMER_PROMPT,MEDIUM,RECOVERED,1771.88
TXN10997,423.53,TEMPORARY_BANK_ERROR,RETRY,MEDIUM,FAILED,0.0
TXN10998,11672.86,INSUFFICIENT_FUNDS,STOP_AND_ESCALATE,HIGH,ESCALATED,0.0
TXN10999,914.91,INSUFFICIENT_FUNDS,STOP_AND_ESCALATE,HIGH,ESCALATED,0.0
