transaction_id,customer_id,amount,payment_status,failure_reason,attempts,customer_type,previous_successes,days_since_failure,recovery_action,recovery_status,recovered_amount
TXN10000,CUST1099,873.17,FAILED,TEMPORARY_BANK_ERROR,3,RETURNING,3,10,ESCALATE,ESCALATED,0.0
TXN10001,CUST1048,7206.46,FAILED,AUTHENTICATION_FAILURE,2,NEW,0,5,CUSTOMER_PROMPT,SUCCESS,7206.46
TXN10002,CUST1130,11866.63,FAILED,AUTHENTICATION_FAILURE,4,RETURNING,8,6,ESCALATE,ESCALATED,0.0
TXN10003,CUST1091,7441.78,FAILED,CARD_EXPIRED,1,LOYAL,21,9,CUSTOMER_PROMPT,SUCCESS,7441.78
TXN10004,CUST1053,29807.08,FAILED,INSUFFICIENT_FUNDS,4,NEW,0,3,ESCALATE,ESCALATED,0.0
TXN10005,CUST1214,3478.65,FAILED,CARD_EXPIRED,2,RETURNING,3,14,CUSTOMER_PROMPT,FAILED,0.0
TXN10006,CUST1040,1136.5,FAILED,AUTHENTICATION_FAILURE,1,RETURNING,6,11,CUSTOMER_PROMPT,FAILED,0.0
TXN10007,CUST1162,732.29,FAILED,INSUFFICIENT_FUNDS,3,RETURNING,5,10,ESCALATE,ESCALATED,0.0
TXN10008,CUST1061,6847.07,FAILED,CARD_EXPIRED,4,NEW,2,1,ESCALATE,ESCALATED,0.0
TXN10009,CUST1217,35502.3,FAILED,TEMPORARY_BANK_ERROR,2,RETURNING,4,2,RETRY,FAILED,0.0
TXN10010,CUST1240,11617.34,FAILED,INSUFFICIENT_FUNDS,3,RETURNING,3,14,ESCALATE,ESCALATED,0.0
TXN10011,CUST1186,46302.66,FAILED,NETWORK_ERROR,4,RETURNING,8,12,ESCALATE,ESCALATED,0.0
TXN10012,CUST1127,9042.86,FAILED,INSUFFICIENT_FUNDS,4,RETURNING,7,11,ESCALATE,ESCALATED,0.0
TXN10013,CUST1197,1652.39,FAILED,INSUFFICIENT_FUNDS,4,RETURNING,4,12,ESCALATE,ESCALATED,0.0
TXN10014,CUST1112,18884.31,FAILED,UNKNOWN,2,RETURNING,9,7,REMINDER,FAILED,0.0
TXN10015,CUST1001,19875.04,FAILED,TEMPORARY_BANK_ERROR,4,RETURNING,2,0,ESCALATE,ESCALATED,0.0
TXN10016,CUST1246,1103.82,FAILED,TEMPORARY_BANK_ERROR,4,RETURNING,7,9,ESCALATE,ESCALATED,0.0
TXN10017,CUST1239,19505.5,FAILED,NETWORK_ERROR,2,LOYAL,12,5,RETRY,SUCCESS,19505.5
TXN10018,CUST1198,1636.02,FAILED,TEMPORARY_BANK_ERROR,3,LOYAL,11,14,ESCALATE,ESCALATED,0.0
TXN10019,CUST1297,7526.81,FAILED,INSUFFICIENT_FUNDS,1,LOYAL,18,1,PAYMENT_LINK,FAILED,0.0
TXN10020,CUST1036,663.29,FAILED,TEMPORARY_BANK_ERROR,4,RETURNING,2,13,ESCALATE,ESCALATED,0.0
TXN10021,CUST1115,21154.85,FAILED,CARD_EXPIRED,2,RETURNING,4,7,CUSTOMER_PROMPT,FAILED,0.0
TXN10022,CUST1193,3292.87,FAILED,UNKNOWN,1,NEW,1,12,REMINDER,FAILED,0.0
TXN10023,CUST1134,1444.41,FAILED,INSUFFICIENT_FUNDS,4,NEW,1,7,ESCALATE,ESCALATED,0.0
TXN10024,CUST1050,31701.61,FAILED,INSUFFICIENT_FUNDS,2,RETURNING,8,5,PAYMENT_LINK,FAILED,0.0
TXN10025,CUST1146,7048.48,FAILED,AUTHENTICATION_FAILURE,1,RETURNING,8,11,CUSTOMER_PROMPT,FAILED,0.0
TXN10026,CUST1180,8147.66,FAILED,CARD_EXPIRED,4,LOYAL,28,8,ESCALATE,ESCALATED,0.0
TXN10027,CUST1222,1229.13,FAILED,INSUFFICIENT_FUNDS,3,RETURNING,8,1,ESCALATE,ESCALATED,0.0
TXN10028,CUST1272,9439.2,FAILED,INSUFFICIENT_FUNDS,3,RETURNING,7,10,ESCALATE,ESCALATED,0.0
TXN10029,CUST1035,38356.44,FAILED,INSUFFICIENT_FUNDS,2,RETURNING,8,8,PAYMENT_LINK,FAILED,0.0
TXN10030,CUST1050,7199.06,FAILED,INSUFFICIENT_FUNDS,2,LOYAL,22,6,PAYMENT_LINK,FAILED,0.0
TXN10031,CUST1100,6340.61,FAILED,TEMPORARY_BANK_ERROR,2,LOYAL,24,14,RETRY,SUCCESS,6340.61
TXN10032,CUST1143,1139.04,FAILED,TEMPORARY_BANK_ERROR,4,RETURNING,7,13,ESCALATE,ESCALATED,0.0
TXN10033,CUST1116,1955.53,FAILED,INSUFFICIENT_FUNDS,3,RETURNING,4,9,ESCALATE,RECOVERED,1955.53
TXN10034,CUST1088,344.57,FAILED,INSUFFICIENT_FUNDS,4,NEW,0,13,ESCALATE,ESCALATED,0.0
TXN10035,CUST1143,48194.61,FAILED,AUTHENTICATION_FAILURE,3,RETURNING,6,2,ESCALATE,ESCALATED,0.0
TXN10036,CUST1217,484.56,FAILED,CARD_EXPIRED,4,NEW,1,4,ESCALATE,ESCALATED,0.0
TXN10037,CUST1179,8454.5,FAILED,TEMPORARY_BANK_ERROR,2,RETURNING,8,4,RETRY,FAILED,0.0
TXN10038,CUST1159,873.3,FAILED,TEMPORARY_BANK_ERROR,4,RETURNING,6,6,ESCALATE,ESCALATED,0.0
TXN10039,CUST1167,1891.41,FAILED,CARD_EXPIRED,4,RETURNING,4,2,ESCALATE,ESCALATED,0.0
TXN10040,CUST1263,12774.45,FAILED,TEMPORARY_BANK_ERROR,3,RETURNING,6,6,ESCALATE,ESCALATED,0.0
TXN10041,CUST1216,23624.98,FAILED,NETWORK_ERROR,2,RETURNING,5,12,RETRY,FAILED,0.0
TXN10042,CUST1095,1645.27,FAILED,UNKNOWN,4,RETURNING,4,3,ESCALATE,ESCALATED,0.0
TXN10043,CUST1061,812.45,FAILED,NETWORK_ERROR,1,RETURNING,8,13,RETRY,FAILED,0.0
TXN10044,CUST1283,21905.41,FAILED,UNKNOWN,3,RETURNING,5,11,ESCALATE,ESCALATED,0.0
TXN10045,CUST1052,32937.52,FAILED,INSUFFICIENT_FUNDS,1,NEW,0,3,PAYMENT_LINK,FAILED,0.0
TXN10046,CUST1234,8316.16,FAILED,AUTHENTICATION_FAILURE,1,LOYAL,21,2,CUSTOMER_PROMPT,FAILED,0.0
TXN10047,CUST1282,9748.25,FAILED,CARD_EXPIRED,2,RETURNING,6,12,CUSTOMER_PROMPT,SUCCESS,9748.25
TXN10048,CUST1216,13393.51,FAILED,INSUFFICIENT_FUNDS,4,RETURNING,6,0,ESCALATE,ESCALATED,0.0
TXN10049,CUST1125,38327.25,FAILED,NETWORK_ERROR,2,RETURNING,7,9,RETRY,SUCCESS,38327.25
TXN10050,CUST1189,2090.82,FAILED,TEMPORARY_BANK_ERROR,1,RETURNING,9,6,RETRY,FAILED,0.0
TXN10051,CUST1148,919.4,FAILED,CARD_EXPIRED,1,NEW,1,12,CUSTOMER_PROMPT,SUCCESS,919.4
TXN10052,CUST1000,46764.63,FAILED,AUTHENTICATION_FAILURE,1,RETURNING,2,0,CUSTOMER_PROMPT,FAILED,0.0
TXN10053,CUST1155,1328.6,FAILED,UNKNOWN,4,LOYAL,17,5,ESCALATE,ESCALATED,0.0
TXN10054,CUST1144,3357.27,FAILED,UNKNOWN,4,NEW,0,10,ESCALATE,ESCALATED,0.0
TXN10055,CUST1009,702.57,FAILED,CARD_EXPIRED,2,NEW,2,2,CUSTOMER_PROMPT,FAILED,0.0
TXN10056,CUST1281,11808.75,FAILED,CARD_EXPIRED,4,RETURNING,7,14,ESCALATE,ESCALATED,0.0
TXN10057,CUST1005,884.6,FAILED,INSUFFICIENT_FUNDS,1,NEW,0,4,PAYMENT_LINK,SUCCESS,884.6
TXN10058,CUST1084,39996.43,FAILED,NETWORK_ERROR,2,RETURNING,6,9,RETRY,SUCCESS,39996.43
TXN10059,CUST1071,1009.98,FAILED,NETWORK_ERROR,4,NEW,0,1,ESCALATE,ESCALATED,0.0
TXN10060,CUST1250,29048.43,FAILED,CARD_EXPIRED,4,RETURNING,5,4,ESCALATE,ESCALATED,0.0
TXN10061,CUST1251,11151.31,FAILED,NETWORK_ERROR,3,RETURNING,7,6,ESCALATE,ESCALATED,0.0
TXN10062,CUST1029,35465.77,FAILED,NETWORK_ERROR,1,RETURNING,8,5,RETRY,SUCCESS,35465.77
TXN10063,CUST1261,8898.05,FAILED,NETWORK_ERROR,4,LOYAL,17,7,ESCALATE,RECOVERED,8898.05
TXN10064,CUST1007,35336.03,FAILED,INSUFFICIENT_FUNDS,4,NEW,0,14,ESCALATE,ESCALATED,0.0
TXN10065,CUST1004,26466.45,FAILED,TEMPORARY_BANK_ERROR,2,RETURNING,9,2,RETRY,SUCCESS,26466.45
TXN10066,CUST1217,4780.61,FAILED,INSUFFICIENT_FUNDS,2,NEW,0,1,PAYMENT_LINK,SUCCESS,4780.61
TXN10067,CUST1291,1441.71,FAILED,CARD_EXPIRED,3,RETURNING,9,12,ESCALATE,RECOVERED,1441.71
TXN10068,CUST1215,17380.84,FAILED,AUTHENTICATION_FAILURE,2,RETURNING,9,11,CUSTOMER_PROMPT,FAILED,0.0
TXN10069,CUST1273,15909.56,FAILED,CARD_EXPIRED,3,RETURNING,8,14,ESCALATE,ESCALATED,0.0
TXN10070,CUST1125,1004.34,FAILED,TEMPORARY_BANK_ERROR,1,RETURNING,5,0,RETRY,SUCCESS,1004.34
TXN10071,CUST1110,9123.33,FAILED,AUTHENTICATION_FAILURE,4,RETURNING,6,14,ESCALATE,ESCALATED,0.0
TXN10072,CUST1228,1540.79,FAILED,NETWORK_ERROR,2,RETURNING,5,10,RETRY,SUCCESS,1540.79
TXN10073,CUST1136,2060.27,FAILED,TEMPORARY_BANK_ERROR,2,NEW,1,13,RETRY,SUCCESS,2060.27
TXN10074,CUST1093,26415.87,FAILED,UNKNOWN,4,LOYAL,27,14,ESCALATE,ESCALATED,0.0
TXN10075,CUST1117,47175.04,FAILED,INSUFFICIENT_FUNDS,4,RETURNING,3,4,ESCALATE,ESCALATED,0.0
TXN10076,CUST1258,39449.89,FAILED,INSUFFICIENT_FUNDS,1,RETURNING,7,13,PAYMENT_LINK,SUCCESS,39449.89
TXN10077,CUST1100,15376.59,FAILED,INSUFFICIENT_FUNDS,2,RETURNING,3,3,PAYMENT_LINK,SUCCESS,15376.59
TXN10078,CUST1136,2933.45,FAILED,TEMPORARY_BANK_ERROR,1,RETURNING,7,13,RETRY,FAILED,0.0
TXN10079,CUST1285,5033.45,FAILED,TEMPORARY_BANK_ERROR,1,NEW,0,4,RETRY,SUCCESS,5033.45
TXN10080,CUST1294,3491.05,FAILED,INSUFFICIENT_FUNDS,2,RETURNING,5,8,PAYMENT_LINK,FAILED,0.0
TXN10081,CUST1103,1483.81,FAILED,AUTHENTICATION_FAILURE,1,RETURNING,8,0,CUSTOMER_PROMPT,SUCCESS,1483.81
TXN10082,CUST1288,27261.13,FAILED,NETWORK_ERROR,4,RETURNING,9,14,ESCALATE,ESCALATED,0.0
TXN10083,CUST1085,9150.25,FAILED,TEMPORARY_BANK_ERROR,3,RETURNING,6,0,ESCALATE,ESCALATED,0.0
TXN10084,CUST1156,5951.36,FAILED,CARD_EXPIRED,4,LOYAL,22,3,ESCALATE,ESCALATED,0.0
TXN10085,CUST1282,1170.75,FAILED,AUTHENTICATION_FAILURE,4,RETURNING,8,3,ESCALATE,ESCALATED,0.0
TXN10086,CUST1140,3452.6,FAILED,INSUFFICIENT_FUNDS,2,NEW,2,10,PAYMENT_LINK,SUCCESS,3452.6
TXN10087,CUST1126,20240.62,FAILED,UNKNOWN,1,LOYAL,11,7,REMINDER,SUCCESS,20240.62
TXN10088,CUST1100,6609.73,FAILED,UNKNOWN,2,NEW,1,10,REMINDER,FAILED,0.0
TXN10089,CUST1136,1971.71,FAILED,AUTHENTICATION_FAILURE,4,RETURNING,7,14,ESCALATE,ESCALATED,0.0
TXN10090,CUST1016,34148.86,FAILED,CARD_EXPIRED,2,RETURNING,2,1,CUSTOMER_PROMPT,FAILED,0.0
TXN10091,CUST1284,2262.74,FAILED,TEMPORARY_BANK_ERROR,1,NEW,2,7,RETRY,SUCCESS,2262.74
TXN10092,CUST1062,1244.06,FAILED,UNKNOWN,1,RETURNING,2,3,REMINDER,FAILED,0.0
TXN10093,CUST1284,1993.37,FAILED,TEMPORARY_BANK_ERROR,3,RETURNING,4,13,ESCALATE,ESCALATED,0.0
TXN10094,CUST1112,43462.59,FAILED,NETWORK_ERROR,2,NEW,1,1,RETRY,FAILED,0.0
TXN10095,CUST1161,920.37,FAILED,UNKNOWN,4,RETURNING,8,9,ESCALATE,ESCALATED,0.0
TXN10096,CUST1254,2203.07,FAILED,TEMPORARY_BANK_ERROR,3,LOYAL,15,2,ESCALATE,ESCALATED,0.0
TXN10097,CUST1119,41996.64,FAILED,NETWORK_ERROR,3,LOYAL,22,7,ESCALATE,ESCALATED,0.0
TXN10098,CUST1160,9700.23,FAILED,INSUFFICIENT_FUNDS,2,NEW,2,6,PAYMENT_LINK,FAILED,0.0
TXN10099,CUST1194,573.2,FAILED,UNKNOWN,1,RETURNING,3,3,REMINDER,SUCCESS,573.2
TXN10100,CUST1279,4144.24,FAILED,INSUFFICIENT_FUNDS,4,RETURNING,2,2,ESCALATE,ESCALATED,0.0
TXN10101,CUST1236,49414.69,FAILED,AUTHENTICATION_FAILURE,1,RETURNING,2,13,CUSTOMER_PROMPT,FAILED,0.0
TXN10102,CUST1127,3743.97,FAILED,NETWORK_ERROR,1,LOYAL,20,10,RETRY,FAILED,0.0
TXN10103,CUST1026,410.95,FAILED,CARD_EXPIRED,3,RETURNING,7,4,ESCALATE,RECOVERED,410.95
TXN10104,CUST1189,1819.03,FAILED,AUTHENTICATION_FAILURE,1,RETURNING,8,9,CUSTOMER_PROMPT,FAILED,0.0
TXN10105,CUST1295,16651.33,FAILED,AUTHENTICATION_FAILURE,2,NEW,0,12,CUSTOMER_PROMPT,FAILED,0.0
TXN10106,CUST1249,38861.31,FAILED,UNKNOWN,2,LOYAL,22,4,REMINDER,FAILED,0.0
TXN10107,CUST1072,33803.12,FAILED,TEMPORARY_BANK_ERROR,1,LOYAL,20,9,RETRY,SUCCESS,33803.12
TXN10108,CUST1171,29819.65,FAILED,TEMPORARY_BANK_ERROR,3,RETURNING,2,1,ESCALATE,ESCALATED,0.0
TXN10109,CUST1011,1940.86,FAILED,UNKNOWN,1,NEW,2,9,REMINDER,FAILED,0.0
TXN10110,CUST1088,1174.42,FAILED,NETWORK_ERROR,2,RETURNING,6,7,RETRY,SUCCESS,1174.42
TXN10111,CUST1085,7544.71,FAILED,AUTHENTICATION_FAILURE,1,NEW,1,6,CUSTOMER_PROMPT,FAILED,0.0
TXN10112,CUST1102,1846.88,FAILED,INSUFFICIENT_FUNDS,1,NEW,1,1,PAYMENT_LINK,FAILED,0.0
TXN10113,CUST1038,265.61,FAILED,AUTHENTICATION_FAILURE,2,NEW,0,6,CUSTOMER_PROMPT,FAILED,0.0
TXN10114,CUST1226,766.52,FAILED,CARD_EXPIRED,2,RETURNING,2,11,CUSTOMER_PROMPT,SUCCESS,766.52
TXN10115,CUST1244,1765.18,FAILED,NETWORK_ERROR,3,RETURNING,9,13,ESCALATE,ESCALATED,0.0
TXN10116,CUST1176,1062.61,FAILED,INSUFFICIENT_FUNDS,4,RETURNING,2,4,ESCALATE,ESCALATED,0.0
TXN10117,CUST1139,4836.62,FAILED,INSUFFICIENT_FUNDS,1,NEW,0,13,PAYMENT_LINK,SUCCESS,4836.62
TXN10118,CUST1198,8383.12,FAILED,AUTHENTICATION_FAILURE,2,LOYAL,21,12,CUSTOMER_PROMPT,FAILED,0.0
TXN10119,CUST1217,47709.27,FAILED,AUTHENTICATION_FAILURE,2,NEW,2,10,CUSTOMER_PROMPT,SUCCESS,47709.27
TXN10120,CUST1240,265.12,FAILED,TEMPORARY_BANK_ERROR,1,NEW,2,2,RETRY,FAILED,0.0
TXN10121,CUST1088,5169.54,FAILED,CARD_EXPIRED,2,LOYAL,10,12,CUSTOMER_PROMPT,SUCCESS,5169.54
TXN10122,CUST1169,1266.29,FAILED,TEMPORARY_BANK_ERROR,1,RETURNING,4,2,RETRY,FAILED,0.0
TXN10123,CUST1089,32034.29,FAILED,INSUFFICIENT_FUNDS,4,RETURNING,5,10,ESCALATE,ESCALATED,0.0
TXN10124,CUST1185,1157.68,FAILED,AUTHENTICATION_FAILURE,4,LOYAL,25,13,ESCALATE,ESCALATED,0.0
TXN10125,CUST1058,1227.37,FAILED,AUTHENTICATION_FAILURE,4,RETURNING,7,7,ESCALATE,ESCALATED,0.0
TXN10126,CUST1234,1760.13,FAILED,AUTHENTICATION_FAILURE,2,LOYAL,11,11,CUSTOMER_PROMPT,SUCCESS,1760.13
TXN10127,CUST1257,5723.29,FAILED,TEMPORARY_BANK_ERROR,3,NEW,2,14,ESCALATE,RECOVERED,5723.29
TXN10128,CUST1162,1696.84,FAILED,AUTHENTICATION_FAILURE,4,RETURNING,2,14,ESCALATE,ESCALATED,0.0
TXN10129,CUST1241,430.21,FAILED,UNKNOWN,1,LOYAL,22,5,REMINDER,FAILED,0.0
TXN10130,CUST1269,1904.14,FAILED,TEMPORARY_BANK_ERROR,4,RETURNING,2,10,ESCALATE,ESCALATED,0.0
TXN10131,CUST1078,39986.07,FAILED,TEMPORARY_BANK_ERROR,3,RETURNING,5,0,ESCALATE,ESCALATED,0.0
TXN10132,CUST1270,4019.82,FAILED,UNKNOWN,3,RETURNING,6,12,ESCALATE,ESCALATED,0.0
TXN10133,CUST1235,7548.76,FAILED,NETWORK_ERROR,3,RETURNING,5,2,ESCALATE,ESCALATED,0.0
TXN10134,CUST1057,255.34,FAILED,NETWORK_ERROR,1,RETURNING,7,2,RETRY,SUCCESS,255.34
TXN10135,CUST1144,1808.38,FAILED,AUTHENTICATION_FAILURE,4,RETURNING,5,10,ESCALATE,ESCALATED,0.0
TXN10136,CUST1045,3229.11,FAILED,NETWORK_ERROR,4,RETURNING,4,4,ESCALATE,ESCALATED,0.0
TXN10137,CUST1213,2009.85,FAILED,AUTHENTICATION_FAILURE,4,RETURNING,5,8,ESCALATE,ESCALATED,0.0
TXN10138,CUST1094,41902.36,FAILED,TEMPORARY_BANK_ERROR,2,LOYAL,24,13,RETRY,SUCCESS,41902.36
TXN10139,CUST1045,7255.21,FAILED,AUTHENTICATION_FAILURE,4,LOYAL,18,8,ESCALATE,ESCALATED,0.0
TXN10140,CUST1232,455.49,FAILED,UNKNOWN,1,RETURNING,9,1,REMINDER,FAILED,0.0
TXN10141,CUST1105,2265.59,FAILED,AUTHENTICATION_FAILURE,2,RETURNING,7,9,CUSTOMER_PROMPT,FAILED,0.0
TXN10142,CUST1203,35457.21,FAILED,UNKNOWN,3,LOYAL,16,14,ESCALATE,ESCALATED,0.0
TXN10143,CUST1021,7711.98,FAILED,TEMPORARY_BANK_ERROR,4,RETURNING,8,3,ESCALATE,ESCALATED,0.0
TXN10144,CUST1242,7147.98,FAILED,TEMPORARY_BANK_ERROR,3,RETURNING,3,11,ESCALATE,ESCALATED,0.0
TXN10145,CUST1210,593.59,FAILED,TEMPORARY_BANK_ERROR,4,RETURNING,8,1,ESCALATE,RECOVERED,593.59
TXN10146,CUST1212,48991.73,FAILED,NETWORK_ERROR,1,NEW,2,5,RETRY,SUCCESS,48991.73
TXN10147,CUST1116,7940.91,FAILED,CARD_EXPIRED,4,LOYAL,25,8,ESCALATE,ESCALATED,0.0
TXN10148,CUST1236,6848.9,FAILED,AUTHENTICATION_FAILURE,2,RETURNING,4,12,CUSTOMER_PROMPT,SUCCESS,6848.9
TXN10149,CUST1001,8687.15,FAILED,AUTHENTICATION_FAILURE,2,RETURNING,9,11,CUSTOMER_PROMPT,FAILED,0.0
TXN10150,CUST1129,8834.23,FAILED,INSUFFICIENT_FUNDS,4,NEW,0,6,ESCALATE,ESCALATED,0.0
TXN10151,CUST1286,7216.33,FAILED,INSUFFICIENT_FUNDS,4,LOYAL,12,11,ESCALATE,ESCALATED,0.0
TXN10152,CUST1170,2587.9,FAILED,CARD_EXPIRED,1,RETURNING,5,4,CUSTOMER_PROMPT,SUCCESS,2587.9
TXN10153,CUST1043,1906.45,FAILED,NETWORK_ERROR,1,RETURNING,8,0,RETRY,FAILED,0.0
TXN10154,CUST1281,32325.61,FAILED,UNKNOWN,1,NEW,1,14,REMINDER,SUCCESS,32325.61
TXN10155,CUST1180,269.82,FAILED,AUTHENTICATION_FAILURE,2,NEW,0,11,CUSTOMER_PROMPT,SUCCESS,269.82
TXN10156,CUST1293,1062.81,FAILED,AUTHENTICATION_FAILURE,4,RETURNING,2,14,ESCALATE,ESCALATED,0.0
TXN10157,CUST1156,2239.76,FAILED,TEMPORARY_BANK_ERROR,1,NEW,2,0,RETRY,FAILED,0.0
TXN10158,CUST1144,8944.27,FAILED,UNKNOWN,2,RETURNING,8,13,REMINDER,FAILED,0.0
TXN10159,CUST1141,40740.77,FAILED,UNKNOWN,1,LOYAL,21,2,REMINDER,FAILED,0.0
TXN10160,CUST1268,7209.21,FAILED,INSUFFICIENT_FUNDS,1,LOYAL,13,8,PAYMENT_LINK,FAILED,0.0
TXN10161,CUST1278,6535.56,FAILED,UNKNOWN,3,RETURNING,7,5,ESCALATE,ESCALATED,0.0
TXN10162,CUST1092,8541.86,FAILED,INSUFFICIENT_FUNDS,4,RETURNING,6,9,ESCALATE,ESCALATED,0.0
TXN10163,CUST1264,3900.12,FAILED,TEMPORARY_BANK_ERROR,2,NEW,2,9,RETRY,FAILED,0.0
TXN10164,CUST1227,8905.81,FAILED,TEMPORARY_BANK_ERROR,4,LOYAL,19,4,ESCALATE,ESCALATED,0.0
TXN10165,CUST1116,8118.3,FAILED,TEMPORARY_BANK_ERROR,3,RETURNING,4,10,ESCALATE,RECOVERED,8118.3
TXN10166,CUST1051,47081.38,FAILED,INSUFFICIENT_FUNDS,2,NEW,0,13,PAYMENT_LINK,FAILED,0.0
TXN10167,CUST1262,9435.92,FAILED,INSUFFICIENT_FUNDS,1,RETURNING,3,3,PAYMENT_LINK,FAILED,0.0
TXN10168,CUST1262,31006.54,FAILED,AUTHENTICATION_FAILURE,2,RETURNING,2,7,CUSTOMER_PROMPT,FAILED,0.0
TXN10169,CUST1008,31059.97,FAILED,CARD_EXPIRED,2,LOYAL,29,11,CUSTOMER_PROMPT,SUCCESS,31059.97
TXN10170,CUST1151,3398.01,FAILED,AUTHENTICATION_FAILURE,3,LOYAL,23,4,ESCALATE,ESCALATED,0.0
TXN10171,CUST1107,5389.48,FAILED,INSUFFICIENT_FUNDS,2,RETURNING,3,4,PAYMENT_LINK,SUCCESS,5389.48
TXN10172,CUST1076,1752.03,FAILED,TEMPORARY_BANK_ERROR,3,RETURNING,5,9,ESCALATE,ESCALATED,0.0
TXN10173,CUST1240,49511.42,FAILED,INSUFFICIENT_FUNDS,2,RETURNING,3,12,PAYMENT_LINK,FAILED,0.0
TXN10174,CUST1163,4728.38,FAILED,INSUFFICIENT_FUNDS,2,RETURNING,9,3,PAYMENT_LINK,SUCCESS,4728.38
TXN10175,CUST1026,544.36,FAILED,AUTHENTICATION_FAILURE,2,RETURNING,6,11,CUSTOMER_PROMPT,FAILED,0.0
TXN10176,CUST1171,33712.48,FAILED,INSUFFICIENT_FUNDS,2,RETURNING,6,5,PAYMENT_LINK,SUCCESS,33712.48
TXN10177,CUST1286,6461.71,FAILED,AUTHENTICATION_FAILURE,4,RETURNING,7,4,ESCALATE,ESCALATED,0.0
TXN10178,CUST1002,3363.65,FAILED,TEMPORARY_BANK_ERROR,4,RETURNING,9,11,ESCALATE,ESCALATED,0.0
TXN10179,CUST1083,3876.9,FAILED,NETWORK_ERROR,1,LOYAL,15,8,RETRY,FAILED,0.0
TXN10180,CUST1150,1321.45,FAILED,NETWORK_ERROR,2,RETURNING,5,12,RETRY,SUCCESS,1321.45
TXN10181,CUST1195,13505.71,FAILED,INSUFFICIENT_FUNDS,4,NEW,0,13,ESCALATE,ESCALATED,0.0
TXN10182,CUST1165,41451.04,FAILED,INSUFFICIENT_FUNDS,4,LOYAL,12,14,ESCALATE,ESCALATED,0.0
TXN10183,CUST1162,5044.61,FAILED,NETWORK_ERROR,4,RETURNING,4,13,ESCALATE,ESCALATED,0.0
TXN10184,CUST1094,7558.91,FAILED,AUTHENTICATION_FAILURE,1,RETURNING,2,5,CUSTOMER_PROMPT,SUCCESS,7558.91
TXN10185,CUST1024,1075.71,FAILED,INSUFFICIENT_FUNDS,1,RETURNING,4,12,PAYMENT_LINK,SUCCESS,1075.71
TXN10186,CUST1042,617.59,FAILED,INSUFFICIENT_FUNDS,4,LOYAL,27,14,ESCALATE,ESCALATED,0.0
TXN10187,CUST1252,16080.99,FAILED,INSUFFICIENT_FUNDS,2,RETURNING,3,13,PAYMENT_LINK,FAILED,0.0
TXN10188,CUST1251,1314.1,FAILED,NETWORK_ERROR,2,NEW,0,2,RETRY,SUCCESS,1314.1
TXN10189,CUST1177,1311.49,FAILED,TEMPORARY_BANK_ERROR,4,RETURNING,5,11,ESCALATE,ESCALATED,0.0
TXN10190,CUST1085,434.28,FAILED,INSUFFICIENT_FUNDS,2,RETURNING,4,6,PAYMENT_LINK,FAILED,0.0
TXN10191,CUST1064,1933.88,FAILED,AUTHENTICATION_FAILURE,3,NEW,2,9,ESCALATE,ESCALATED,0.0
TXN10192,CUST1190,781.3,FAILED,TEMPORARY_BANK_ERROR,1,LOYAL,20,2,RETRY,SUCCESS,781.3
TXN10193,CUST1041,4127.89,FAILED,AUTHENTICATION_FAILURE,1,NEW,1,12,CUSTOMER_PROMPT,FAILED,0.0
TXN10194,CUST1241,1612.03,FAILED,NETWORK_ERROR,4,RETURNING,2,12,ESCALATE,ESCALATED,0.0
TXN10195,CUST1172,28459.1,FAILED,CARD_EXPIRED,4,RETURNING,9,0,ESCALATE,ESCALATED,0.0
TXN10196,CUST1151,469.3,FAILED,NETWORK_ERROR,1,NEW,0,12,RETRY,FAILED,0.0
TXN10197,CUST1050,25503.81,FAILED,UNKNOWN,3,RETURNING,4,6,ESCALATE,ESCALATED,0.0
TXN10198,CUST1048,2787.07,FAILED,INSUFFICIENT_FUNDS,4,NEW,0,7,ESCALATE,ESCALATED,0.0
TXN10199,CUST1257,658.74,FAILED,CARD_EXPIRED,2,RETURNING,7,4,CUSTOMER_PROMPT,SUCCESS,658.74
TXN10200,CUST1123,6658.8,FAILED,TEMPORARY_BANK_ERROR,2,NEW,2,6,RETRY,SUCCESS,6658.8
TXN10201,CUST1031,898.58,FAILED,CARD_EXPIRED,4,RETURNING,4,4,ESCALATE,ESCALATED,0.0
TXN10202,CUST1237,20337.26,FAILED,TEMPORARY_BANK_ERROR,2,RETURNING,6,7,RETRY,FAILED,0.0
TXN10203,CUST1028,7248.64,FAILED,UNKNOWN,1,RETURNING,2,12,REMINDER,SUCCESS,7248.64
TXN10204,CUST1183,48605.19,FAILED,INSUFFICIENT_FUNDS,2,RETURNING,9,10,PAYMENT_LINK,FAILED,0.0
TXN10205,CUST1185,2847.34,FAILED,CARD_EXPIRED,1,LOYAL,22,14,CUSTOMER_PROMPT,SUCCESS,2847.34
TXN10206,CUST1009,215.8,FAILED,INSUFFICIENT_FUNDS,2,RETURNING,4,1,PAYMENT_LINK,SUCCESS,215.8
TXN10207,CUST1053,8520.13,FAILED,AUTHENTICATION_FAILURE,4,RETURNING,6,5,ESCALATE,ESCALATED,0.0
TXN10208,CUST1210,1697.82,FAILED,NETWORK_ERROR,3,RETURNING,4,6,ESCALATE,ESCALATED,0.0
TXN10209,CUST1201,4946.11,FAILED,TEMPORARY_BANK_ERROR,2,LOYAL,10,4,RETRY,SUCCESS,4946.11
TXN10210,CUST1185,1314.26,FAILED,AUTHENTICATION_FAILURE,3,RETURNING,5,7,ESCALATE,ESCALATED,0.0
TXN10211,CUST1210,6484.72,FAILED,INSUFFICIENT_FUNDS,4,RETURNING,4,2,ESCALATE,ESCALATED,0.0
TXN10212,CUST1182,4673.57,FAILED,INSUFFICIENT_FUNDS,4,NEW,2,13,ESCALATE,ESCALATED,0.0
TXN10213,CUST1259,12501.69,FAILED,UNKNOWN,1,RETURNING,2,0,REMINDER,FAILED,0.0
TXN10214,CUST1060,37436.45,FAILED,NETWORK_ERROR,2,LOYAL,18,4,RETRY,SUCCESS,37436.45
TXN10215,CUST1034,3322.19,FAILED,NETWORK_ERROR,3,LOYAL,20,12,ESCALATE,ESCALATED,0.0
TXN10216,CUST1259,972.38,FAILED,INSUFFICIENT_FUNDS,1,RETURNING,6,3,PAYMENT_LINK,SUCCESS,972.38
TXN10217,CUST1030,288.72,FAILED,TEMPORARY_BANK_ERROR,4,NEW,0,11,ESCALATE,ESCALATED,0.0
TXN10218,CUST1181,5776.01,FAILED,INSUFFICIENT_FUNDS,3,RETURNING,5,11,ESCALATE,ESCALATED,0.0
TXN10219,CUST1020,971.0,FAILED,TEMPORARY_BANK_ERROR,2,RETURNING,9,9,RETRY,FAILED,0.0
TXN10220,CUST1153,23893.73,FAILED,UNKNOWN,3,NEW,2,6,ESCALATE,ESCALATED,0.0
TXN10221,CUST1160,4081.0,FAILED,NETWORK_ERROR,2,LOYAL,12,4,RETRY,SUCCESS,4081.0
TXN10222,CUST1042,20038.67,FAILED,AUTHENTICATION_FAILURE,1,RETURNING,2,12,CUSTOMER_PROMPT,FAILED,0.0
TXN10223,CUST1111,7661.97,FAILED,AUTHENTICATION_FAILURE,1,NEW,1,4,CUSTOMER_PROMPT,FAILED,0.0
TXN10224,CUST1058,44479.48,FAILED,INSUFFICIENT_FUNDS,3,RETURNING,7,7,ESCALATE,ESCALATED,0.0
TXN10225,CUST1212,41451.13,FAILED,NETWORK_ERROR,2,LOYAL,11,14,RETRY,SUCCESS,41451.13
TXN10226,CUST1247,1386.33,FAILED,NETWORK_ERROR,1,RETURNING,3,14,RETRY,FAILED,0.0
TXN10227,CUST1266,31548.07,FAILED,CARD_EXPIRED,2,NEW,2,10,CUSTOMER_PROMPT,FAILED,0.0
TXN10228,CUST1237,565.78,FAILED,INSUFFICIENT_FUNDS,1,RETURNING,6,14,PAYMENT_LINK,SUCCESS,565.78
TXN10229,CUST1219,3263.48,FAILED,INSUFFICIENT_FUNDS,3,RETURNING,4,1,ESCALATE,ESCALATED,0.0
TXN10230,CUST1011,45759.59,FAILED,AUTHENTICATION_FAILURE,2,RETURNING,7,2,CUSTOMER_PROMPT,FAILED,0.0
TXN10231,CUST1222,1530.51,FAILED,NETWORK_ERROR,2,LOYAL,28,3,RETRY,FAILED,0.0
TXN10232,CUST1226,37474.44,FAILED,CARD_EXPIRED,2,RETURNING,2,13,CUSTOMER_PROMPT,FAILED,0.0
TXN10233,CUST1212,8864.56,FAILED,AUTHENTICATION_FAILURE,3,NEW,0,11,ESCALATE,ESCALATED,0.0
TXN10234,CUST1162,8553.22,FAILED,TEMPORARY_BANK_ERROR,2,NEW,0,13,RETRY,FAILED,0.0
TXN10235,CUST1138,4783.18,FAILED,AUTHENTICATION_FAILURE,2,RETURNING,8,0,CUSTOMER_PROMPT,FAILED,0.0
TXN10236,CUST1200,1717.73,FAILED,INSUFFICIENT_FUNDS,4,RETURNING,3,11,ESCALATE,ESCALATED,0.0
TXN10237,CUST1226,12906.83,FAILED,AUTHENTICATION_FAILURE,2,RETURNING,3,14,CUSTOMER_PROMPT,SUCCESS,12906.83
TXN10238,CUST1133,1572.68,FAILED,TEMPORARY_BANK_ERROR,3,RETURNING,4,1,ESCALATE,ESCALATED,0.0
TXN10239,CUST1083,6482.96,FAILED,INSUFFICIENT_FUNDS,2,RETURNING,5,2,PAYMENT_LINK,FAILED,0.0
TXN10240,CUST1274,5371.13,FAILED,NETWORK_ERROR,2,RETURNING,9,2,RETRY,FAILED,0.0
TXN10241,CUST1119,48512.41,FAILED,CARD_EXPIRED,4,RETURNING,5,2,ESCALATE,ESCALATED,0.0
TXN10242,CUST1226,6325.05,FAILED,INSUFFICIENT_FUNDS,1,NEW,0,13,PAYMENT_LINK,FAILED,0.0
TXN10243,CUST1119,33952.33,FAILED,CARD_EXPIRED,1,LOYAL,15,13,CUSTOMER_PROMPT,SUCCESS,33952.33
TXN10244,CUST1254,532.59,FAILED,AUTHENTICATION_FAILURE,4,RETURNING,5,13,ESCALATE,ESCALATED,0.0
TXN10245,CUST1215,1384.89,FAILED,UNKNOWN,4,RETURNING,2,2,ESCALATE,ESCALATED,0.0
TXN10246,CUST1231,2201.11,FAILED,TEMPORARY_BANK_ERROR,3,RETURNING,8,9,ESCALATE,ESCALATED,0.0
TXN10247,CUST1066,41552.09,FAILED,TEMPORARY_BANK_ERROR,4,NEW,2,5,ESCALATE,ESCALATED,0.0
TXN10248,CUST1060,34026.04,FAILED,NETWORK_ERROR,2,LOYAL,15,5,RETRY,SUCCESS,34026.04
TXN10249,CUST1236,2365.14,FAILED,AUTHENTICATION_FAILURE,4,LOYAL,20,13,ESCALATE,ESCALATED,0.0
TXN10250,CUST1294,1052.72,FAILED,CARD_EXPIRED,4,NEW,1,11,ESCALATE,ESCALATED,0.0
TXN10251,CUST1276,30506.71,FAILED,INSUFFICIENT_FUNDS,1,NEW,0,0,PAYMENT_LINK,FAILED,0.0
TXN10252,CUST1000,820.4,FAILED,UNKNOWN,1,RETURNING,7,14,REMINDER,FAILED,0.0
TXN10253,CUST1249,900.77,FAILED,NETWORK_ERROR,1,RETURNING,5,12,RETRY,FAILED,0.0
TXN10254,CUST1160,8902.18,FAILED,TEMPORARY_BANK_ERROR,4,RETURNING,8,1,ESCALATE,ESCALATED,0.0
TXN10255,CUST1284,1020.23,FAILED,INSUFFICIENT_FUNDS,1,NEW,1,6,PAYMENT_LINK,SUCCESS,1020.23
TXN10256,CUST1083,4895.0,FAILED,UNKNOWN,1,RETURNING,4,6,REMINDER,FAILED,0.0
TXN10257,CUST1234,31199.66,FAILED,CARD_EXPIRED,1,RETURNING,9,13,CUSTOMER_PROMPT,FAILED,0.0
TXN10258,CUST1098,1073.8,FAILED,CARD_EXPIRED,2,LOYAL,13,10,CUSTOMER_PROMPT,FAILED,0.0
TXN10259,CUST1040,6339.73,FAILED,INSUFFICIENT_FUNDS,3,RETURNING,3,11,ESCALATE,ESCALATED,0.0
TXN10260,CUST1155,4550.62,FAILED,NETWORK_ERROR,1,RETURNING,7,7,RETRY,SUCCESS,4550.62
TXN10261,CUST1125,973.95,FAILED,TEMPORARY_BANK_ERROR,4,LOYAL,26,1,ESCALATE,ESCALATED,0.0
TXN10262,CUST1066,2809.98,FAILED,AUTHENTICATION_FAILURE,3,LOYAL,19,3,ESCALATE,ESCALATED,0.0
TXN10263,CUST1244,5073.27,FAILED,INSUFFICIENT_FUNDS,2,LOYAL,17,10,PAYMENT_LINK,SUCCESS,5073.27
TXN10264,CUST1284,9199.77,FAILED,CARD_EXPIRED,4,RETURNING,4,1,ESCALATE,ESCALATED,0.0
TXN10265,CUST1161,718.13,FAILED,AUTHENTICATION_FAILURE,1,LOYAL,29,8,CUSTOMER_PROMPT,FAILED,0.0
TXN10266,CUST1020,43541.97,FAILED,NETWORK_ERROR,2,RETURNING,9,0,RETRY,SUCCESS,43541.97
TXN10267,CUST1272,23891.08,FAILED,TEMPORARY_BANK_ERROR,2,NEW,2,10,RETRY,SUCCESS,23891.08
TXN10268,CUST1163,4403.61,FAILED,INSUFFICIENT_FUNDS,4,RETURNING,8,4,ESCALATE,ESCALATED,0.0
TXN10269,CUST1004,3058.85,FAILED,INSUFFICIENT_FUNDS,2,RETURNING,6,4,PAYMENT_LINK,FAILED,0.0
TXN10270,CUST1069,4205.86,FAILED,AUTHENTICATION_FAILURE,4,NEW,2,11,ESCALATE,ESCALATED,0.0
TXN10271,CUST1178,1258.72,FAILED,INSUFFICIENT_FUNDS,3,RETURNING,8,8,ESCALATE,ESCALATED,0.0
TXN10272,CUST1115,27738.23,FAILED,CARD_EXPIRED,3,RETURNING,5,14,ESCALATE,ESCALATED,0.0
TXN10273,CUST1286,21937.4,FAILED,INSUFFICIENT_FUNDS,1,RETURNING,4,14,PAYMENT_LINK,FAILED,0.0
TXN10274,CUST1203,8100.01,FAILED,AUTHENTICATION_FAILURE,4,RETURNING,7,13,ESCALATE,ESCALATED,0.0
TXN10275,CUST1029,1646.99,FAILED,UNKNOWN,4,RETURNING,4,9,ESCALATE,ESCALATED,0.0
TXN10276,CUST1126,224.77,FAILED,NETWORK_ERROR,1,NEW,0,11,RETRY,FAILED,0.0
TXN10277,CUST1074,14176.17,FAILED,INSUFFICIENT_FUNDS,4,RETURNING,7,13,ESCALATE,RECOVERED,14176.17
TXN10278,CUST1144,826.88,FAILED,UNKNOWN,3,RETURNING,6,5,ESCALATE,ESCALATED,0.0
TXN10279,CUST1214,8355.33,FAILED,NETWORK_ERROR,3,NEW,0,11,ESCALATE,ESCALATED,0.0
TXN10280,CUST1020,1871.61,FAILED,TEMPORARY_BANK_ERROR,1,RETURNING,8,13,RETRY,FAILED,0.0
TXN10281,CUST1159,40384.46,FAILED,AUTHENTICATION_FAILURE,4,LOYAL,17,5,ESCALATE,RECOVERED,40384.46
TXN10282,CUST1263,1146.3,FAILED,AUTHENTICATION_FAILURE,4,LOYAL,29,12,ESCALATE,ESCALATED,0.0
TXN10283,CUST1240,5973.07,FAILED,INSUFFICIENT_FUNDS,1,LOYAL,18,14,PAYMENT_LINK,SUCCESS,5973.07
TXN10284,CUST1156,2374.77,FAILED,INSUFFICIENT_FUNDS,2,LOYAL,25,4,PAYMENT_LINK,FAILED,0.0
TXN10285,CUST1082,1874.6,FAILED,AUTHENTICATION_FAILURE,2,LOYAL,19,14,CUSTOMER_PROMPT,FAILED,0.0
TXN10286,CUST1119,1836.9,FAILED,AUTHENTICATION_FAILURE,1,NEW,2,11,CUSTOMER_PROMPT,FAILED,0.0
TXN10287,CUST1280,20169.26,FAILED,INSUFFICIENT_FUNDS,3,RETURNING,2,0,ESCALATE,ESCALATED,0.0
TXN10288,CUST1145,735.49,FAILED,AUTHENTICATION_FAILURE,3,NEW,0,11,ESCALATE,ESCALATED,0.0
TXN10289,CUST1136,10115.25,FAILED,AUTHENTICATION_FAILURE,4,RETURNING,3,14,ESCALATE,ESCALATED,0.0
TXN10290,CUST1262,1382.24,FAILED,AUTHENTICATION_FAILURE,2,RETURNING,8,8,CUSTOMER_PROMPT,SUCCESS,1382.24
TXN10291,CUST1226,425.3,FAILED,TEMPORARY_BANK_ERROR,4,RETURNING,7,4,ESCALATE,ESCALATED,0.0
TXN10292,CUST1257,1399.36,FAILED,NETWORK_ERROR,1,RETURNING,6,4,RETRY,FAILED,0.0
TXN10293,CUST1170,233.79,FAILED,AUTHENTICATION_FAILURE,2,RETURNING,7,3,CUSTOMER_PROMPT,SUCCESS,233.79
TXN10294,CUST1282,1778.76,FAILED,INSUFFICIENT_FUNDS,1,RETURNING,5,7,PAYMENT_LINK,SUCCESS,1778.76
TXN10295,CUST1054,1234.64,FAILED,INSUFFICIENT_FUNDS,4,NEW,1,4,ESCALATE,ESCALATED,0.0
TXN10296,CUST1263,24869.57,FAILED,UNKNOWN,3,RETURNING,6,2,ESCALATE,RECOVERED,24869.57
TXN10297,CUST1204,8242.23,FAILED,NETWORK_ERROR,1,NEW,2,1,RETRY,FAILED,0.0
TXN10298,CUST1287,5790.0,FAILED,AUTHENTICATION_FAILURE,4,LOYAL,12,1,ESCALATE,ESCALATED,0.0
TXN10299,CUST1180,19015.25,FAILED,CARD_EXPIRED,3,NEW,1,12,ESCALATE,ESCALATED,0.0
TXN10300,CUST1056,16555.24,FAILED,UNKNOWN,2,RETURNING,2,7,REMINDER,FAILED,0.0
TXN10301,CUST1225,1801.25,FAILED,NETWORK_ERROR,3,LOYAL,27,7,ESCALATE,ESCALATED,0.0
TXN10302,CUST1222,634.41,FAILED,CARD_EXPIRED,2,RETURNING,7,13,CUSTOMER_PROMPT,FAILED,0.0
TXN10303,CUST1155,278.02,FAILED,TEMPORARY_BANK_ERROR,3,NEW,0,12,ESCALATE,ESCALATED,0.0
TXN10304,CUST1153,35461.55,FAILED,INSUFFICIENT_FUNDS,1,LOYAL,19,1,PAYMENT_LINK,SUCCESS,35461.55
TXN10305,CUST1007,224.54,FAILED,INSUFFICIENT_FUNDS,4,LOYAL,18,1,ESCALATE,ESCALATED,0.0
TXN10306,CUST1092,38733.25,FAILED,NETWORK_ERROR,3,NEW,2,3,ESCALATE,ESCALATED,0.0
TXN10307,CUST1251,1097.01,FAILED,TEMPORARY_BANK_ERROR,3,RETURNING,5,4,ESCALATE,ESCALATED,0.0
TXN10308,CUST1227,6116.95,FAILED,INSUFFICIENT_FUNDS,4,RETURNING,2,12,ESCALATE,RECOVERED,6116.95
TXN10309,CUST1116,46781.24,FAILED,NETWORK_ERROR,1,RETURNING,2,2,RETRY,SUCCESS,46781.24
TXN10310,CUST1081,2461.57,FAILED,UNKNOWN,1,RETURNING,3,3,REMINDER,FAILED,0.0
TXN10311,CUST1192,1380.94,FAILED,CARD_EXPIRED,1,LOYAL,17,8,CUSTOMER_PROMPT,SUCCESS,1380.94
TXN10312,CUST1281,514.4,FAILED,INSUFFICIENT_FUNDS,3,RETURNING,9,4,ESCALATE,ESCALATED,0.0
TXN10313,CUST1083,27204.12,FAILED,INSUFFICIENT_FUNDS,2,LOYAL,15,3,PAYMENT_LINK,FAILED,0.0
TXN10314,CUST1270,1094.57,FAILED,CARD_EXPIRED,4,RETURNING,9,13,ESCALATE,ESCALATED,0.0
TXN10315,CUST1289,13802.12,FAILED,NETWORK_ERROR,4,LOYAL,11,7,ESCALATE,ESCALATED,0.0
TXN10316,CUST1053,21298.9,FAILED,NETWORK_ERROR,1,LOYAL,28,12,RETRY,SUCCESS,21298.9
TXN10317,CUST1037,18022.41,FAILED,INSUFFICIENT_FUNDS,4,RETURNING,6,2,ESCALATE,ESCALATED,0.0
TXN10318,CUST1205,1516.1,FAILED,CARD_EXPIRED,1,RETURNING,3,8,CUSTOMER_PROMPT,SUCCESS,1516.1
TXN10319,CUST1058,49981.76,FAILED,INSUFFICIENT_FUNDS,1,NEW,1,7,PAYMENT_LINK,FAILED,0.0
TXN10320,CUST1272,8029.88,FAILED,INSUFFICIENT_FUNDS,4,RETURNING,2,9,ESCALATE,ESCALATED,0.0
TXN10321,CUST1087,1281.8,FAILED,AUTHENTICATION_FAILURE,1,RETURNING,2,2,CUSTOMER_PROMPT,SUCCESS,1281.8
TXN10322,CUST1168,3441.39,FAILED,CARD_EXPIRED,1,LOYAL,14,0,CUSTOMER_PROMPT,SUCCESS,3441.39
TXN10323,CUST1064,550.43,FAILED,NETWORK_ERROR,3,LOYAL,24,12,ESCALATE,ESCALATED,0.0
TXN10324,CUST1269,5859.52,FAILED,CARD_EXPIRED,4,NEW,2,13,ESCALATE,ESCALATED,0.0
TXN10325,CUST1282,1716.9,FAILED,UNKNOWN,3,LOYAL,8,4,ESCALATE,ESCALATED,0.0
TXN10326,CUST1094,2947.82,FAILED,TEMPORARY_BANK_ERROR,3,RETURNING,5,9,ESCALATE,ESCALATED,0.0
TXN10327,CUST1271,44856.56,FAILED,INSUFFICIENT_FUNDS,4,RETURNING,9,6,ESCALATE,ESCALATED,0.0
TXN10328,CUST1096,1966.43,FAILED,INSUFFICIENT_FUNDS,1,RETURNING,7,10,PAYMENT_LINK,FAILED,0.0
TXN10329,CUST1046,34220.19,FAILED,INSUFFICIENT_FUNDS,3,RETURNING,3,5,ESCALATE,ESCALATED,0.0
TXN10330,CUST1028,41394.47,FAILED,NETWORK_ERROR,4,RETURNING,7,5,ESCALATE,ESCALATED,0.0
TXN10331,CUST1168,9529.24,FAILED,TEMPORARY_BANK_ERROR,2,RETURNING,3,9,RETRY,SUCCESS,9529.24
TXN10332,CUST1207,26909.15,FAILED,INSUFFICIENT_FUNDS,2,RETURNING,8,1,PAYMENT_LINK,FAILED,0.0
TXN10333,CUST1040,6396.3,FAILED,TEMPORARY_BANK_ERROR,3,RETURNING,8,5,ESCALATE,ESCALATED,0.0
TXN10334,CUST1265,34945.95,FAILED,TEMPORARY_BANK_ERROR,3,RETURNING,6,5,ESCALATE,ESCALATED,0.0
TXN10335,CUST1265,33342.28,FAILED,TEMPORARY_BANK_ERROR,4,RETURNING,5,0,ESCALATE,ESCALATED,0.0
TXN10336,CUST1067,1301.06,FAILED,AUTHENTICATION_FAILURE,2,NEW,1,8,CUSTOMER_PROMPT,SUCCESS,1301.06
TXN10337,CUST1144,6335.38,FAILED,AUTHENTICATION_FAILURE,4,RETURNING,6,5,ESCALATE,ESCALATED,0.0
TXN10338,CUST1072,23081.79,FAILED,INSUFFICIENT_FUNDS,3,NEW,0,3,ESCALATE,ESCALATED,0.0
TXN10339,CUST1244,19166.88,FAILED,NETWORK_ERROR,1,RETURNING,3,7,RETRY,FAILED,0.0
TXN10340,CUST1060,10549.82,FAILED,INSUFFICIENT_FUNDS,4,RETURNING,7,1,ESCALATE,ESCALATED,0.0
TXN10341,CUST1076,3722.54,FAILED,CARD_EXPIRED,2,RETURNING,8,14,CUSTOMER_PROMPT,FAILED,0.0
TXN10342,CUST1106,30544.44,FAILED,INSUFFICIENT_FUNDS,2,RETURNING,7,9,PAYMENT_LINK,FAILED,0.0
TXN10343,CUST1122,4150.56,FAILED,NETWORK_ERROR,1,LOYAL,25,1,RETRY,SUCCESS,4150.56
TXN10344,CUST1204,27701.82,FAILED,CARD_EXPIRED,2,LOYAL,25,10,CUSTOMER_PROMPT,FAILED,0.0
TXN10345,CUST1120,6020.55,FAILED,INSUFFICIENT_FUNDS,3,NEW,2,13,ESCALATE,RECOVERED,6020.55
TXN10346,CUST1083,667.43,FAILED,NETWORK_ERROR,3,RETURNING,5,2,ESCALATE,ESCALATED,0.0
TXN10347,CUST1152,10318.58,FAILED,INSUFFICIENT_FUNDS,1,RETURNING,8,14,PAYMENT_LINK,SUCCESS,10318.58
TXN10348,CUST1212,1689.61,FAILED,INSUFFICIENT_FUNDS,2,RETURNING,3,6,PAYMENT_LINK,SUCCESS,1689.61
TXN10349,CUST1213,43154.85,FAILED,NETWORK_ERROR,3,NEW,1,0,ESCALATE,ESCALATED,0.0
TXN10350,CUST1133,5673.05,FAILED,TEMPORARY_BANK_ERROR,1,RETURNING,9,6,RETRY,SUCCESS,5673.05
TXN10351,CUST1114,4374.0,FAILED,NETWORK_ERROR,3,NEW,2,13,ESCALATE,ESCALATED,0.0
TXN10352,CUST1151,6153.28,FAILED,INSUFFICIENT_FUNDS,3,NEW,2,5,ESCALATE,ESCALATED,0.0
TXN10353,CUST1140,6454.47,FAILED,NETWORK_ERROR,3,LOYAL,10,9,ESCALATE,ESCALATED,0.0
TXN10354,CUST1281,1765.95,FAILED,TEMPORARY_BANK_ERROR,1,RETURNING,6,6,RETRY,SUCCESS,1765.95
TXN10355,CUST1170,40592.04,FAILED,UNKNOWN,1,NEW,0,0,REMINDER,FAILED,0.0
TXN10356,CUST1119,323.28,FAILED,INSUFFICIENT_FUNDS,1,NEW,1,5,PAYMENT_LINK,FAILED,0.0
TXN10357,CUST1146,1553.75,FAILED,INSUFFICIENT_FUNDS,3,RETURNING,4,13,ESCALATE,ESCALATED,0.0
TXN10358,CUST1021,1737.95,FAILED,CARD_EXPIRED,3,RETURNING,2,1,ESCALATE,ESCALATED,0.0
TXN10359,CUST1019,39723.26,FAILED,UNKNOWN,2,NEW,0,1,REMINDER,FAILED,0.0
TXN10360,CUST1059,22846.49,FAILED,INSUFFICIENT_FUNDS,3,NEW,1,6,ESCALATE,ESCALATED,0.0
TXN10361,CUST1123,38350.63,FAILED,NETWORK_ERROR,1,RETURNING,3,8,RETRY,SUCCESS,38350.63
TXN10362,CUST1208,370.67,FAILED,AUTHENTICATION_FAILURE,2,RETURNING,6,6,CUSTOMER_PROMPT,FAILED,0.0
TXN10363,CUST1214,38529.43,FAILED,INSUFFICIENT_FUNDS,2,NEW,0,12,PAYMENT_LINK,SUCCESS,38529.43
TXN10364,CUST1266,5464.87,FAILED,NETWORK_ERROR,4,RETURNING,7,9,ESCALATE,ESCALATED,0.0
TXN10365,CUST1080,686.7,FAILED,CARD_EXPIRED,2,NEW,1,11,CUSTOMER_PROMPT,FAILED,0.0
TXN10366,CUST1194,27754.37,FAILED,INSUFFICIENT_FUNDS,2,RETURNING,9,5,PAYMENT_LINK,FAILED,0.0
TXN10367,CUST1277,1889.32,FAILED,NETWORK_ERROR,1,LOYAL,28,10,RETRY,SUCCESS,1889.32
TXN10368,CUST1256,42865.92,FAILED,NETWORK_ERROR,4,LOYAL,27,11,ESCALATE,ESCALATED,0.0
TXN10369,CUST1186,26609.64,FAILED,NETWORK_ERROR,2,LOYAL,21,8,RETRY,FAILED,0.0
TXN10370,CUST1037,1124.56,FAILED,NETWORK_ERROR,1,LOYAL,9,5,RETRY,SUCCESS,1124.56
TXN10371,CUST1252,23065.57,FAILED,TEMPORARY_BANK_ERROR,3,LOYAL,17,2,ESCALATE,ESCALATED,0.0
TXN10372,CUST1165,771.59,FAILED,TEMPORARY_BANK_ERROR,4,RETURNING,4,4,ESCALATE,ESCALATED,0.0
TXN10373,CUST1137,38246.34,FAILED,TEMPORARY_BANK_ERROR,3,LOYAL,18,4,ESCALATE,ESCALATED,0.0
TXN10374,CUST1138,35532.89,FAILED,TEMPORARY_BANK_ERROR,1,RETURNING,3,3,RETRY,SUCCESS,35532.89
TXN10375,CUST1165,31107.1,FAILED,UNKNOWN,4,RETURNING,6,5,ESCALATE,ESCALATED,0.0
TXN10376,CUST1132,2426.73,FAILED,INSUFFICIENT_FUNDS,3,RETURNING,7,10,ESCALATE,ESCALATED,0.0
TXN10377,CUST1103,7153.41,FAILED,NETWORK_ERROR,3,RETURNING,4,3,ESCALATE,ESCALATED,0.0
TXN10378,CUST1042,1468.25,FAILED,TEMPORARY_BANK_ERROR,4,LOYAL,25,0,ESCALATE,ESCALATED,0.0
TXN10379,CUST1229,5638.52,FAILED,UNKNOWN,1,RETURNING,9,12,REMINDER,FAILED,0.0
TXN10380,CUST1115,39622.59,FAILED,INSUFFICIENT_FUNDS,2,NEW,0,0,PAYMENT_LINK,FAILED,0.0
TXN10381,CUST1072,642.31,FAILED,INSUFFICIENT_FUNDS,3,LOYAL,23,7,ESCALATE,ESCALATED,0.0
TXN10382,CUST1275,45894.63,FAILED,INSUFFICIENT_FUNDS,3,RETURNING,2,4,ESCALATE,ESCALATED,0.0
TXN10383,CUST1057,824.51,FAILED,AUTHENTICATION_FAILURE,2,LOYAL,26,1,CUSTOMER_PROMPT,SUCCESS,824.51
TXN10384,CUST1295,5752.39,FAILED,TEMPORARY_BANK_ERROR,3,NEW,2,4,ESCALATE,ESCALATED,0.0
TXN10385,CUST1027,16222.86,FAILED,TEMPORARY_BANK_ERROR,4,RETURNING,9,11,ESCALATE,ESCALATED,0.0
TXN10386,CUST1277,838.58,FAILED,NETWORK_ERROR,2,NEW,2,14,RETRY,FAILED,0.0
TXN10387,CUST1111,4419.05,FAILED,NETWORK_ERROR,4,NEW,1,13,ESCALATE,ESCALATED,0.0
TXN10388,CUST1277,27669.86,FAILED,NETWORK_ERROR,1,RETURNING,2,7,RETRY,SUCCESS,27669.86
TXN10389,CUST1031,1504.01,FAILED,TEMPORARY_BANK_ERROR,3,LOYAL,22,6,ESCALATE,ESCALATED,0.0
TXN10390,CUST1248,4971.37,FAILED,AUTHENTICATION_FAILURE,4,RETURNING,2,5,ESCALATE,ESCALATED,0.0
TXN10391,CUST1076,23129.32,FAILED,UNKNOWN,1,RETURNING,7,0,REMINDER,FAILED,0.0
TXN10392,CUST1219,35789.81,FAILED,NETWORK_ERROR,2,LOYAL,20,14,RETRY,FAILED,0.0
TXN10393,CUST1184,8833.23,FAILED,AUTHENTICATION_FAILURE,2,LOYAL,29,7,CUSTOMER_PROMPT,FAILED,0.0
TXN10394,CUST1126,47555.8,FAILED,CARD_EXPIRED,3,RETURNING,4,4,ESCALATE,ESCALATED,0.0
TXN10395,CUST1275,44962.87,FAILED,TEMPORARY_BANK_ERROR,3,RETURNING,5,9,ESCALATE,ESCALATED,0.0
TXN10396,CUST1278,876.75,FAILED,INSUFFICIENT_FUNDS,4,RETURNING,2,1,ESCALATE,ESCALATED,0.0
TXN10397,CUST1001,19525.87,FAILED,INSUFFICIENT_FUNDS,1,RETURNING,6,12,PAYMENT_LINK,SUCCESS,19525.87
TXN10398,CUST1093,1567.76,FAILED,NETWORK_ERROR,2,RETURNING,6,12,RETRY,FAILED,0.0
TXN10399,CUST1136,30423.23,FAILED,NETWORK_ERROR,1,LOYAL,17,6,RETRY,SUCCESS,30423.23
TXN10400,CUST1071,3285.28,FAILED,INSUFFICIENT_FUNDS,1,NEW,2,13,PAYMENT_LINK,FAILED,0.0
TXN10401,CUST1220,7564.3,FAILED,AUTHENTICATION_FAILURE,3,RETURNING,4,0,ESCALATE,ESCALATED,0.0
TXN10402,CUST1226,8679.69,FAILED,NETWORK_ERROR,3,NEW,0,5,ESCALATE,ESCALATED,0.0
TXN10403,CUST1183,4339.84,FAILED,NETWORK_ERROR,3,RETURNING,4,0,ESCALATE,ESCALATED,0.0
TXN10404,CUST1057,47886.46,FAILED,INSUFFICIENT_FUNDS,3,RETURNING,7,3,ESCALATE,ESCALATED,0.0
TXN10405,CUST1209,7649.26,FAILED,INSUFFICIENT_FUNDS,4,RETURNING,5,7,ESCALATE,ESCALATED,0.0
TXN10406,CUST1141,6327.48,FAILED,TEMPORARY_BANK_ERROR,3,LOYAL,19,7,ESCALATE,ESCALATED,0.0
TXN10407,CUST1151,9304.95,FAILED,NETWORK_ERROR,4,NEW,0,7,ESCALATE,ESCALATED,0.0
TXN10408,CUST1139,12224.22,FAILED,NETWORK_ERROR,2,RETURNING,2,14,RETRY,SUCCESS,12224.22
TXN10409,CUST1115,1835.52,FAILED,TEMPORARY_BANK_ERROR,2,RETURNING,3,4,RETRY,SUCCESS,1835.52
TXN10410,CUST1276,7878.67,FAILED,INSUFFICIENT_FUNDS,4,RETURNING,3,14,ESCALATE,ESCALATED,0.0
TXN10411,CUST1226,24205.27,FAILED,TEMPORARY_BANK_ERROR,3,RETURNING,8,1,ESCALATE,ESCALATED,0.0
TXN10412,CUST1004,7255.59,FAILED,TEMPORARY_BANK_ERROR,3,RETURNING,5,10,ESCALATE,ESCALATED,0.0
TXN10413,CUST1187,24461.66,FAILED,TEMPORARY_BANK_ERROR,4,LOYAL,12,1,ESCALATE,ESCALATED,0.0
TXN10414,CUST1219,18922.48,FAILED,NETWORK_ERROR,4,NEW,2,12,ESCALATE,ESCALATED,0.0
TXN10415,CUST1277,1969.42,FAILED,TEMPORARY_BANK_ERROR,4,NEW,1,8,ESCALATE,ESCALATED,0.0
TXN10416,CUST1207,20114.32,FAILED,CARD_EXPIRED,1,RETURNING,3,5,CUSTOMER_PROMPT,FAILED,0.0
TXN10417,CUST1013,8444.91,FAILED,INSUFFICIENT_FUNDS,2,NEW,1,12,PAYMENT_LINK,FAILED,0.0
TXN10418,CUST1057,42944.94,FAILED,INSUFFICIENT_FUNDS,3,RETURNING,8,11,ESCALATE,ESCALATED,0.0
TXN10419,CUST1272,1429.96,FAILED,TEMPORARY_BANK_ERROR,4,RETURNING,7,1,ESCALATE,ESCALATED,0.0
TXN10420,CUST1099,18959.3,FAILED,UNKNOWN,4,RETURNING,8,2,ESCALATE,ESCALATED,0.0
TXN10421,CUST1140,1425.44,FAILED,INSUFFICIENT_FUNDS,1,RETURNING,8,2,PAYMENT_LINK,SUCCESS,1425.44
TXN10422,CUST1283,21123.98,FAILED,AUTHENTICATION_FAILURE,4,RETURNING,5,11,ESCALATE,ESCALATED,0.0
TXN10423,CUST1102,13829.16,FAILED,INSUFFICIENT_FUNDS,2,RETURNING,2,7,PAYMENT_LINK,SUCCESS,13829.16
TXN10424,CUST1170,7037.94,FAILED,NETWORK_ERROR,1,RETURNING,3,6,RETRY,FAILED,0.0
TXN10425,CUST1095,7263.78,FAILED,UNKNOWN,4,NEW,0,9,ESCALATE,ESCALATED,0.0
TXN10426,CUST1296,18608.18,FAILED,TEMPORARY_BANK_ERROR,1,RETURNING,3,3,RETRY,SUCCESS,18608.18
TXN10427,CUST1002,42817.07,FAILED,INSUFFICIENT_FUNDS,3,LOYAL,27,10,ESCALATE,ESCALATED,0.0
TXN10428,CUST1068,3528.87,FAILED,TEMPORARY_BANK_ERROR,2,NEW,0,2,RETRY,FAILED,0.0
TXN10429,CUST1093,6371.12,FAILED,NETWORK_ERROR,2,NEW,2,9,RETRY,SUCCESS,6371.12
TXN10430,CUST1208,2132.72,FAILED,TEMPORARY_BANK_ERROR,1,NEW,2,5,RETRY,FAILED,0.0
TXN10431,CUST1186,8946.41,FAILED,INSUFFICIENT_FUNDS,3,LOYAL,18,1,ESCALATE,ESCALATED,0.0
TXN10432,CUST1129,41494.88,FAILED,AUTHENTICATION_FAILURE,1,NEW,1,3,CUSTOMER_PROMPT,FAILED,0.0
TXN10433,CUST1253,32642.87,FAILED,AUTHENTICATION_FAILURE,4,NEW,2,11,ESCALATE,ESCALATED,0.0
TXN10434,CUST1075,493.01,FAILED,TEMPORARY_BANK_ERROR,4,NEW,1,5,ESCALATE,ESCALATED,0.0
TXN10435,CUST1274,23279.93,FAILED,INSUFFICIENT_FUNDS,3,NEW,0,14,ESCALATE,ESCALATED,0.0
TXN10436,CUST1271,21855.68,FAILED,INSUFFICIENT_FUNDS,4,NEW,0,1,ESCALATE,ESCALATED,0.0
TXN10437,CUST1179,33393.55,FAILED,TEMPORARY_BANK_ERROR,2,RETURNING,6,12,RETRY,SUCCESS,33393.55
TXN10438,CUST1049,19199.75,FAILED,NETWORK_ERROR,1,RETURNING,5,3,RETRY,FAILED,0.0
TXN10439,CUST1094,913.59,FAILED,UNKNOWN,1,NEW,0,9,REMINDER,FAILED,0.0
TXN10440,CUST1186,41752.72,FAILED,NETWORK_ERROR,3,RETURNING,6,4,ESCALATE,ESCALATED,0.0
TXN10441,CUST1128,939.14,FAILED,TEMPORARY_BANK_ERROR,1,RETURNING,9,14,RETRY,FAILED,0.0
TXN10442,CUST1180,34127.69,FAILED,CARD_EXPIRED,4,LOYAL,24,0,ESCALATE,ESCALATED,0.0
TXN10443,CUST1282,44622.5,FAILED,NETWORK_ERROR,1,NEW,1,2,RETRY,SUCCESS,44622.5
TXN10444,CUST1297,6824.6,FAILED,TEMPORARY_BANK_ERROR,4,RETURNING,7,12,ESCALATE,ESCALATED,0.0
TXN10445,CUST1282,7002.02,FAILED,TEMPORARY_BANK_ERROR,2,RETURNING,7,8,RETRY,FAILED,0.0
TXN10446,CUST1225,4730.21,FAILED,INSUFFICIENT_FUNDS,1,RETURNING,2,9,PAYMENT_LINK,SUCCESS,4730.21
TXN10447,CUST1193,41098.22,FAILED,AUTHENTICATION_FAILURE,2,RETURNING,9,14,CUSTOMER_PROMPT,FAILED,0.0
TXN10448,CUST1161,289.75,FAILED,TEMPORARY_BANK_ERROR,2,NEW,0,4,RETRY,FAILED,0.0
TXN10449,CUST1095,1850.08,FAILED,NETWORK_ERROR,1,RETURNING,7,3,RETRY,SUCCESS,1850.08
TXN10450,CUST1103,47836.99,FAILED,INSUFFICIENT_FUNDS,3,RETURNING,6,4,ESCALATE,ESCALATED,0.0
TXN10451,CUST1168,428.99,FAILED,TEMPORARY_BANK_ERROR,2,RETURNING,7,14,RETRY,SUCCESS,428.99
TXN10452,CUST1244,22730.48,FAILED,INSUFFICIENT_FUNDS,2,RETURNING,9,14,PAYMENT_LINK,FAILED,0.0
TXN10453,CUST1094,4852.41,FAILED,UNKNOWN,3,NEW,0,4,ESCALATE,ESCALATED,0.0
TXN10454,CUST1053,882.96,FAILED,INSUFFICIENT_FUNDS,3,RETURNING,2,10,ESCALATE,ESCALATED,0.0
TXN10455,CUST1193,44944.74,FAILED,CARD_EXPIRED,2,LOYAL,10,4,CUSTOMER_PROMPT,SUCCESS,44944.74
TXN10456,CUST1108,22609.58,FAILED,TEMPORARY_BANK_ERROR,3,RETURNING,5,11,ESCALATE,ESCALATED,0.0
TXN10457,CUST1051,27037.51,FAILED,NETWORK_ERROR,1,RETURNING,6,11,RETRY,FAILED,0.0
TXN10458,CUST1019,8371.27,FAILED,AUTHENTICATION_FAILURE,3,RETURNING,4,12,ESCALATE,ESCALATED,0.0
TXN10459,CUST1097,49018.92,FAILED,TEMPORARY_BANK_ERROR,2,RETURNING,7,10,RETRY,FAILED,0.0
TXN10460,CUST1262,7513.79,FAILED,CARD_EXPIRED,4,RETURNING,5,7,ESCALATE,ESCALATED,0.0
TXN10461,CUST1087,5728.99,FAILED,INSUFFICIENT_FUNDS,1,RETURNING,5,4,PAYMENT_LINK,SUCCESS,5728.99
TXN10462,CUST1121,9800.46,FAILED,AUTHENTICATION_FAILURE,4,RETURNING,7,0,ESCALATE,ESCALATED,0.0
TXN10463,CUST1163,20035.16,FAILED,UNKNOWN,2,RETURNING,4,8,REMINDER,SUCCESS,20035.16
TXN10464,CUST1216,29972.12,FAILED,UNKNOWN,1,RETURNING,7,14,REMINDER,FAILED,0.0
TXN10465,CUST1209,5097.81,FAILED,INSUFFICIENT_FUNDS,1,RETURNING,7,9,PAYMENT_LINK,FAILED,0.0
TXN10466,CUST1003,554.75,FAILED,INSUFFICIENT_FUNDS,1,NEW,2,11,PAYMENT_LINK,FAILED,0.0
TXN10467,CUST1291,1520.86,FAILED,CARD_EXPIRED,3,NEW,1,7,ESCALATE,ESCALATED,0.0
TXN10468,CUST1259,2634.16,FAILED,TEMPORARY_BANK_ERROR,3,NEW,0,10,ESCALATE,ESCALATED,0.0
TXN10469,CUST1221,22764.94,FAILED,TEMPORARY_BANK_ERROR,3,RETURNING,7,1,ESCALATE,ESCALATED,0.0
TXN10470,CUST1043,846.63,FAILED,UNKNOWN,2,NEW,1,12,REMINDER,FAILED,0.0
TXN10471,CUST1154,30651.33,FAILED,AUTHENTICATION_FAILURE,1,LOYAL,17,11,CUSTOMER_PROMPT,FAILED,0.0
TXN10472,CUST1171,814.33,FAILED,INSUFFICIENT_FUNDS,2,RETURNING,7,3,PAYMENT_LINK,SUCCESS,814.33
TXN10473,CUST1209,6795.09,FAILED,CARD_EXPIRED,3,NEW,0,9,ESCALATE,ESCALATED,0.0
TXN10474,CUST1250,6027.87,FAILED,INSUFFICIENT_FUNDS,3,LOYAL,13,8,ESCALATE,RECOVERED,6027.87
TXN10475,CUST1041,34203.58,FAILED,TEMPORARY_BANK_ERROR,2,RETURNING,2,4,RETRY,FAILED,0.0
TXN10476,CUST1028,8697.06,FAILED,TEMPORARY_BANK_ERROR,3,NEW,0,2,ESCALATE,ESCALATED,0.0
TXN10477,CUST1178,895.07,FAILED,INSUFFICIENT_FUNDS,3,LOYAL,10,9,ESCALATE,ESCALATED,0.0
TXN10478,CUST1014,310.67,FAILED,AUTHENTICATION_FAILURE,1,LOYAL,16,4,CUSTOMER_PROMPT,SUCCESS,310.67
TXN10479,CUST1011,1599.06,FAILED,INSUFFICIENT_FUNDS,4,RETURNING,2,13,ESCALATE,ESCALATED,0.0
TXN10480,CUST1024,8371.08,FAILED,TEMPORARY_BANK_ERROR,2,NEW,0,14,RETRY,FAILED,0.0
TXN10481,CUST1110,5056.73,FAILED,NETWORK_ERROR,3,RETURNING,8,7,ESCALATE,ESCALATED,0.0
TXN10482,CUST1093,7223.13,FAILED,UNKNOWN,4,LOYAL,23,5,ESCALATE,ESCALATED,0.0
TXN10483,CUST1075,3355.86,FAILED,AUTHENTICATION_FAILURE,1,RETURNING,3,1,CUSTOMER_PROMPT,SUCCESS,3355.86
TXN10484,CUST1215,23997.51,FAILED,TEMPORARY_BANK_ERROR,2,LOYAL,14,13,RETRY,FAILED,0.0
TXN10485,CUST1186,49128.83,FAILED,INSUFFICIENT_FUNDS,3,NEW,2,11,ESCALATE,ESCALATED,0.0
TXN10486,CUST1293,6174.55,FAILED,CARD_EXPIRED,3,NEW,1,2,ESCALATE,ESCALATED,0.0
TXN10487,CUST1281,49861.05,FAILED,TEMPORARY_BANK_ERROR,3,RETURNING,7,6,ESCALATE,ESCALATED,0.0
TXN10488,CUST1145,18332.62,FAILED,AUTHENTICATION_FAILURE,3,RETURNING,8,13,ESCALATE,ESCALATED,0.0
TXN10489,CUST1169,28869.59,FAILED,TEMPORARY_BANK_ERROR,3,RETURNING,5,14,ESCALATE,RECOVERED,28869.59
TXN10490,CUST1076,37973.58,FAILED,INSUFFICIENT_FUNDS,1,RETURNING,6,9,PAYMENT_LINK,FAILED,0.0
TXN10491,CUST1248,991.97,FAILED,INSUFFICIENT_FUNDS,2,RETURNING,3,8,PAYMENT_LINK,FAILED,0.0
TXN10492,CUST1240,2730.38,FAILED,AUTHENTICATION_FAILURE,4,LOYAL,28,2,ESCALATE,ESCALATED,0.0
TXN10493,CUST1225,849.96,FAILED,AUTHENTICATION_FAILURE,2,NEW,0,10,CUSTOMER_PROMPT,FAILED,0.0
TXN10494,CUST1033,8466.35,FAILED,INSUFFICIENT_FUNDS,1,LOYAL,8,1,PAYMENT_LINK,SUCCESS,8466.35
TXN10495,CUST1243,6751.8,FAILED,TEMPORARY_BANK_ERROR,3,RETURNING,9,9,ESCALATE,ESCALATED,0.0
TXN10496,CUST1208,24415.02,FAILED,CARD_EXPIRED,1,NEW,2,8,CUSTOMER_PROMPT,SUCCESS,24415.02
TXN10497,CUST1108,45446.85,FAILED,NETWORK_ERROR,2,RETURNING,8,12,RETRY,FAILED,0.0
TXN10498,CUST1297,45190.1,FAILED,TEMPORARY_BANK_ERROR,3,NEW,0,2,ESCALATE,ESCALATED,0.0
TXN10499,CUST1278,5999.97,FAILED,NETWORK_ERROR,2,LOYAL,16,5,RETRY,SUCCESS,5999.97
TXN10500,CUST1275,1315.67,FAILED,CARD_EXPIRED,3,RETURNING,4,8,ESCALATE,ESCALATED,0.0
TXN10501,CUST1081,907.4,FAILED,TEMPORARY_BANK_ERROR,2,RETURNING,5,2,RETRY,SUCCESS,907.4
TXN10502,CUST1014,4505.82,FAILED,AUTHENTICATION_FAILURE,2,RETURNING,4,7,CUSTOMER_PROMPT,FAILED,0.0
TXN10503,CUST1110,1551.3,FAILED,INSUFFICIENT_FUNDS,3,RETURNING,5,0,ESCALATE,ESCALATED,0.0
TXN10504,CUST1005,13296.24,FAILED,CARD_EXPIRED,3,LOYAL,20,9,ESCALATE,ESCALATED,0.0
TXN10505,CUST1283,1441.58,FAILED,NETWORK_ERROR,2,NEW,1,14,RETRY,SUCCESS,1441.58
TXN10506,CUST1275,8890.48,FAILED,NETWORK_ERROR,2,NEW,1,10,RETRY,FAILED,0.0
TXN10507,CUST1245,719.99,FAILED,TEMPORARY_BANK_ERROR,2,RETURNING,8,3,RETRY,FAILED,0.0
TXN10508,CUST1177,8876.58,FAILED,TEMPORARY_BANK_ERROR,3,NEW,2,9,ESCALATE,ESCALATED,0.0
TXN10509,CUST1098,922.23,FAILED,UNKNOWN,3,RETURNING,6,3,ESCALATE,ESCALATED,0.0
TXN10510,CUST1078,37880.97,FAILED,AUTHENTICATION_FAILURE,2,NEW,2,13,CUSTOMER_PROMPT,FAILED,0.0
TXN10511,CUST1188,35255.04,FAILED,CARD_EXPIRED,2,NEW,2,7,CUSTOMER_PROMPT,FAILED,0.0
TXN10512,CUST1191,449.66,FAILED,INSUFFICIENT_FUNDS,1,NEW,2,12,PAYMENT_LINK,FAILED,0.0
TXN10513,CUST1084,3106.83,FAILED,NETWORK_ERROR,4,RETURNING,6,13,ESCALATE,ESCALATED,0.0
TXN10514,CUST1131,8540.17,FAILED,TEMPORARY_BANK_ERROR,4,RETURNING,2,9,ESCALATE,ESCALATED,0.0
TXN10515,CUST1200,33842.0,FAILED,UNKNOWN,4,LOYAL,12,2,ESCALATE,RECOVERED,33842.0
TXN10516,CUST1096,3756.86,FAILED,CARD_EXPIRED,1,LOYAL,29,5,CUSTOMER_PROMPT,FAILED,0.0
TXN10517,CUST1227,1502.25,FAILED,NETWORK_ERROR,1,RETURNING,4,11,RETRY,SUCCESS,1502.25
TXN10518,CUST1228,2864.12,FAILED,INSUFFICIENT_FUNDS,2,NEW,0,5,PAYMENT_LINK,FAILED,0.0
TXN10519,CUST1070,8519.76,FAILED,TEMPORARY_BANK_ERROR,2,LOYAL,26,9,RETRY,SUCCESS,8519.76
TXN10520,CUST1008,9894.18,FAILED,UNKNOWN,4,RETURNING,5,1,ESCALATE,ESCALATED,0.0
TXN10521,CUST1023,19390.18,FAILED,TEMPORARY_BANK_ERROR,1,NEW,2,5,RETRY,SUCCESS,19390.18
TXN10522,CUST1125,1166.65,FAILED,INSUFFICIENT_FUNDS,1,RETURNING,4,5,PAYMENT_LINK,FAILED,0.0
TXN10523,CUST1206,14272.03,FAILED,INSUFFICIENT_FUNDS,1,RETURNING,3,5,PAYMENT_LINK,SUCCESS,14272.03
TXN10524,CUST1197,35396.27,FAILED,UNKNOWN,1,RETURNING,3,0,REMINDER,FAILED,0.0
TXN10525,CUST1064,339.14,FAILED,CARD_EXPIRED,4,NEW,2,9,ESCALATE,ESCALATED,0.0
TXN10526,CUST1205,10575.25,FAILED,AUTHENTICATION_FAILURE,4,LOYAL,19,14,ESCALATE,ESCALATED,0.0
TXN10527,CUST1128,3278.88,FAILED,AUTHENTICATION_FAILURE,2,NEW,0,5,CUSTOMER_PROMPT,FAILED,0.0
TXN10528,CUST1043,6375.82,FAILED,TEMPORARY_BANK_ERROR,2,NEW,0,12,RETRY,FAILED,0.0
TXN10529,CUST1086,37983.86,FAILED,NETWORK_ERROR,2,RETURNING,2,6,RETRY,FAILED,0.0
TXN10530,CUST1070,29126.36,FAILED,NETWORK_ERROR,1,RETURNING,8,8,RETRY,SUCCESS,29126.36
TXN10531,CUST1089,42330.73,FAILED,NETWORK_ERROR,2,LOYAL,21,6,RETRY,SUCCESS,42330.73
TXN10532,CUST1055,1272.64,FAILED,TEMPORARY_BANK_ERROR,2,RETURNING,4,2,RETRY,FAILED,0.0
TXN10533,CUST1198,1254.72,FAILED,CARD_EXPIRED,2,NEW,2,14,CUSTOMER_PROMPT,SUCCESS,1254.72
TXN10534,CUST1040,26494.66,FAILED,TEMPORARY_BANK_ERROR,1,RETURNING,4,10,RETRY,SUCCESS,26494.66
TXN10535,CUST1136,344.05,FAILED,TEMPORARY_BANK_ERROR,1,NEW,0,11,RETRY,SUCCESS,344.05
TXN10536,CUST1073,2891.79,FAILED,TEMPORARY_BANK_ERROR,2,NEW,2,6,RETRY,SUCCESS,2891.79
TXN10537,CUST1046,1161.21,FAILED,INSUFFICIENT_FUNDS,1,RETURNING,2,12,PAYMENT_LINK,SUCCESS,1161.21
TXN10538,CUST1153,20282.51,FAILED,NETWORK_ERROR,4,NEW,2,9,ESCALATE,ESCALATED,0.0
TXN10539,CUST1183,43175.41,FAILED,AUTHENTICATION_FAILURE,4,RETURNING,3,0,ESCALATE,ESCALATED,0.0
TXN10540,CUST1188,43938.87,FAILED,UNKNOWN,3,LOYAL,11,13,ESCALATE,ESCALATED,0.0
TXN10541,CUST1147,5567.2,FAILED,AUTHENTICATION_FAILURE,3,RETURNING,3,11,ESCALATE,ESCALATED,0.0
TXN10542,CUST1067,7994.21,FAILED,NETWORK_ERROR,1,RETURNING,2,3,RETRY,SUCCESS,7994.21
TXN10543,CUST1097,9656.12,FAILED,AUTHENTICATION_FAILURE,1,RETURNING,3,13,CUSTOMER_PROMPT,SUCCESS,9656.12
TXN10544,CUST1129,6087.25,FAILED,TEMPORARY_BANK_ERROR,3,NEW,2,0,ESCALATE,ESCALATED,0.0
TXN10545,CUST1133,7824.2,FAILED,AUTHENTICATION_FAILURE,2,LOYAL,21,11,CUSTOMER_PROMPT,FAILED,0.0
TXN10546,CUST1154,14326.2,FAILED,INSUFFICIENT_FUNDS,3,RETURNING,6,2,ESCALATE,ESCALATED,0.0
TXN10547,CUST1270,1731.53,FAILED,TEMPORARY_BANK_ERROR,3,NEW,2,4,ESCALATE,ESCALATED,0.0
TXN10548,CUST1013,451.98,FAILED,CARD_EXPIRED,4,LOYAL,13,12,ESCALATE,ESCALATED,0.0
TXN10549,CUST1222,17714.82,FAILED,CARD_EXPIRED,1,RETURNING,2,0,CUSTOMER_PROMPT,FAILED,0.0
TXN10550,CUST1129,1157.45,FAILED,AUTHENTICATION_FAILURE,4,RETURNING,6,1,ESCALATE,ESCALATED,0.0
TXN10551,CUST1249,417.55,FAILED,TEMPORARY_BANK_ERROR,4,RETURNING,8,8,ESCALATE,ESCALATED,0.0
TXN10552,CUST1148,801.0,FAILED,NETWORK_ERROR,2,RETURNING,6,1,RETRY,SUCCESS,801.0
TXN10553,CUST1085,45736.19,FAILED,NETWORK_ERROR,2,RETURNING,2,5,RETRY,FAILED,0.0
TXN10554,CUST1247,804.38,FAILED,AUTHENTICATION_FAILURE,2,RETURNING,7,7,CUSTOMER_PROMPT,FAILED,0.0
TXN10555,CUST1282,522.28,FAILED,NETWORK_ERROR,4,RETURNING,9,11,ESCALATE,ESCALATED,0.0
TXN10556,CUST1286,8622.98,FAILED,NETWORK_ERROR,1,RETURNING,4,3,RETRY,SUCCESS,8622.98
TXN10557,CUST1245,5502.76,FAILED,TEMPORARY_BANK_ERROR,3,NEW,0,2,ESCALATE,ESCALATED,0.0
TXN10558,CUST1217,4801.24,FAILED,INSUFFICIENT_FUNDS,1,RETURNING,3,10,PAYMENT_LINK,FAILED,0.0
TXN10559,CUST1207,6805.74,FAILED,INSUFFICIENT_FUNDS,2,RETURNING,6,6,PAYMENT_LINK,SUCCESS,6805.74
TXN10560,CUST1258,9396.21,FAILED,TEMPORARY_BANK_ERROR,2,LOYAL,12,12,RETRY,SUCCESS,9396.21
TXN10561,CUST1281,6473.19,FAILED,INSUFFICIENT_FUNDS,2,NEW,1,11,PAYMENT_LINK,SUCCESS,6473.19
TXN10562,CUST1168,4766.53,FAILED,TEMPORARY_BANK_ERROR,1,RETURNING,9,4,RETRY,SUCCESS,4766.53
TXN10563,CUST1197,18071.8,FAILED,NETWORK_ERROR,3,RETURNING,5,14,ESCALATE,ESCALATED,0.0
TXN10564,CUST1150,1052.48,FAILED,INSUFFICIENT_FUNDS,1,LOYAL,28,0,PAYMENT_LINK,FAILED,0.0
TXN10565,CUST1219,49432.15,FAILED,TEMPORARY_BANK_ERROR,2,NEW,0,4,RETRY,SUCCESS,49432.15
TXN10566,CUST1057,35382.26,FAILED,TEMPORARY_BANK_ERROR,3,NEW,1,9,ESCALATE,ESCALATED,0.0
TXN10567,CUST1142,853.13,FAILED,NETWORK_ERROR,4,NEW,0,2,ESCALATE,ESCALATED,0.0
TXN10568,CUST1214,25488.93,FAILED,UNKNOWN,2,NEW,1,7,REMINDER,FAILED,0.0
TXN10569,CUST1104,877.96,FAILED,UNKNOWN,3,LOYAL,18,8,ESCALATE,ESCALATED,0.0
TXN10570,CUST1000,5913.33,FAILED,UNKNOWN,4,RETURNING,3,4,ESCALATE,ESCALATED,0.0
TXN10571,CUST1293,25999.32,FAILED,CARD_EXPIRED,3,LOYAL,21,9,ESCALATE,ESCALATED,0.0
TXN10572,CUST1167,21292.55,FAILED,NETWORK_ERROR,3,RETURNING,2,13,ESCALATE,ESCALATED,0.0
TXN10573,CUST1194,758.29,FAILED,AUTHENTICATION_FAILURE,1,RETURNING,9,14,CUSTOMER_PROMPT,FAILED,0.0
TXN10574,CUST1185,44518.38,FAILED,AUTHENTICATION_FAILURE,4,RETURNING,5,3,ESCALATE,ESCALATED,0.0
TXN10575,CUST1205,1686.64,FAILED,INSUFFICIENT_FUNDS,1,RETURNING,2,2,PAYMENT_LINK,SUCCESS,1686.64
TXN10576,CUST1054,431.33,FAILED,TEMPORARY_BANK_ERROR,4,NEW,0,10,ESCALATE,ESCALATED,0.0
TXN10577,CUST1192,1977.62,FAILED,NETWORK_ERROR,4,RETURNING,3,2,ESCALATE,ESCALATED,0.0
TXN10578,CUST1295,1495.82,FAILED,NETWORK_ERROR,1,NEW,0,13,RETRY,SUCCESS,1495.82
TXN10579,CUST1107,970.03,FAILED,AUTHENTICATION_FAILURE,3,NEW,0,0,ESCALATE,ESCALATED,0.0
TXN10580,CUST1181,9098.51,FAILED,UNKNOWN,4,RETURNING,5,13,ESCALATE,ESCALATED,0.0
TXN10581,CUST1276,28889.94,FAILED,CARD_EXPIRED,1,RETURNING,6,0,CUSTOMER_PROMPT,FAILED,0.0
TXN10582,CUST1183,905.08,FAILED,TEMPORARY_BANK_ERROR,4,RETURNING,8,12,ESCALATE,ESCALATED,0.0
TXN10583,CUST1117,1938.81,FAILED,TEMPORARY_BANK_ERROR,2,RETURNING,2,2,RETRY,FAILED,0.0
TXN10584,CUST1245,489.61,FAILED,INSUFFICIENT_FUNDS,4,NEW,1,2,ESCALATE,ESCALATED,0.0
TXN10585,CUST1195,1167.8,FAILED,CARD_EXPIRED,4,NEW,0,3,ESCALATE,ESCALATED,0.0
TXN10586,CUST1208,1177.82,FAILED,INSUFFICIENT_FUNDS,4,RETURNING,3,10,ESCALATE,ESCALATED,0.0
TXN10587,CUST1108,1811.31,FAILED,INSUFFICIENT_FUNDS,4,RETURNING,4,3,ESCALATE,ESCALATED,0.0
TXN10588,CUST1166,4086.53,FAILED,INSUFFICIENT_FUNDS,2,NEW,1,10,PAYMENT_LINK,FAILED,0.0
TXN10589,CUST1200,28004.39,FAILED,INSUFFICIENT_FUNDS,4,RETURNING,8,5,ESCALATE,ESCALATED,0.0
TXN10590,CUST1193,638.19,FAILED,CARD_EXPIRED,4,RETURNING,7,8,ESCALATE,ESCALATED,0.0
TXN10591,CUST1139,1145.97,FAILED,INSUFFICIENT_FUNDS,1,NEW,2,6,PAYMENT_LINK,SUCCESS,1145.97
TXN10592,CUST1296,10271.86,FAILED,AUTHENTICATION_FAILURE,4,RETURNING,3,9,ESCALATE,ESCALATED,0.0
TXN10593,CUST1043,13543.13,FAILED,AUTHENTICATION_FAILURE,2,NEW,1,2,CUSTOMER_PROMPT,SUCCESS,13543.13
TXN10594,CUST1175,26695.66,FAILED,UNKNOWN,3,LOYAL,29,12,ESCALATE,ESCALATED,0.0
TXN10595,CUST1218,4031.62,FAILED,INSUFFICIENT_FUNDS,3,RETURNING,2,4,ESCALATE,ESCALATED,0.0
TXN10596,CUST1055,44649.08,FAILED,TEMPORARY_BANK_ERROR,4,RETURNING,5,5,ESCALATE,ESCALATED,0.0
TXN10597,CUST1257,8221.05,FAILED,NETWORK_ERROR,4,NEW,1,0,ESCALATE,ESCALATED,0.0
TXN10598,CUST1215,23175.17,FAILED,INSUFFICIENT_FUNDS,3,LOYAL,29,2,ESCALATE,ESCALATED,0.0
TXN10599,CUST1127,1836.54,FAILED,AUTHENTICATION_FAILURE,2,RETURNING,5,0,CUSTOMER_PROMPT,FAILED,0.0
TXN10600,CUST1199,23351.06,FAILED,AUTHENTICATION_FAILURE,2,RETURNING,6,3,CUSTOMER_PROMPT,FAILED,0.0
TXN10601,CUST1038,5593.7,FAILED,TEMPORARY_BANK_ERROR,4,NEW,0,8,ESCALATE,ESCALATED,0.0
TXN10602,CUST1251,38304.82,FAILED,CARD_EXPIRED,2,RETURNING,7,3,CUSTOMER_PROMPT,SUCCESS,38304.82
TXN10603,CUST1292,268.76,FAILED,INSUFFICIENT_FUNDS,2,RETURNING,8,5,PAYMENT_LINK,SUCCESS,268.76
TXN10604,CUST1097,4340.95,FAILED,NETWORK_ERROR,1,RETURNING,5,5,RETRY,SUCCESS,4340.95
TXN10605,CUST1127,28690.44,FAILED,TEMPORARY_BANK_ERROR,4,LOYAL,28,7,ESCALATE,ESCALATED,0.0
TXN10606,CUST1146,999.71,FAILED,UNKNOWN,4,LOYAL,9,9,ESCALATE,ESCALATED,0.0
TXN10607,CUST1096,35564.31,FAILED,INSUFFICIENT_FUNDS,4,RETURNING,7,12,ESCALATE,ESCALATED,0.0
TXN10608,CUST1122,18920.39,FAILED,TEMPORARY_BANK_ERROR,4,LOYAL,21,10,ESCALATE,ESCALATED,0.0
TXN10609,CUST1209,36007.49,FAILED,INSUFFICIENT_FUNDS,3,RETURNING,4,14,ESCALATE,ESCALATED,0.0
TXN10610,CUST1163,314.63,FAILED,NETWORK_ERROR,3,RETURNING,5,9,ESCALATE,ESCALATED,0.0
TXN10611,CUST1229,1144.57,FAILED,INSUFFICIENT_FUNDS,1,LOYAL,12,4,PAYMENT_LINK,FAILED,0.0
TXN10612,CUST1012,23722.07,FAILED,TEMPORARY_BANK_ERROR,3,RETURNING,2,3,ESCALATE,ESCALATED,0.0
TXN10613,CUST1263,5673.97,FAILED,TEMPORARY_BANK_ERROR,3,RETURNING,3,5,ESCALATE,ESCALATED,0.0
TXN10614,CUST1030,23356.1,FAILED,NETWORK_ERROR,4,RETURNING,6,7,ESCALATE,ESCALATED,0.0
TXN10615,CUST1036,6215.87,FAILED,NETWORK_ERROR,4,RETURNING,6,3,ESCALATE,ESCALATED,0.0
TXN10616,CUST1248,6701.8,FAILED,TEMPORARY_BANK_ERROR,1,NEW,1,0,RETRY,SUCCESS,6701.8
TXN10617,CUST1134,11064.33,FAILED,AUTHENTICATION_FAILURE,3,RETURNING,5,12,ESCALATE,ESCALATED,0.0
TXN10618,CUST1152,4270.1,FAILED,AUTHENTICATION_FAILURE,3,RETURNING,6,9,ESCALATE,ESCALATED,0.0
TXN10619,CUST1292,8501.99,FAILED,NETWORK_ERROR,3,RETURNING,3,1,ESCALATE,ESCALATED,0.0
TXN10620,CUST1258,1094.01,FAILED,TEMPORARY_BANK_ERROR,1,RETURNING,2,13,RETRY,SUCCESS,1094.01
TXN10621,CUST1015,1481.0,FAILED,TEMPORARY_BANK_ERROR,2,LOYAL,8,2,RETRY,FAILED,0.0
TXN10622,CUST1074,45803.06,FAILED,CARD_EXPIRED,2,RETURNING,4,2,CUSTOMER_PROMPT,FAILED,0.0
TXN10623,CUST1175,24181.93,FAILED,UNKNOWN,3,LOYAL,14,0,ESCALATE,ESCALATED,0.0
TXN10624,CUST1111,9254.98,FAILED,NETWORK_ERROR,1,RETURNING,9,11,RETRY,SUCCESS,9254.98
TXN10625,CUST1180,4685.12,FAILED,TEMPORARY_BANK_ERROR,2,RETURNING,6,7,RETRY,FAILED,0.0
TXN10626,CUST1299,2694.18,FAILED,INSUFFICIENT_FUNDS,2,RETURNING,2,4,PAYMENT_LINK,SUCCESS,2694.18
TXN10627,CUST1100,1330.72,FAILED,AUTHENTICATION_FAILURE,1,RETURNING,5,14,CUSTOMER_PROMPT,FAILED,0.0
TXN10628,CUST1296,529.16,FAILED,TEMPORARY_BANK_ERROR,3,LOYAL,14,3,ESCALATE,ESCALATED,0.0
TXN10629,CUST1031,1604.26,FAILED,TEMPORARY_BANK_ERROR,1,RETURNING,8,0,RETRY,SUCCESS,1604.26
TXN10630,CUST1113,1892.35,FAILED,TEMPORARY_BANK_ERROR,1,RETURNING,5,13,RETRY,FAILED,0.0
TXN10631,CUST1207,1496.9,FAILED,AUTHENTICATION_FAILURE,1,RETURNING,5,0,CUSTOMER_PROMPT,FAILED,0.0
TXN10632,CUST1111,9837.45,FAILED,AUTHENTICATION_FAILURE,2,NEW,0,14,CUSTOMER_PROMPT,SUCCESS,9837.45
TXN10633,CUST1068,3691.24,FAILED,UNKNOWN,4,RETURNING,5,1,ESCALATE,ESCALATED,0.0
TXN10634,CUST1285,9713.86,FAILED,INSUFFICIENT_FUNDS,3,RETURNING,3,9,ESCALATE,ESCALATED,0.0
TXN10635,CUST1245,365.55,FAILED,UNKNOWN,3,RETURNING,8,6,ESCALATE,ESCALATED,0.0
TXN10636,CUST1255,2962.9,FAILED,CARD_EXPIRED,2,NEW,0,9,CUSTOMER_PROMPT,FAILED,0.0
TXN10637,CUST1125,4886.09,FAILED,AUTHENTICATION_FAILURE,3,NEW,1,12,ESCALATE,ESCALATED,0.0
TXN10638,CUST1145,1745.08,FAILED,NETWORK_ERROR,3,LOYAL,24,6,ESCALATE,ESCALATED,0.0
TXN10639,CUST1263,2748.38,FAILED,TEMPORARY_BANK_ERROR,3,RETURNING,7,12,ESCALATE,ESCALATED,0.0
TXN10640,CUST1039,1786.56,FAILED,NETWORK_ERROR,4,RETURNING,4,2,ESCALATE,RECOVERED,1786.56
TXN10641,CUST1096,5481.91,FAILED,NETWORK_ERROR,1,NEW,2,2,RETRY,FAILED,0.0
TXN10642,CUST1268,618.43,FAILED,CARD_EXPIRED,2,RETURNING,6,4,CUSTOMER_PROMPT,SUCCESS,618.43
TXN10643,CUST1175,6329.36,FAILED,UNKNOWN,1,NEW,1,6,REMINDER,FAILED,0.0
TXN10644,CUST1272,6526.25,FAILED,NETWORK_ERROR,3,LOYAL,17,8,ESCALATE,ESCALATED,0.0
TXN10645,CUST1150,3966.3,FAILED,AUTHENTICATION_FAILURE,3,RETURNING,3,13,ESCALATE,ESCALATED,0.0
TXN10646,CUST1268,1020.72,FAILED,INSUFFICIENT_FUNDS,1,RETURNING,6,14,PAYMENT_LINK,FAILED,0.0
TXN10647,CUST1209,15009.2,FAILED,NETWORK_ERROR,4,NEW,2,0,ESCALATE,ESCALATED,0.0
TXN10648,CUST1209,35921.21,FAILED,NETWORK_ERROR,3,RETURNING,5,11,ESCALATE,ESCALATED,0.0
TXN10649,CUST1142,10986.8,FAILED,NETWORK_ERROR,2,RETURNING,4,12,RETRY,SUCCESS,10986.8
TXN10650,CUST1231,3874.37,FAILED,INSUFFICIENT_FUNDS,3,NEW,2,1,ESCALATE,ESCALATED,0.0
TXN10651,CUST1086,462.89,FAILED,AUTHENTICATION_FAILURE,2,NEW,0,1,CUSTOMER_PROMPT,FAILED,0.0
TXN10652,CUST1167,43767.44,FAILED,TEMPORARY_BANK_ERROR,4,RETURNING,9,12,ESCALATE,ESCALATED,0.0
TXN10653,CUST1068,3724.66,FAILED,UNKNOWN,1,NEW,1,8,REMINDER,FAILED,0.0
TXN10654,CUST1129,288.75,FAILED,TEMPORARY_BANK_ERROR,4,RETURNING,7,11,ESCALATE,ESCALATED,0.0
TXN10655,CUST1037,1461.45,FAILED,UNKNOWN,1,LOYAL,12,12,REMINDER,FAILED,0.0
TXN10656,CUST1047,3004.53,FAILED,CARD_EXPIRED,1,RETURNING,2,2,CUSTOMER_PROMPT,FAILED,0.0
TXN10657,CUST1068,481.97,FAILED,INSUFFICIENT_FUNDS,3,RETURNING,8,5,ESCALATE,ESCALATED,0.0
TXN10658,CUST1038,8027.05,FAILED,TEMPORARY_BANK_ERROR,4,RETURNING,9,12,ESCALATE,ESCALATED,0.0
TXN10659,CUST1014,40582.73,FAILED,NETWORK_ERROR,4,RETURNING,9,1,ESCALATE,ESCALATED,0.0
TXN10660,CUST1059,619.64,FAILED,TEMPORARY_BANK_ERROR,3,RETURNING,3,3,ESCALATE,ESCALATED,0.0
TXN10661,CUST1278,719.45,FAILED,AUTHENTICATION_FAILURE,1,RETURNING,7,8,CUSTOMER_PROMPT,SUCCESS,719.45
TXN10662,CUST1288,9601.28,FAILED,INSUFFICIENT_FUNDS,2,LOYAL,14,6,PAYMENT_LINK,SUCCESS,9601.28
TXN10663,CUST1083,1696.49,FAILED,TEMPORARY_BANK_ERROR,3,RETURNING,4,7,ESCALATE,ESCALATED,0.0
TXN10664,CUST1006,40926.71,FAILED,TEMPORARY_BANK_ERROR,2,RETURNING,3,14,RETRY,SUCCESS,40926.71
TXN10665,CUST1133,32068.49,FAILED,INSUFFICIENT_FUNDS,4,RETURNING,3,0,ESCALATE,ESCALATED,0.0
TXN10666,CUST1100,1022.98,FAILED,AUTHENTICATION_FAILURE,3,NEW,2,0,ESCALATE,ESCALATED,0.0
TXN10667,CUST1284,7935.22,FAILED,TEMPORARY_BANK_ERROR,3,LOYAL,29,9,ESCALATE,ESCALATED,0.0
TXN10668,CUST1115,3427.98,FAILED,AUTHENTICATION_FAILURE,3,NEW,0,8,ESCALATE,ESCALATED,0.0
TXN10669,CUST1234,38095.95,FAILED,NETWORK_ERROR,2,LOYAL,27,2,RETRY,SUCCESS,38095.95
TXN10670,CUST1028,8417.39,FAILED,AUTHENTICATION_FAILURE,3,RETURNING,5,4,ESCALATE,ESCALATED,0.0
TXN10671,CUST1193,10721.16,FAILED,UNKNOWN,3,RETURNING,7,10,ESCALATE,ESCALATED,0.0
TXN10672,CUST1190,41326.4,FAILED,AUTHENTICATION_FAILURE,3,NEW,1,8,ESCALATE,ESCALATED,0.0
TXN10673,CUST1148,38991.48,FAILED,NETWORK_ERROR,3,NEW,0,2,ESCALATE,ESCALATED,0.0
TXN10674,CUST1148,477.61,FAILED,INSUFFICIENT_FUNDS,1,LOYAL,21,2,PAYMENT_LINK,SUCCESS,477.61
TXN10675,CUST1011,454.93,FAILED,CARD_EXPIRED,2,LOYAL,9,2,CUSTOMER_PROMPT,FAILED,0.0
TXN10676,CUST1261,554.84,FAILED,UNKNOWN,4,RETURNING,7,13,ESCALATE,ESCALATED,0.0
TXN10677,CUST1273,2740.04,FAILED,TEMPORARY_BANK_ERROR,2,RETURNING,8,5,RETRY,SUCCESS,2740.04
TXN10678,CUST1041,12900.89,FAILED,AUTHENTICATION_FAILURE,2,RETURNING,3,2,CUSTOMER_PROMPT,FAILED,0.0
TXN10679,CUST1285,4697.36,FAILED,INSUFFICIENT_FUNDS,3,LOYAL,28,3,ESCALATE,ESCALATED,0.0
TXN10680,CUST1052,1135.35,FAILED,INSUFFICIENT_FUNDS,3,RETURNING,8,13,ESCALATE,ESCALATED,0.0
TXN10681,CUST1249,417.47,FAILED,TEMPORARY_BANK_ERROR,4,RETURNING,5,14,ESCALATE,ESCALATED,0.0
TXN10682,CUST1057,36028.98,FAILED,UNKNOWN,2,RETURNING,8,1,REMINDER,FAILED,0.0
TXN10683,CUST1026,1099.52,FAILED,TEMPORARY_BANK_ERROR,1,RETURNING,5,2,RETRY,FAILED,0.0
TXN10684,CUST1021,31995.08,FAILED,UNKNOWN,4,LOYAL,22,9,ESCALATE,ESCALATED,0.0
TXN10685,CUST1221,9797.11,FAILED,TEMPORARY_BANK_ERROR,4,NEW,1,11,ESCALATE,ESCALATED,0.0
TXN10686,CUST1005,7314.73,FAILED,NETWORK_ERROR,2,RETURNING,8,11,RETRY,FAILED,0.0
TXN10687,CUST1263,32506.22,FAILED,INSUFFICIENT_FUNDS,4,NEW,0,4,ESCALATE,ESCALATED,0.0
TXN10688,CUST1251,15711.43,FAILED,INSUFFICIENT_FUNDS,4,LOYAL,22,1,ESCALATE,ESCALATED,0.0
TXN10689,CUST1135,7616.55,FAILED,TEMPORARY_BANK_ERROR,3,RETURNING,9,0,ESCALATE,ESCALATED,0.0
TXN10690,CUST1220,24693.62,FAILED,CARD_EXPIRED,2,LOYAL,24,3,CUSTOMER_PROMPT,FAILED,0.0
TXN10691,CUST1064,698.54,FAILED,TEMPORARY_BANK_ERROR,4,RETURNING,6,2,ESCALATE,ESCALATED,0.0
TXN10692,CUST1216,337.1,FAILED,NETWORK_ERROR,2,LOYAL,10,8,RETRY,SUCCESS,337.1
TXN10693,CUST1290,6304.22,FAILED,TEMPORARY_BANK_ERROR,4,NEW,0,12,ESCALATE,ESCALATED,0.0
TXN10694,CUST1102,42980.68,FAILED,NETWORK_ERROR,2,RETURNING,4,12,RETRY,FAILED,0.0
TXN10695,CUST1291,2300.19,FAILED,AUTHENTICATION_FAILURE,1,RETURNING,3,1,CUSTOMER_PROMPT,FAILED,0.0
TXN10696,CUST1032,31663.88,FAILED,CARD_EXPIRED,3,RETURNING,5,14,ESCALATE,ESCALATED,0.0
TXN10697,CUST1140,7311.43,FAILED,NETWORK_ERROR,1,NEW,0,14,RETRY,FAILED,0.0
TXN10698,CUST1085,19866.26,FAILED,AUTHENTICATION_FAILURE,1,RETURNING,9,6,CUSTOMER_PROMPT,SUCCESS,19866.26
TXN10699,CUST1063,5308.91,FAILED,AUTHENTICATION_FAILURE,4,NEW,1,7,ESCALATE,ESCALATED,0.0
TXN10700,CUST1104,1787.39,FAILED,INSUFFICIENT_FUNDS,2,RETURNING,9,5,PAYMENT_LINK,FAILED,0.0
TXN10701,CUST1102,18208.8,FAILED,INSUFFICIENT_FUNDS,4,RETURNING,2,11,ESCALATE,ESCALATED,0.0
TXN10702,CUST1209,49534.82,FAILED,INSUFFICIENT_FUNDS,2,NEW,1,8,PAYMENT_LINK,SUCCESS,49534.82
TXN10703,CUST1132,8274.46,FAILED,CARD_EXPIRED,4,RETURNING,3,4,ESCALATE,ESCALATED,0.0
TXN10704,CUST1292,9634.43,FAILED,INSUFFICIENT_FUNDS,4,RETURNING,9,2,ESCALATE,ESCALATED,0.0
TXN10705,CUST1022,29368.53,FAILED,CARD_EXPIRED,3,RETURNING,5,9,ESCALATE,ESCALATED,0.0
TXN10706,CUST1044,34617.16,FAILED,UNKNOWN,4,NEW,1,11,ESCALATE,ESCALATED,0.0
TXN10707,CUST1174,47361.32,FAILED,INSUFFICIENT_FUNDS,2,RETURNING,3,10,PAYMENT_LINK,FAILED,0.0
TXN10708,CUST1082,6136.54,FAILED,AUTHENTICATION_FAILURE,2,RETURNING,9,4,CUSTOMER_PROMPT,FAILED,0.0
TXN10709,CUST1128,20740.2,FAILED,INSUFFICIENT_FUNDS,1,RETURNING,2,9,PAYMENT_LINK,FAILED,0.0
TXN10710,CUST1279,45652.56,FAILED,AUTHENTICATION_FAILURE,1,NEW,2,13,CUSTOMER_PROMPT,FAILED,0.0
TXN10711,CUST1289,216.94,FAILED,NETWORK_ERROR,3,RETURNING,4,7,ESCALATE,ESCALATED,0.0
TXN10712,CUST1028,1637.35,FAILED,UNKNOWN,3,RETURNING,8,1,ESCALATE,ESCALATED,0.0
TXN10713,CUST1296,1625.57,FAILED,CARD_EXPIRED,2,RETURNING,5,7,CUSTOMER_PROMPT,FAILED,0.0
TXN10714,CUST1274,10363.93,FAILED,NETWORK_ERROR,1,LOYAL,26,10,RETRY,SUCCESS,10363.93
TXN10715,CUST1261,1321.14,FAILED,UNKNOWN,1,RETURNING,8,14,REMINDER,FAILED,0.0
TXN10716,CUST1092,458.99,FAILED,TEMPORARY_BANK_ERROR,2,RETURNING,2,8,RETRY,FAILED,0.0
TXN10717,CUST1148,708.79,FAILED,NETWORK_ERROR,4,NEW,2,3,ESCALATE,ESCALATED,0.0
TXN10718,CUST1143,26809.98,FAILED,TEMPORARY_BANK_ERROR,4,RETURNING,2,0,ESCALATE,ESCALATED,0.0
TXN10719,CUST1149,25049.18,FAILED,UNKNOWN,2,LOYAL,8,11,REMINDER,FAILED,0.0
TXN10720,CUST1093,5765.14,FAILED,INSUFFICIENT_FUNDS,4,NEW,0,2,ESCALATE,ESCALATED,0.0
TXN10721,CUST1202,901.59,FAILED,AUTHENTICATION_FAILURE,1,LOYAL,15,6,CUSTOMER_PROMPT,SUCCESS,901.59
TXN10722,CUST1236,5797.29,FAILED,INSUFFICIENT_FUNDS,3,LOYAL,19,10,ESCALATE,ESCALATED,0.0
TXN10723,CUST1252,301.77,FAILED,INSUFFICIENT_FUNDS,4,NEW,0,2,ESCALATE,ESCALATED,0.0
TXN10724,CUST1138,8235.08,FAILED,NETWORK_ERROR,2,NEW,1,1,RETRY,FAILED,0.0
TXN10725,CUST1265,1671.02,FAILED,INSUFFICIENT_FUNDS,3,RETURNING,9,6,ESCALATE,ESCALATED,0.0
TXN10726,CUST1137,41765.38,FAILED,INSUFFICIENT_FUNDS,3,RETURNING,9,12,ESCALATE,ESCALATED,0.0
TXN10727,CUST1042,27237.65,FAILED,INSUFFICIENT_FUNDS,2,LOYAL,27,7,PAYMENT_LINK,FAILED,0.0
TXN10728,CUST1148,15399.14,FAILED,INSUFFICIENT_FUNDS,2,RETURNING,9,4,PAYMENT_LINK,FAILED,0.0
TXN10729,CUST1023,4655.67,FAILED,INSUFFICIENT_FUNDS,2,RETURNING,7,3,PAYMENT_LINK,SUCCESS,4655.67
TXN10730,CUST1074,1694.14,FAILED,TEMPORARY_BANK_ERROR,2,RETURNING,3,13,RETRY,FAILED,0.0
TXN10731,CUST1186,4474.64,FAILED,INSUFFICIENT_FUNDS,3,RETURNING,3,2,ESCALATE,ESCALATED,0.0
TXN10732,CUST1157,5321.68,FAILED,INSUFFICIENT_FUNDS,1,RETURNING,4,9,PAYMENT_LINK,SUCCESS,5321.68
TXN10733,CUST1167,2031.31,FAILED,NETWORK_ERROR,4,RETURNING,2,4,ESCALATE,ESCALATED,0.0
TXN10734,CUST1238,5985.09,FAILED,TEMPORARY_BANK_ERROR,2,LOYAL,18,2,RETRY,FAILED,0.0
TXN10735,CUST1160,614.32,FAILED,INSUFFICIENT_FUNDS,1,LOYAL,29,9,PAYMENT_LINK,FAILED,0.0
TXN10736,CUST1252,10164.25,FAILED,NETWORK_ERROR,1,LOYAL,11,8,RETRY,SUCCESS,10164.25
TXN10737,CUST1084,16843.44,FAILED,CARD_EXPIRED,1,RETURNING,4,9,CUSTOMER_PROMPT,FAILED,0.0
TXN10738,CUST1235,980.0,FAILED,AUTHENTICATION_FAILURE,3,RETURNING,7,6,ESCALATE,ESCALATED,0.0
TXN10739,CUST1286,32892.61,FAILED,INSUFFICIENT_FUNDS,3,RETURNING,6,11,ESCALATE,ESCALATED,0.0
TXN10740,CUST1203,1949.54,FAILED,TEMPORARY_BANK_ERROR,4,LOYAL,11,3,ESCALATE,ESCALATED,0.0
TXN10741,CUST1064,972.7,FAILED,TEMPORARY_BANK_ERROR,2,RETURNING,3,0,RETRY,SUCCESS,972.7
TXN10742,CUST1181,26001.19,FAILED,CARD_EXPIRED,2,LOYAL,21,6,CUSTOMER_PROMPT,FAILED,0.0
TXN10743,CUST1138,37534.3,FAILED,UNKNOWN,1,RETURNING,8,10,REMINDER,SUCCESS,37534.3
TXN10744,CUST1196,31416.53,FAILED,INSUFFICIENT_FUNDS,1,LOYAL,16,12,PAYMENT_LINK,SUCCESS,31416.53
TXN10745,CUST1264,378.57,FAILED,TEMPORARY_BANK_ERROR,2,RETURNING,2,9,RETRY,FAILED,0.0
TXN10746,CUST1203,8400.42,FAILED,TEMPORARY_BANK_ERROR,2,LOYAL,13,1,RETRY,SUCCESS,8400.42
TXN10747,CUST1165,44117.77,FAILED,UNKNOWN,1,RETURNING,9,1,REMINDER,FAILED,0.0
TXN10748,CUST1114,1313.42,FAILED,TEMPORARY_BANK_ERROR,2,RETURNING,3,13,RETRY,FAILED,0.0
TXN10749,CUST1178,4478.62,FAILED,INSUFFICIENT_FUNDS,3,NEW,1,0,ESCALATE,ESCALATED,0.0
TXN10750,CUST1018,4615.73,FAILED,NETWORK_ERROR,2,LOYAL,18,7,RETRY,FAILED,0.0
TXN10751,CUST1168,18025.28,FAILED,INSUFFICIENT_FUNDS,1,RETURNING,3,11,PAYMENT_LINK,SUCCESS,18025.28
TXN10752,CUST1104,23608.92,FAILED,TEMPORARY_BANK_ERROR,2,RETURNING,3,7,RETRY,FAILED,0.0
TXN10753,CUST1162,2600.91,FAILED,UNKNOWN,4,LOYAL,18,12,ESCALATE,ESCALATED,0.0
TXN10754,CUST1169,5684.2,FAILED,AUTHENTICATION_FAILURE,2,LOYAL,21,14,CUSTOMER_PROMPT,FAILED,0.0
TXN10755,CUST1227,1641.77,FAILED,NETWORK_ERROR,4,NEW,2,14,ESCALATE,ESCALATED,0.0
TXN10756,CUST1135,1642.45,FAILED,UNKNOWN,1,NEW,2,14,REMINDER,FAILED,0.0
TXN10757,CUST1138,6249.08,FAILED,TEMPORARY_BANK_ERROR,4,LOYAL,23,3,ESCALATE,ESCALATED,0.0
TXN10758,CUST1274,270.2,FAILED,INSUFFICIENT_FUNDS,1,RETURNING,3,6,PAYMENT_LINK,SUCCESS,270.2
TXN10759,CUST1083,295.23,FAILED,INSUFFICIENT_FUNDS,2,RETURNING,7,8,PAYMENT_LINK,FAILED,0.0
TXN10760,CUST1042,4322.66,FAILED,UNKNOWN,4,NEW,2,1,ESCALATE,ESCALATED,0.0
TXN10761,CUST1245,2056.77,FAILED,INSUFFICIENT_FUNDS,2,RETURNING,6,10,PAYMENT_LINK,FAILED,0.0
TXN10762,CUST1198,35684.41,FAILED,CARD_EXPIRED,1,RETURNING,8,12,CUSTOMER_PROMPT,FAILED,0.0
TXN10763,CUST1051,2604.97,FAILED,INSUFFICIENT_FUNDS,1,RETURNING,7,14,PAYMENT_LINK,SUCCESS,2604.97
TXN10764,CUST1060,1587.24,FAILED,INSUFFICIENT_FUNDS,1,LOYAL,21,6,PAYMENT_LINK,FAILED,0.0
TXN10765,CUST1066,1046.27,FAILED,NETWORK_ERROR,2,NEW,1,13,RETRY,FAILED,0.0
TXN10766,CUST1270,1469.37,FAILED,INSUFFICIENT_FUNDS,3,NEW,0,8,ESCALATE,ESCALATED,0.0
TXN10767,CUST1250,1159.4,FAILED,TEMPORARY_BANK_ERROR,2,RETURNING,3,1,RETRY,FAILED,0.0
TXN10768,CUST1140,13141.45,FAILED,AUTHENTICATION_FAILURE,1,LOYAL,24,1,CUSTOMER_PROMPT,FAILED,0.0
TXN10769,CUST1147,5946.24,FAILED,TEMPORARY_BANK_ERROR,4,RETURNING,9,8,ESCALATE,ESCALATED,0.0
TXN10770,CUST1280,5633.26,FAILED,TEMPORARY_BANK_ERROR,3,RETURNING,5,3,ESCALATE,ESCALATED,0.0
TXN10771,CUST1104,47310.85,FAILED,NETWORK_ERROR,2,RETURNING,5,0,RETRY,SUCCESS,47310.85
TXN10772,CUST1206,5869.89,FAILED,TEMPORARY_BANK_ERROR,1,LOYAL,9,9,RETRY,FAILED,0.0
TXN10773,CUST1214,41140.64,FAILED,INSUFFICIENT_FUNDS,2,RETURNING,4,10,PAYMENT_LINK,FAILED,0.0
TXN10774,CUST1102,34926.9,FAILED,TEMPORARY_BANK_ERROR,4,NEW,0,14,ESCALATE,ESCALATED,0.0
TXN10775,CUST1265,8120.09,FAILED,AUTHENTICATION_FAILURE,3,RETURNING,9,10,ESCALATE,ESCALATED,0.0
TXN10776,CUST1293,353.43,FAILED,AUTHENTICATION_FAILURE,2,NEW,1,12,CUSTOMER_PROMPT,SUCCESS,353.43
TXN10777,CUST1104,9740.95,FAILED,TEMPORARY_BANK_ERROR,3,LOYAL,17,14,ESCALATE,ESCALATED,0.0
TXN10778,CUST1055,9051.01,FAILED,INSUFFICIENT_FUNDS,3,NEW,2,4,ESCALATE,ESCALATED,0.0
TXN10779,CUST1217,758.87,FAILED,NETWORK_ERROR,4,RETURNING,8,11,ESCALATE,ESCALATED,0.0
TXN10780,CUST1287,2563.61,FAILED,INSUFFICIENT_FUNDS,2,NEW,1,7,PAYMENT_LINK,FAILED,0.0
TXN10781,CUST1179,17897.95,FAILED,NETWORK_ERROR,3,RETURNING,6,0,ESCALATE,ESCALATED,0.0
TXN10782,CUST1222,6991.05,FAILED,AUTHENTICATION_FAILURE,4,RETURNING,6,2,ESCALATE,ESCALATED,0.0
TXN10783,CUST1025,33372.79,FAILED,NETWORK_ERROR,1,RETURNING,8,4,RETRY,FAILED,0.0
TXN10784,CUST1012,27540.32,FAILED,INSUFFICIENT_FUNDS,4,RETURNING,4,9,ESCALATE,ESCALATED,0.0
TXN10785,CUST1272,4769.78,FAILED,UNKNOWN,2,NEW,1,7,REMINDER,FAILED,0.0
TXN10786,CUST1281,3077.84,FAILED,AUTHENTICATION_FAILURE,1,RETURNING,4,8,CUSTOMER_PROMPT,FAILED,0.0
TXN10787,CUST1270,1845.15,FAILED,CARD_EXPIRED,4,NEW,2,8,ESCALATE,ESCALATED,0.0
TXN10788,CUST1222,9577.51,FAILED,TEMPORARY_BANK_ERROR,1,LOYAL,13,2,RETRY,SUCCESS,9577.51
TXN10789,CUST1202,5064.93,FAILED,AUTHENTICATION_FAILURE,2,NEW,0,8,CUSTOMER_PROMPT,FAILED,0.0
TXN10790,CUST1279,10453.3,FAILED,INSUFFICIENT_FUNDS,4,LOYAL,21,12,ESCALATE,ESCALATED,0.0
TXN10791,CUST1030,6370.58,FAILED,INSUFFICIENT_FUNDS,4,RETURNING,2,9,ESCALATE,ESCALATED,0.0
TXN10792,CUST1279,3142.45,FAILED,UNKNOWN,2,RETURNING,8,6,REMINDER,FAILED,0.0
TXN10793,CUST1073,36741.87,FAILED,CARD_EXPIRED,1,RETURNING,2,8,CUSTOMER_PROMPT,FAILED,0.0
TXN10794,CUST1197,4031.99,FAILED,NETWORK_ERROR,3,RETURNING,6,5,ESCALATE,ESCALATED,0.0
TXN10795,CUST1287,13169.98,FAILED,INSUFFICIENT_FUNDS,2,NEW,1,4,PAYMENT_LINK,SUCCESS,13169.98
TXN10796,CUST1037,2187.44,FAILED,TEMPORARY_BANK_ERROR,1,RETURNING,6,0,RETRY,SUCCESS,2187.44
TXN10797,CUST1055,289.82,FAILED,CARD_EXPIRED,4,NEW,1,7,ESCALATE,ESCALATED,0.0
TXN10798,CUST1001,1715.44,FAILED,TEMPORARY_BANK_ERROR,2,NEW,0,2,RETRY,SUCCESS,1715.44
TXN10799,CUST1049,1641.92,FAILED,TEMPORARY_BANK_ERROR,2,LOYAL,19,2,RETRY,FAILED,0.0
TXN10800,CUST1079,48674.62,FAILED,INSUFFICIENT_FUNDS,2,RETURNING,4,7,PAYMENT_LINK,FAILED,0.0
TXN10801,CUST1026,5541.44,FAILED,AUTHENTICATION_FAILURE,1,NEW,1,14,CUSTOMER_PROMPT,SUCCESS,5541.44
TXN10802,CUST1045,7292.07,FAILED,CARD_EXPIRED,1,RETURNING,9,2,CUSTOMER_PROMPT,FAILED,0.0
TXN10803,CUST1016,46879.5,FAILED,UNKNOWN,4,LOYAL,18,5,ESCALATE,ESCALATED,0.0
TXN10804,CUST1131,4141.93,FAILED,UNKNOWN,1,RETURNING,9,13,REMINDER,SUCCESS,4141.93
TXN10805,CUST1155,13039.74,FAILED,NETWORK_ERROR,3,LOYAL,20,9,ESCALATE,ESCALATED,0.0
TXN10806,CUST1001,1015.92,FAILED,AUTHENTICATION_FAILURE,1,RETURNING,6,10,CUSTOMER_PROMPT,SUCCESS,1015.92
TXN10807,CUST1006,1133.49,FAILED,TEMPORARY_BANK_ERROR,2,NEW,2,3,RETRY,SUCCESS,1133.49
TXN10808,CUST1079,5447.43,FAILED,NETWORK_ERROR,3,LOYAL,9,14,ESCALATE,ESCALATED,0.0
TXN10809,CUST1274,38872.02,FAILED,AUTHENTICATION_FAILURE,2,NEW,1,11,CUSTOMER_PROMPT,FAILED,0.0
TXN10810,CUST1234,430.44,FAILED,TEMPORARY_BANK_ERROR,2,NEW,2,5,RETRY,FAILED,0.0
TXN10811,CUST1020,48826.72,FAILED,INSUFFICIENT_FUNDS,3,NEW,2,12,ESCALATE,ESCALATED,0.0
TXN10812,CUST1027,44558.19,FAILED,AUTHENTICATION_FAILURE,3,NEW,1,4,ESCALATE,ESCALATED,0.0
TXN10813,CUST1290,947.39,FAILED,NETWORK_ERROR,4,RETURNING,3,6,ESCALATE,ESCALATED,0.0
TXN10814,CUST1240,529.13,FAILED,CARD_EXPIRED,1,LOYAL,12,0,CUSTOMER_PROMPT,SUCCESS,529.13
TXN10815,CUST1212,23586.42,FAILED,INSUFFICIENT_FUNDS,1,LOYAL,16,4,PAYMENT_LINK,SUCCESS,23586.42
TXN10816,CUST1146,37079.07,FAILED,INSUFFICIENT_FUNDS,3,LOYAL,22,0,ESCALATE,ESCALATED,0.0
TXN10817,CUST1160,34438.38,FAILED,AUTHENTICATION_FAILURE,2,RETURNING,9,0,CUSTOMER_PROMPT,FAILED,0.0
TXN10818,CUST1076,1671.23,FAILED,AUTHENTICATION_FAILURE,2,RETURNING,2,7,CUSTOMER_PROMPT,SUCCESS,1671.23
TXN10819,CUST1119,15529.82,FAILED,TEMPORARY_BANK_ERROR,2,RETURNING,9,0,RETRY,FAILED,0.0
TXN10820,CUST1096,8459.02,FAILED,AUTHENTICATION_FAILURE,2,RETURNING,8,7,CUSTOMER_PROMPT,FAILED,0.0
TXN10821,CUST1038,3702.59,FAILED,NETWORK_ERROR,2,LOYAL,12,9,RETRY,FAILED,0.0
TXN10822,CUST1041,787.5,FAILED,TEMPORARY_BANK_ERROR,3,RETURNING,9,1,ESCALATE,ESCALATED,0.0
TXN10823,CUST1225,12255.27,FAILED,AUTHENTICATION_FAILURE,4,RETURNING,3,1,ESCALATE,ESCALATED,0.0
TXN10824,CUST1084,35619.33,FAILED,TEMPORARY_BANK_ERROR,3,RETURNING,6,5,ESCALATE,ESCALATED,0.0
TXN10825,CUST1220,1619.27,FAILED,TEMPORARY_BANK_ERROR,2,RETURNING,2,3,RETRY,FAILED,0.0
TXN10826,CUST1263,8235.47,FAILED,UNKNOWN,2,RETURNING,8,7,REMINDER,FAILED,0.0
TXN10827,CUST1036,37025.76,FAILED,AUTHENTICATION_FAILURE,4,RETURNING,7,7,ESCALATE,RECOVERED,37025.76
TXN10828,CUST1183,30012.21,FAILED,NETWORK_ERROR,2,LOYAL,13,2,RETRY,FAILED,0.0
TXN10829,CUST1274,7969.76,FAILED,AUTHENTICATION_FAILURE,3,NEW,0,3,ESCALATE,ESCALATED,0.0
TXN10830,CUST1000,908.81,FAILED,INSUFFICIENT_FUNDS,2,RETURNING,6,12,PAYMENT_LINK,FAILED,0.0
TXN10831,CUST1024,9551.02,FAILED,UNKNOWN,1,LOYAL,8,7,REMINDER,SUCCESS,9551.02
TXN10832,CUST1037,4436.3,FAILED,UNKNOWN,1,RETURNING,2,8,REMINDER,FAILED,0.0
TXN10833,CUST1144,1649.34,FAILED,TEMPORARY_BANK_ERROR,4,LOYAL,29,12,ESCALATE,ESCALATED,0.0
TXN10834,CUST1209,1866.3,FAILED,NETWORK_ERROR,1,NEW,2,5,RETRY,FAILED,0.0
TXN10835,CUST1093,1821.12,FAILED,UNKNOWN,2,RETURNING,7,2,REMINDER,SUCCESS,1821.12
TXN10836,CUST1255,3029.85,FAILED,TEMPORARY_BANK_ERROR,3,RETURNING,9,4,ESCALATE,ESCALATED,0.0
TXN10837,CUST1058,2958.98,FAILED,TEMPORARY_BANK_ERROR,2,RETURNING,3,10,RETRY,FAILED,0.0
TXN10838,CUST1068,14406.88,FAILED,CARD_EXPIRED,3,RETURNING,4,7,ESCALATE,ESCALATED,0.0
TXN10839,CUST1046,1099.65,FAILED,INSUFFICIENT_FUNDS,1,RETURNING,9,12,PAYMENT_LINK,SUCCESS,1099.65
TXN10840,CUST1130,6221.97,FAILED,UNKNOWN,1,LOYAL,8,0,REMINDER,SUCCESS,6221.97
TXN10841,CUST1295,32221.0,FAILED,INSUFFICIENT_FUNDS,3,NEW,2,0,ESCALATE,ESCALATED,0.0
TXN10842,CUST1089,45244.21,FAILED,UNKNOWN,1,LOYAL,18,10,REMINDER,FAILED,0.0
TXN10843,CUST1174,1814.61,FAILED,AUTHENTICATION_FAILURE,4,RETURNING,4,3,ESCALATE,ESCALATED,0.0
TXN10844,CUST1164,210.75,FAILED,INSUFFICIENT_FUNDS,2,NEW,1,5,PAYMENT_LINK,FAILED,0.0
TXN10845,CUST1039,459.24,FAILED,INSUFFICIENT_FUNDS,1,LOYAL,25,7,PAYMENT_LINK,SUCCESS,459.24
TXN10846,CUST1094,38301.42,FAILED,TEMPORARY_BANK_ERROR,3,RETURNING,9,7,ESCALATE,ESCALATED,0.0
TXN10847,CUST1280,9316.02,FAILED,TEMPORARY_BANK_ERROR,3,NEW,0,7,ESCALATE,ESCALATED,0.0
TXN10848,CUST1173,282.58,FAILED,TEMPORARY_BANK_ERROR,4,RETURNING,5,5,ESCALATE,ESCALATED,0.0
TXN10849,CUST1016,45672.81,FAILED,INSUFFICIENT_FUNDS,4,NEW,0,12,ESCALATE,ESCALATED,0.0
TXN10850,CUST1004,1149.1,FAILED,INSUFFICIENT_FUNDS,2,RETURNING,7,0,PAYMENT_LINK,SUCCESS,1149.1
TXN10851,CUST1280,23641.91,FAILED,AUTHENTICATION_FAILURE,2,RETURNING,6,5,CUSTOMER_PROMPT,SUCCESS,23641.91
TXN10852,CUST1032,21745.3,FAILED,AUTHENTICATION_FAILURE,1,RETURNING,7,0,CUSTOMER_PROMPT,SUCCESS,21745.3
TXN10853,CUST1143,39085.25,FAILED,TEMPORARY_BANK_ERROR,4,NEW,1,6,ESCALATE,ESCALATED,0.0
TXN10854,CUST1154,36821.62,FAILED,UNKNOWN,4,NEW,0,13,ESCALATE,ESCALATED,0.0
TXN10855,CUST1234,3784.5,FAILED,INSUFFICIENT_FUNDS,3,RETURNING,9,11,ESCALATE,ESCALATED,0.0
TXN10856,CUST1299,25245.88,FAILED,INSUFFICIENT_FUNDS,2,RETURNING,7,11,PAYMENT_LINK,FAILED,0.0
TXN10857,CUST1228,2760.36,FAILED,CARD_EXPIRED,3,LOYAL,29,14,ESCALATE,ESCALATED,0.0
TXN10858,CUST1204,1829.53,FAILED,NETWORK_ERROR,3,RETURNING,3,1,ESCALATE,ESCALATED,0.0
TXN10859,CUST1295,29760.47,FAILED,INSUFFICIENT_FUNDS,1,LOYAL,16,6,PAYMENT_LINK,FAILED,0.0
TXN10860,CUST1233,32839.66,FAILED,CARD_EXPIRED,3,NEW,0,9,ESCALATE,ESCALATED,0.0
TXN10861,CUST1134,7017.44,FAILED,INSUFFICIENT_FUNDS,3,RETURNING,5,1,ESCALATE,ESCALATED,0.0
TXN10862,CUST1016,9135.7,FAILED,NETWORK_ERROR,4,NEW,1,5,ESCALATE,ESCALATED,0.0
TXN10863,CUST1246,29766.3,FAILED,UNKNOWN,1,NEW,2,13,REMINDER,SUCCESS,29766.3
TXN10864,CUST1096,29320.47,FAILED,INSUFFICIENT_FUNDS,1,RETURNING,2,3,PAYMENT_LINK,SUCCESS,29320.47
TXN10865,CUST1234,597.07,FAILED,NETWORK_ERROR,3,LOYAL,23,11,ESCALATE,ESCALATED,0.0
TXN10866,CUST1243,27288.53,FAILED,NETWORK_ERROR,3,NEW,0,12,ESCALATE,ESCALATED,0.0
TXN10867,CUST1244,5489.52,FAILED,INSUFFICIENT_FUNDS,3,NEW,2,0,ESCALATE,ESCALATED,0.0
TXN10868,CUST1126,1589.54,FAILED,INSUFFICIENT_FUNDS,2,RETURNING,5,0,PAYMENT_LINK,SUCCESS,1589.54
TXN10869,CUST1235,45553.7,FAILED,UNKNOWN,1,RETURNING,7,0,REMINDER,FAILED,0.0
TXN10870,CUST1037,41590.47,FAILED,TEMPORARY_BANK_ERROR,2,RETURNING,5,14,RETRY,FAILED,0.0
TXN10871,CUST1127,36773.93,FAILED,NETWORK_ERROR,4,NEW,1,12,ESCALATE,ESCALATED,0.0
TXN10872,CUST1157,2247.73,FAILED,CARD_EXPIRED,3,RETURNING,4,13,ESCALATE,ESCALATED,0.0
TXN10873,CUST1196,233.07,FAILED,TEMPORARY_BANK_ERROR,1,LOYAL,28,14,RETRY,FAILED,0.0
TXN10874,CUST1040,7505.66,FAILED,INSUFFICIENT_FUNDS,2,RETURNING,6,7,PAYMENT_LINK,FAILED,0.0
TXN10875,CUST1211,9305.48,FAILED,AUTHENTICATION_FAILURE,3,NEW,1,3,ESCALATE,ESCALATED,0.0
TXN10876,CUST1129,1522.79,FAILED,NETWORK_ERROR,1,LOYAL,27,1,RETRY,SUCCESS,1522.79
TXN10877,CUST1137,35467.72,FAILED,NETWORK_ERROR,2,RETURNING,9,5,RETRY,FAILED,0.0
TXN10878,CUST1124,3649.37,FAILED,NETWORK_ERROR,2,RETURNING,5,4,RETRY,SUCCESS,3649.37
TXN10879,CUST1081,8447.97,FAILED,TEMPORARY_BANK_ERROR,3,RETURNING,2,4,ESCALATE,ESCALATED,0.0
TXN10880,CUST1228,31339.14,FAILED,CARD_EXPIRED,3,LOYAL,25,11,ESCALATE,ESCALATED,0.0
TXN10881,CUST1091,44807.87,FAILED,TEMPORARY_BANK_ERROR,4,RETURNING,4,14,ESCALATE,ESCALATED,0.0
TXN10882,CUST1250,914.74,FAILED,NETWORK_ERROR,4,RETURNING,8,3,ESCALATE,ESCALATED,0.0
TXN10883,CUST1281,10393.87,FAILED,TEMPORARY_BANK_ERROR,3,RETURNING,2,1,ESCALATE,ESCALATED,0.0
TXN10884,CUST1016,4649.34,FAILED,AUTHENTICATION_FAILURE,2,RETURNING,8,12,CUSTOMER_PROMPT,FAILED,0.0
TXN10885,CUST1207,45718.58,FAILED,TEMPORARY_BANK_ERROR,4,LOYAL,13,5,ESCALATE,ESCALATED,0.0
TXN10886,CUST1234,613.62,FAILED,TEMPORARY_BANK_ERROR,2,LOYAL,17,14,RETRY,FAILED,0.0
TXN10887,CUST1244,25446.24,FAILED,UNKNOWN,1,LOYAL,14,9,REMINDER,SUCCESS,25446.24
TXN10888,CUST1111,3003.41,FAILED,INSUFFICIENT_FUNDS,2,RETURNING,7,6,PAYMENT_LINK,SUCCESS,3003.41
TXN10889,CUST1060,720.98,FAILED,TEMPORARY_BANK_ERROR,1,NEW,2,10,RETRY,FAILED,0.0
TXN10890,CUST1252,6160.94,FAILED,NETWORK_ERROR,2,LOYAL,12,4,RETRY,SUCCESS,6160.94
TXN10891,CUST1190,6311.31,FAILED,NETWORK_ERROR,2,RETURNING,6,13,RETRY,FAILED,0.0
TXN10892,CUST1098,24636.78,FAILED,TEMPORARY_BANK_ERROR,3,RETURNING,6,7,ESCALATE,ESCALATED,0.0
TXN10893,CUST1221,26091.79,FAILED,AUTHENTICATION_FAILURE,1,LOYAL,9,8,CUSTOMER_PROMPT,FAILED,0.0
TXN10894,CUST1118,37421.54,FAILED,CARD_EXPIRED,2,LOYAL,8,9,CUSTOMER_PROMPT,FAILED,0.0
TXN10895,CUST1092,19440.32,FAILED,CARD_EXPIRED,4,NEW,0,8,ESCALATE,RECOVERED,19440.32
TXN10896,CUST1272,15970.72,FAILED,AUTHENTICATION_FAILURE,2,NEW,0,14,CUSTOMER_PROMPT,FAILED,0.0
TXN10897,CUST1034,2961.89,FAILED,AUTHENTICATION_FAILURE,4,RETURNING,9,7,ESCALATE,ESCALATED,0.0
TXN10898,CUST1127,2887.25,FAILED,UNKNOWN,1,RETURNING,9,1,REMINDER,FAILED,0.0
TXN10899,CUST1297,512.22,FAILED,AUTHENTICATION_FAILURE,2,RETURNING,3,14,CUSTOMER_PROMPT,FAILED,0.0
TXN10900,CUST1085,1870.71,FAILED,TEMPORARY_BANK_ERROR,1,LOYAL,8,9,RETRY,FAILED,0.0
TXN10901,CUST1068,22531.04,FAILED,TEMPORARY_BANK_ERROR,4,RETURNING,6,4,ESCALATE,ESCALATED,0.0
TXN10902,CUST1292,2393.17,FAILED,NETWORK_ERROR,2,RETURNING,9,5,RETRY,FAILED,0.0
TXN10903,CUST1272,25630.12,FAILED,TEMPORARY_BANK_ERROR,4,LOYAL,25,0,ESCALATE,ESCALATED,0.0
TXN10904,CUST1073,6909.05,FAILED,UNKNOWN,3,NEW,1,11,ESCALATE,ESCALATED,0.0
TXN10905,CUST1175,34459.79,FAILED,TEMPORARY_BANK_ERROR,3,NEW,1,12,ESCALATE,ESCALATED,0.0
TXN10906,CUST1113,493.38,FAILED,TEMPORARY_BANK_ERROR,3,NEW,0,2,ESCALATE,ESCALATED,0.0
TXN10907,CUST1087,3020.42,FAILED,INSUFFICIENT_FUNDS,4,NEW,2,1,ESCALATE,ESCALATED,0.0
TXN10908,CUST1136,43657.59,FAILED,TEMPORARY_BANK_ERROR,1,LOYAL,29,12,RETRY,FAILED,0.0
TXN10909,CUST1169,1123.67,FAILED,UNKNOWN,4,NEW,1,14,ESCALATE,ESCALATED,0.0
TXN10910,CUST1062,44410.13,FAILED,INSUFFICIENT_FUNDS,1,RETURNING,8,10,PAYMENT_LINK,SUCCESS,44410.13
TXN10911,CUST1039,1089.97,FAILED,TEMPORARY_BANK_ERROR,1,RETURNING,7,7,RETRY,FAILED,0.0
TXN10912,CUST1016,7954.2,FAILED,NETWORK_ERROR,3,NEW,1,3,ESCALATE,ESCALATED,0.0
TXN10913,CUST1133,1031.71,FAILED,TEMPORARY_BANK_ERROR,1,NEW,2,14,RETRY,SUCCESS,1031.71
TXN10914,CUST1234,5742.41,FAILED,CARD_EXPIRED,4,LOYAL,27,0,ESCALATE,ESCALATED,0.0
TXN10915,CUST1165,1804.88,FAILED,TEMPORARY_BANK_ERROR,2,LOYAL,23,4,RETRY,SUCCESS,1804.88
TXN10916,CUST1157,27953.27,FAILED,INSUFFICIENT_FUNDS,3,NEW,2,1,ESCALATE,ESCALATED,0.0
TXN10917,CUST1176,30009.26,FAILED,INSUFFICIENT_FUNDS,4,RETURNING,3,2,ESCALATE,ESCALATED,0.0
TXN10918,CUST1082,663.29,FAILED,UNKNOWN,1,RETURNING,4,5,REMINDER,FAILED,0.0
TXN10919,CUST1169,8304.49,FAILED,CARD_EXPIRED,3,RETURNING,6,4,ESCALATE,ESCALATED,0.0
TXN10920,CUST1186,1728.98,FAILED,INSUFFICIENT_FUNDS,2,NEW,2,6,PAYMENT_LINK,SUCCESS,1728.98
TXN10921,CUST1207,24010.89,FAILED,TEMPORARY_BANK_ERROR,4,RETURNING,3,7,ESCALATE,ESCALATED,0.0
TXN10922,CUST1076,5025.81,FAILED,NETWORK_ERROR,4,NEW,2,2,ESCALATE,ESCALATED,0.0
TXN10923,CUST1227,17963.29,FAILED,CARD_EXPIRED,4,NEW,0,11,ESCALATE,ESCALATED,0.0
TXN10924,CUST1224,7125.04,FAILED,NETWORK_ERROR,1,RETURNING,6,9,RETRY,SUCCESS,7125.04
TXN10925,CUST1055,8868.52,FAILED,NETWORK_ERROR,3,RETURNING,9,6,ESCALATE,ESCALATED,0.0
TXN10926,CUST1230,1529.1,FAILED,INSUFFICIENT_FUNDS,3,LOYAL,15,13,ESCALATE,ESCALATED,0.0
TXN10927,CUST1092,48562.17,FAILED,TEMPORARY_BANK_ERROR,4,NEW,1,12,ESCALATE,ESCALATED,0.0
TXN10928,CUST1163,41278.1,FAILED,AUTHENTICATION_FAILURE,4,LOYAL,29,8,ESCALATE,ESCALATED,0.0
TXN10929,CUST1244,1496.06,FAILED,TEMPORARY_BANK_ERROR,4,NEW,1,12,ESCALATE,ESCALATED,0.0
TXN10930,CUST1245,1888.44,FAILED,INSUFFICIENT_FUNDS,4,NEW,0,2,ESCALATE,ESCALATED,0.0
TXN10931,CUST1169,475.06,FAILED,INSUFFICIENT_FUNDS,1,RETURNING,9,2,PAYMENT_LINK,FAILED,0.0
TXN10932,CUST1118,286.11,FAILED,INSUFFICIENT_FUNDS,1,LOYAL,27,2,PAYMENT_LINK,SUCCESS,286.11
TXN10933,CUST1244,481.17,FAILED,NETWORK_ERROR,4,RETURNING,6,8,ESCALATE,ESCALATED,0.0
TXN10934,CUST1196,5252.44,FAILED,INSUFFICIENT_FUNDS,1,RETURNING,6,3,PAYMENT_LINK,FAILED,0.0
TXN10935,CUST1142,8873.8,FAILED,INSUFFICIENT_FUNDS,4,LOYAL,22,12,ESCALATE,ESCALATED,0.0
TXN10936,CUST1092,12635.76,FAILED,AUTHENTICATION_FAILURE,2,RETURNING,5,14,CUSTOMER_PROMPT,FAILED,0.0
TXN10937,CUST1132,1394.47,FAILED,INSUFFICIENT_FUNDS,1,LOYAL,18,9,PAYMENT_LINK,SUCCESS,1394.47
TXN10938,CUST1298,4195.03,FAILED,INSUFFICIENT_FUNDS,3,NEW,2,1,ESCALATE,ESCALATED,0.0
TXN10939,CUST1062,7273.97,FAILED,CARD_EXPIRED,4,NEW,2,14,ESCALATE,ESCALATED,0.0
TXN10940,CUST1044,41901.7,FAILED,TEMPORARY_BANK_ERROR,2,RETURNING,4,3,RETRY,FAILED,0.0
TXN10941,CUST1278,1531.56,FAILED,NETWORK_ERROR,2,RETURNING,2,4,RETRY,FAILED,0.0
TXN10942,CUST1086,9034.3,FAILED,AUTHENTICATION_FAILURE,2,RETURNING,2,3,CUSTOMER_PROMPT,FAILED,0.0
TXN10943,CUST1252,9944.32,FAILED,UNKNOWN,3,RETURNING,7,12,ESCALATE,RECOVERED,9944.32
TXN10944,CUST1230,30101.9,FAILED,AUTHENTICATION_FAILURE,1,RETURNING,5,8,CUSTOMER_PROMPT,FAILED,0.0
TXN10945,CUST1142,973.89,FAILED,INSUFFICIENT_FUNDS,3,NEW,0,2,ESCALATE,ESCALATED,0.0
TXN10946,CUST1198,1795.79,FAILED,AUTHENTICATION_FAILURE,2,RETURNING,2,7,CUSTOMER_PROMPT,FAILED,0.0
TXN10947,CUST1143,36047.08,FAILED,AUTHENTICATION_FAILURE,2,LOYAL,19,8,CUSTOMER_PROMPT,FAILED,0.0
TXN10948,CUST1270,48951.22,FAILED,AUTHENTICATION_FAILURE,2,NEW,2,2,CUSTOMER_PROMPT,FAILED,0.0
TXN10949,CUST1073,2203.76,FAILED,TEMPORARY_BANK_ERROR,3,NEW,2,6,ESCALATE,ESCALATED,0.0
TXN10950,CUST1027,25953.66,FAILED,UNKNOWN,4,NEW,0,14,ESCALATE,ESCALATED,0.0
TXN10951,CUST1073,22377.3,FAILED,NETWORK_ERROR,4,NEW,1,1,ESCALATE,RECOVERED,22377.3
TXN10952,CUST1213,12526.42,FAILED,CARD_EXPIRED,4,RETURNING,2,5,ESCALATE,ESCALATED,0.0
TXN10953,CUST1116,9246.88,FAILED,CARD_EXPIRED,4,NEW,0,1,ESCALATE,ESCALATED,0.0
TXN10954,CUST1286,1535.9,FAILED,AUTHENTICATION_FAILURE,1,RETURNING,9,7,CUSTOMER_PROMPT,FAILED,0.0
TXN10955,CUST1090,43287.65,FAILED,TEMPORARY_BANK_ERROR,2,RETURNING,5,11,RETRY,SUCCESS,43287.65
TXN10956,CUST1290,1537.0,FAILED,TEMPORARY_BANK_ERROR,4,LOYAL,9,12,ESCALATE,ESCALATED,0.0
TXN10957,CUST1174,12157.3,FAILED,TEMPORARY_BANK_ERROR,3,NEW,0,4,ESCALATE,ESCALATED,0.0
TXN10958,CUST1190,1473.19,FAILED,INSUFFICIENT_FUNDS,3,NEW,2,3,ESCALATE,ESCALATED,0.0
TXN10959,CUST1076,576.81,FAILED,TEMPORARY_BANK_ERROR,2,LOYAL,27,4,RETRY,FAILED,0.0
TXN10960,CUST1143,46304.66,FAILED,TEMPORARY_BANK_ERROR,4,RETURNING,7,6,ESCALATE,ESCALATED,0.0
TXN10961,CUST1278,40914.96,FAILED,TEMPORARY_BANK_ERROR,1,NEW,1,2,RETRY,SUCCESS,40914.96
TXN10962,CUST1119,7857.17,FAILED,AUTHENTICATION_FAILURE,2,LOYAL,24,3,CUSTOMER_PROMPT,SUCCESS,7857.17
TXN10963,CUST1109,445.54,FAILED,INSUFFICIENT_FUNDS,4,RETURNING,5,6,ESCALATE,ESCALATED,0.0
TXN10964,CUST1171,1554.07,FAILED,AUTHENTICATION_FAILURE,3,NEW,0,10,ESCALATE,ESCALATED,0.0
TXN10965,CUST1215,33447.29,FAILED,TEMPORARY_BANK_ERROR,4,RETURNING,4,5,ESCALATE,ESCALATED,0.0
TXN10966,CUST1183,22073.39,FAILED,INSUFFICIENT_FUNDS,1,RETURNING,6,4,PAYMENT_LINK,SUCCESS,22073.39
TXN10967,CUST1115,47742.61,FAILED,AUTHENTICATION_FAILURE,2,RETURNING,6,4,CUSTOMER_PROMPT,SUCCESS,47742.61
TXN10968,CUST1031,6478.04,FAILED,TEMPORARY_BANK_ERROR,2,NEW,1,1,RETRY,FAILED,0.0
TXN10969,CUST1219,28811.85,FAILED,TEMPORARY_BANK_ERROR,3,NEW,1,4,ESCALATE,ESCALATED,0.0
TXN10970,CUST1002,5633.37,FAILED,CARD_EXPIRED,3,LOYAL,29,13,ESCALATE,ESCALATED,0.0
TXN10971,CUST1202,35495.7,FAILED,TEMPORARY_BANK_ERROR,3,NEW,2,10,ESCALATE,ESCALATED,0.0
TXN10972,CUST1015,369.79,FAILED,INSUFFICIENT_FUNDS,1,LOYAL,20,0,PAYMENT_LINK,SUCCESS,369.79
TXN10973,CUST1055,840.18,FAILED,TEMPORARY_BANK_ERROR,2,RETURNING,9,1,RETRY,SUCCESS,840.18
TXN10974,CUST1140,1087.92,FAILED,TEMPORARY_BANK_ERROR,3,NEW,0,11,ESCALATE,ESCALATED,0.0
TXN10975,CUST1269,24542.33,FAILED,TEMPORARY_BANK_ERROR,2,LOYAL,15,9,RETRY,SUCCESS,24542.33
TXN10976,CUST1088,1648.03,FAILED,AUTHENTICATION_FAILURE,1,RETURNING,9,2,CUSTOMER_PROMPT,SUCCESS,1648.03
TXN10977,CUST1140,6921.1,FAILED,AUTHENTICATION_FAILURE,2,RETURNING,3,8,CUSTOMER_PROMPT,SUCCESS,6921.1
TXN10978,CUST1235,3370.43,FAILED,TEMPORARY_BANK_ERROR,4,RETURNING,9,7,ESCALATE,ESCALATED,0.0
TXN10979,CUST1027,5120.14,FAILED,CARD_EXPIRED,2,LOYAL,20,4,CUSTOMER_PROMPT,FAILED,0.0
TXN10980,CUST1085,25942.64,FAILED,NETWORK_ERROR,1,NEW,2,3,RETRY,SUCCESS,25942.64
TXN10981,CUST1112,44126.92,FAILED,NETWORK_ERROR,1,RETURNING,2,8,RETRY,FAILED,0.0
TXN10982,CUST1019,32853.58,FAILED,AUTHENTICATION_FAILURE,1,RETURNING,5,5,CUSTOMER_PROMPT,SUCCESS,32853.58
TXN10983,CUST1073,501.82,FAILED,INSUFFICIENT_FUNDS,1,RETURNING,5,8,PAYMENT_LINK,FAILED,0.0
TXN10984,CUST1063,2091.11,FAILED,AUTHENTICATION_FAILURE,3,LOYAL,25,0,ESCALATE,ESCALATED,0.0
TXN10985,CUST1078,811.69,FAILED,INSUFFICIENT_FUNDS,4,NEW,0,9,ESCALATE,ESCALATED,0.0
TXN10986,CUST1160,7516.92,FAILED,INSUFFICIENT_FUNDS,1,RETURNING,2,10,PAYMENT_LINK,SUCCESS,7516.92
TXN10987,CUST1109,714.99,FAILED,TEMPORARY_BANK_ERROR,3,LOYAL,21,5,ESCALATE,ESCALATED,0.0
TXN10988,CUST1165,41791.91,FAILED,AUTHENTICATION_FAILURE,1,RETURNING,4,1,CUSTOMER_PROMPT,FAILED,0.0
TXN10989,CUST1245,3000.5,FAILED,CARD_EXPIRED,4,NEW,2,9,ESCALATE,ESCALATED,0.0
TXN10990,CUST1025,7885.01,FAILED,INSUFFICIENT_FUNDS,4,RETURNING,7,11,ESCALATE,ESCALATED,0.0
TXN10991,CUST1080,5458.42,FAILED,TEMPORARY_BANK_ERROR,2,RETURNING,4,7,RETRY,FAILED,0.0
TXN10992,CUST1015,9532.12,FAILED,UNKNOWN,4,NEW,2,14,ESCALATE,ESCALATED,0.0
TXN10993,CUST1151,21044.75,FAILED,CARD_EXPIRED,3,RETURNING,8,12,ESCALATE,ESCALATED,0.0
TXN10994,CUST1192,40531.41,FAILED,INSUFFICIENT_FUNDS,4,LOYAL,20,12,ESCALATE,ESCALATED,0.0
TXN10995,CUST1151,7868.24,FAILED,AUTHENTICATION_FAILURE,4,LOYAL,26,11,ESCALATE,ESCALATED,0.0
TXN10996,CUST1098,1771.88,FAILED,AUTHENTICATION_FAILURE,2,NEW,2,7,CUSTOMER_PROMPT,FAILED,0.0
TXN10997,CUST1092,423.53,FAILED,TEMPORARY_BANK_ERROR,1,RETURNING,7,11,RETRY,FAILED,0.0
TXN10998,CUST1257,11672.86,FAILED,INSUFFICIENT_FUNDS,3,RETURNING,7,7,ESCALATE,ESCALATED,0.0
TXN10999,CUST1208,914.91,FAILED,INSUFFICIENT_FUNDS,3,LOYAL,18,9,ESCALATE,ESCALATED,0.0
